Title,URI,Web URL,Stream URL,Roadway,Route,Latitude,Longitude
I-694: I-94 WB E Jct I-494,camera/510927/1476278652,https://public.carsprogram.org/cameras/MN/C861,https://video.dot.state.mn.us/public/C861.stream/playlist.m3u8,I-694: I-94 WB E Jct I-494,I-694,45.9896587,-94.6113288
I-694: I-694 NB @ 10th St,camera/510322/225285580,https://public.carsprogram.org/cameras/MN/C725,https://video.dot.state.mn.us/public/C725.stream/playlist.m3u8,I-694: I-694 NB @ 10th St,I-694,,
I-694: I-694 NB @ 15th St N,camera/510909/4180484135,https://public.carsprogram.org/cameras/MN/C724,https://video.dot.state.mn.us/public/C724.stream/playlist.m3u8,I-694: I-694 NB @ 15th St N,I-694,,
I-694: I-694 SB @ Stillwater Blvd,camera/511421/842377484,https://public.carsprogram.org/cameras/MN/C723,https://video.dot.state.mn.us/public/C723.stream/playlist.m3u8,I-694: I-694 SB @ Stillwater Blvd,I-694,,
I-694: Co Rd 14 EB @ I-694,camera/510963/730140674,https://public.carsprogram.org/cameras/MN/C30485,https://video.dot.state.mn.us/public/C30485.stream/playlist.m3u8,I-694: Co Rd 14 EB @ I-694,I-694,45.9896587,-94.6113288
I-694: I-694 NB @ Co Rd 14 (34th St),camera/510722/4173015636,https://public.carsprogram.org/cameras/MN/C722,https://video.dot.state.mn.us/public/C722.stream/playlist.m3u8,I-694: I-694 NB @ Co Rd 14 (34th St),I-694,,
I-694: Co Rd 14 WB @ I-694,camera/510356/3841966160,https://public.carsprogram.org/cameras/MN/C30484,https://video.dot.state.mn.us/public/C30484.stream/playlist.m3u8,I-694: Co Rd 14 WB @ I-694,I-694,45.9896587,-94.6113288
I-694: I-694 NB @ 40th St,camera/511417/3011190377,https://public.carsprogram.org/cameras/MN/C721,https://video.dot.state.mn.us/public/C721.stream/playlist.m3u8,I-694: I-694 NB @ 40th St,I-694,,
I-694: I-694 NB @ 50th St,camera/511609/2967561032,https://public.carsprogram.org/cameras/MN/C720,https://video.dot.state.mn.us/public/C720.stream/playlist.m3u8,I-694: I-694 NB @ 50th St,I-694,,
I-694: I-694 WB @ T.H.36 WB,camera/511226/596487779,https://public.carsprogram.org/cameras/MN/C719,https://video.dot.state.mn.us/public/C719.stream/playlist.m3u8,I-694: I-694 WB @ T.H.36 WB,I-694,45.9896587,-94.6113288
I-694: I-694 WB @ McKnight Rd,camera/511358/911009024,https://public.carsprogram.org/cameras/MN/C717,https://video.dot.state.mn.us/public/C717.stream/playlist.m3u8,I-694: I-694 WB @ McKnight Rd,I-694,,
I-694: I-694 WB @ White Bear Ave,camera/511026/1101021678,https://public.carsprogram.org/cameras/MN/C716,https://video.dot.state.mn.us/public/C716.stream/playlist.m3u8,I-694: I-694 WB @ White Bear Ave,I-694,,
I-694: I-694 EB @ T.H.61,camera/511015/2938507910,https://public.carsprogram.org/cameras/MN/C715,https://video.dot.state.mn.us/public/C715.stream/playlist.m3u8,I-694: I-694 EB @ T.H.61,I-694,45.9896587,-94.6113288
I-694: I-694 EB E of Rice St,camera/510319/493514155,https://public.carsprogram.org/cameras/MN/C30602,https://video.dot.state.mn.us/public/C30602.stream/playlist.m3u8,I-694: I-694 EB E of Rice St,I-694,,
I-694: I-694 EB @ Rice St,camera/511378/1817774823,https://public.carsprogram.org/cameras/MN/C711,https://video.dot.state.mn.us/public/C711.stream/playlist.m3u8,I-694: I-694 EB @ Rice St,I-694,,
I-694: I-694 WB W of Rice St,camera/508722/1044676459,https://public.carsprogram.org/cameras/MN/C710,https://video.dot.state.mn.us/public/C710.stream/playlist.m3u8,I-694: I-694 WB W of Rice St,I-694,,
I-694: I-694 EB @ Victoria St,camera/510309/3895913767,https://public.carsprogram.org/cameras/MN/C709,https://video.dot.state.mn.us/public/C709.stream/playlist.m3u8,I-694: I-694 EB @ Victoria St,I-694,,
I-694: I-694 EB @ Lexington Ave,camera/510548/3046436939,https://public.carsprogram.org/cameras/MN/C708,https://video.dot.state.mn.us/public/C708.stream/playlist.m3u8,I-694: I-694 EB @ Lexington Ave,I-694,,
I-694: I-694 WB @ Lexington Ave,camera/508732/2182584537,https://public.carsprogram.org/cameras/MN/C30517,https://video.dot.state.mn.us/public/C30517.stream/playlist.m3u8,I-694: I-694 WB @ Lexington Ave,I-694,,
I-694: I-694 WB @ Snelling Ave,camera/510791/1193588869,https://public.carsprogram.org/cameras/MN/C7071,https://video.dot.state.mn.us/public/C7071.stream/playlist.m3u8,I-694: I-694 WB @ Snelling Ave,I-694,,
I-694: I-694 WB @ T.H.10,camera/508675/900393586,https://public.carsprogram.org/cameras/MN/C707,https://video.dot.state.mn.us/public/C707.stream/playlist.m3u8,I-694: I-694 WB @ T.H.10,I-694,45.9896587,-94.6113288
I-694: I-694 EB @ I-35W NB,camera/510841/2237653540,https://public.carsprogram.org/cameras/MN/C706,https://video.dot.state.mn.us/public/C706.stream/playlist.m3u8,I-694: I-694 EB @ I-35W NB,I-694,45.9896587,-94.6113288
I-694: I-694 WB @ 5th Ave,camera/510447/1199712148,https://public.carsprogram.org/cameras/MN/C705,https://video.dot.state.mn.us/public/C705.stream/playlist.m3u8,I-694: I-694 WB @ 5th Ave,I-694,45.9896587,-94.6113288
I-694: I-694 EB @ Silver Lake Rd NB,camera/511241/1226764403,https://public.carsprogram.org/cameras/MN/C30239,https://video.dot.state.mn.us/public/C30239.stream/playlist.m3u8,I-694: I-694 EB @ Silver Lake Rd NB,I-694,,
I-694: I-694 WB @ Silver Lake Rd NB,camera/508816/2961512673,https://public.carsprogram.org/cameras/MN/C30240,https://video.dot.state.mn.us/public/C30240.stream/playlist.m3u8,I-694: I-694 WB @ Silver Lake Rd NB,I-694,,
I-694: I-694 EB @ Silver Lake Rd,camera/508621/2907899263,https://public.carsprogram.org/cameras/MN/C704,https://video.dot.state.mn.us/public/C704.stream/playlist.m3u8,I-694: I-694 EB @ Silver Lake Rd,I-694,,
I-694: I-694 WB @ Matterhorn Dr,camera/510908/1520966489,https://public.carsprogram.org/cameras/MN/C30565,https://video.dot.state.mn.us/public/C30565.stream/playlist.m3u8,I-694: I-694 WB @ Matterhorn Dr,I-694,,
I-694: I-694 EB @ T.H.65,camera/511390/97185666,https://public.carsprogram.org/cameras/MN/C703,https://video.dot.state.mn.us/public/C703.stream/playlist.m3u8,I-694: I-694 EB @ T.H.65,I-694,45.9896587,-94.6113288
I-694: I-694 EB @ Main St (W of Hwy 47),camera/511229/94500619,https://public.carsprogram.org/cameras/MN/C702,https://video.dot.state.mn.us/public/C702.stream/playlist.m3u8,I-694: I-694 EB @ Main St (W of Hwy 47),I-694,,
I-694: I-694 WB @ East River Rd NB,camera/508842/258172332,https://public.carsprogram.org/cameras/MN/C30081,https://video.dot.state.mn.us/public/C30081.stream/playlist.m3u8,I-694: I-694 WB @ East River Rd NB,I-694,,
I-694: I-694 WB W of T.H.252,camera/511456/1688746616,https://public.carsprogram.org/cameras/MN/C701,https://video.dot.state.mn.us/public/C701.stream/playlist.m3u8,I-694: I-694 WB W of T.H.252,I-694,45.9896587,-94.6113288
I-535: I-535 SB @ Garfield Ave,camera/510420/3311465543,https://public.carsprogram.org/cameras/MN/C535-146,https://video.dot.state.mn.us/public/C535-146.stream/playlist.m3u8,I-535: I-535 SB @ Garfield Ave,I-535,,
I-535: I-535 NB @ Garfield Ave,camera/510845/1964481754,https://public.carsprogram.org/cameras/MN/C535-145,https://video.dot.state.mn.us/public/C535-145.stream/playlist.m3u8,I-535: I-535 NB @ Garfield Ave,I-535,,
I-535: I-535 NB (Blatnik Bridge),camera/510774/4007071287,,,I-535: I-535 NB (Blatnik Bridge),I-535,,
I-494: I-494 EB @ T.H.13,camera/511448/50038177,https://public.carsprogram.org/cameras/MN/C30481,https://video.dot.state.mn.us/public/C30481.stream/playlist.m3u8,I-494: I-494 EB @ T.H.13,I-494,45.9896587,-94.6113288
I-494: I-494 EB @ Pilot Knob Rd,camera/511177/2068569775,https://public.carsprogram.org/cameras/MN/C414,https://video.dot.state.mn.us/public/C414.stream/playlist.m3u8,I-494: I-494 EB @ Pilot Knob Rd,I-494,,
I-494: I-35E SB @ I-494 WB,camera/511593/1494255451,https://public.carsprogram.org/cameras/MN/C021,https://video.dot.state.mn.us/public/C021.stream/playlist.m3u8,I-494: I-35E SB @ I-494 WB,I-494,45.9896587,-94.6113288
I-494: I-494 EB @ Delaware Ave,camera/508838/3911394208,https://public.carsprogram.org/cameras/MN/C411,https://video.dot.state.mn.us/public/C411.stream/playlist.m3u8,I-494: I-494 EB @ Delaware Ave,I-494,,
I-494: I-494 EB @ Pieper Rd,camera/510504/3464650450,https://public.carsprogram.org/cameras/MN/C410,https://video.dot.state.mn.us/public/C410.stream/playlist.m3u8,I-494: I-494 EB @ Pieper Rd,I-494,,
I-494: I-494 EB @ Blaine Ave,camera/511084/3582876576,https://public.carsprogram.org/cameras/MN/C408,https://video.dot.state.mn.us/public/C408.stream/playlist.m3u8,I-494: I-494 EB @ Blaine Ave,I-494,,
I-494: I-494 EB @ 7th Ave,camera/510470/1291956038,https://public.carsprogram.org/cameras/MN/C4071,https://video.dot.state.mn.us/public/C4071.stream/playlist.m3u8,I-494: I-494 EB @ 7th Ave,I-494,45.9896587,-94.6113288
I-494: I-494 EB W of Concord St,camera/508837/2750058590,https://public.carsprogram.org/cameras/MN/C407,https://video.dot.state.mn.us/public/C407.stream/playlist.m3u8,I-494: I-494 EB W of Concord St,I-494,,
I-494: I-494 WB @ Hardman Ave,camera/510734/3011642402,https://public.carsprogram.org/cameras/MN/C406,https://video.dot.state.mn.us/public/C406.stream/playlist.m3u8,I-494: I-494 WB @ Hardman Ave,I-494,,
I-494: I-494 WB @ Maxwell Ave,camera/508931/714087129,https://public.carsprogram.org/cameras/MN/C405,https://video.dot.state.mn.us/public/C405.stream/playlist.m3u8,I-494: I-494 WB @ Maxwell Ave,I-494,,
I-494: I-494 WB @ T.H.61,camera/511546/2074657686,https://public.carsprogram.org/cameras/MN/C404,https://video.dot.state.mn.us/public/C404.stream/playlist.m3u8,I-494: I-494 WB @ T.H.61,I-494,45.9896587,-94.6113288
I-494: I-494 WB @ Bailey Rd,camera/508724/551049921,https://public.carsprogram.org/cameras/MN/C403,https://video.dot.state.mn.us/public/C403.stream/playlist.m3u8,I-494: I-494 WB @ Bailey Rd,I-494,,
I-494: I-494 WB @ Carver Ave,camera/510926/3117605390,https://public.carsprogram.org/cameras/MN/C402,https://video.dot.state.mn.us/public/C402.stream/playlist.m3u8,I-494: I-494 WB @ Carver Ave,I-494,,
I-494: I-494 WB @ Lake Rd,camera/510405/2725798072,https://public.carsprogram.org/cameras/MN/C401,https://video.dot.state.mn.us/public/C401.stream/playlist.m3u8,I-494: I-494 WB @ Lake Rd,I-494,,
I-494: I-494 EB @ Valley Creek Rd,camera/508733/2193170104,https://public.carsprogram.org/cameras/MN/C400,https://video.dot.state.mn.us/public/C400.stream/playlist.m3u8,I-494: I-494 EB @ Valley Creek Rd,I-494,,
I-494: I-494 EB @ Tamarack Rd,camera/511316/4240767243,https://public.carsprogram.org/cameras/MN/C399,https://video.dot.state.mn.us/public/C399.stream/playlist.m3u8,I-494: I-494 EB @ Tamarack Rd,I-494,,
I-494: I-494 SB @ Fish Lake Rd,camera/510865/1766019656,https://public.carsprogram.org/cameras/MN/C444,https://video.dot.state.mn.us/public/C444.stream/playlist.m3u8,I-494: I-494 SB @ Fish Lake Rd,I-494,,
I-494: I-494 NB @ Bass Lake Rd,camera/510828/4181937858,https://public.carsprogram.org/cameras/MN/C443,https://video.dot.state.mn.us/public/C443.stream/playlist.m3u8,I-494: I-494 NB @ Bass Lake Rd,I-494,,
I-494: I-494 SB S of Bass Lake Rd,camera/510410/682779141,https://public.carsprogram.org/cameras/MN/C442,https://video.dot.state.mn.us/public/C442.stream/playlist.m3u8,I-494: I-494 SB S of Bass Lake Rd,I-494,,
I-494: I-494 NB N of 49th Ave,camera/511131/225715056,https://public.carsprogram.org/cameras/MN/C441,https://video.dot.state.mn.us/public/C441.stream/playlist.m3u8,I-494: I-494 NB N of 49th Ave,I-494,,
I-494: I-494 SB @ 49th Ave,camera/511395/1701128298,https://public.carsprogram.org/cameras/MN/C440,https://video.dot.state.mn.us/public/C440.stream/playlist.m3u8,I-494: I-494 SB @ 49th Ave,I-494,,
I-494: I-494 SB @ Rockford Rd WB,camera/510392/1455211776,https://public.carsprogram.org/cameras/MN/C30103,https://video.dot.state.mn.us/public/C30103.stream/playlist.m3u8,I-494: I-494 SB @ Rockford Rd WB,I-494,,
I-494: I-494 NB @ Rockford Rd,camera/510353/80759144,https://public.carsprogram.org/cameras/MN/C439,https://video.dot.state.mn.us/public/C439.stream/playlist.m3u8,I-494: I-494 NB @ Rockford Rd,I-494,,
I-494: I-494 SB @ T.H.55 WB,camera/509752/346260832,https://public.carsprogram.org/cameras/MN/C438,https://video.dot.state.mn.us/public/C438.stream/playlist.m3u8,I-494: I-494 SB @ T.H.55 WB,I-494,45.9896587,-94.6113288
I-494: I-494 NB @ Co Rd 6,camera/510388/4205484856,https://public.carsprogram.org/cameras/MN/C437,https://video.dot.state.mn.us/public/C437.stream/playlist.m3u8,I-494: I-494 NB @ Co Rd 6,I-494,45.9896587,-94.6113288
I-494: I-494 SB @ Carlson Pkwy,camera/510506/1404156274,https://public.carsprogram.org/cameras/MN/C436,https://video.dot.state.mn.us/public/C436.stream/playlist.m3u8,I-494: I-494 SB @ Carlson Pkwy,I-494,,
I-494: I-494 SB @ Stone Rd,camera/511307/4079958012,https://public.carsprogram.org/cameras/MN/C435,https://video.dot.state.mn.us/public/C435.stream/playlist.m3u8,I-494: I-494 SB @ Stone Rd,I-494,,
I-494: I-494 NB @ Minnetonka Blvd,camera/510512/2129925782,https://public.carsprogram.org/cameras/MN/C30698,https://video.dot.state.mn.us/public/C30698.stream/playlist.m3u8,I-494: I-494 NB @ Minnetonka Blvd,I-494,,
I-494: I-494 SB S of Minnetonka Blvd,camera/510544/2717136977,https://public.carsprogram.org/cameras/MN/C434,https://video.dot.state.mn.us/public/C434.stream/playlist.m3u8,I-494: I-494 SB S of Minnetonka Blvd,I-494,,
I-494: I-494 SB @ Excelsior Blvd,camera/511043/1783435045,https://public.carsprogram.org/cameras/MN/C432,https://video.dot.state.mn.us/public/C432.stream/playlist.m3u8,I-494: I-494 SB @ Excelsior Blvd,I-494,,
I-494: I-494 SB @ Baker Rd,camera/511288/2045412832,https://public.carsprogram.org/cameras/MN/C431,https://video.dot.state.mn.us/public/C431.stream/playlist.m3u8,I-494: I-494 SB @ Baker Rd,I-494,,
I-494: T.H.62 EB @ I-494,camera/511050/3364951847,https://public.carsprogram.org/cameras/MN/C123,https://video.dot.state.mn.us/public/C123.stream/playlist.m3u8,I-494: T.H.62 EB @ I-494,I-494,45.9896587,-94.6113288
I-494: I-494 SB N of Valley View Rd,camera/511297/3786257534,https://public.carsprogram.org/cameras/MN/C430,https://video.dot.state.mn.us/public/C430.stream/playlist.m3u8,I-494: I-494 SB N of Valley View Rd,I-494,,
I-494: I-494 SB @ Valley View Rd,camera/510858/3905660633,https://public.carsprogram.org/cameras/MN/C429,https://video.dot.state.mn.us/public/C429.stream/playlist.m3u8,I-494: I-494 SB @ Valley View Rd,I-494,,
I-494: I-494 EB @ Flying Cloud Dr,camera/511311/2445084395,https://public.carsprogram.org/cameras/MN/C428,https://video.dot.state.mn.us/public/C428.stream/playlist.m3u8,I-494: I-494 EB @ Flying Cloud Dr,I-494,,
I-494: I-494 WB @ Prairie Center Dr NB,camera/511584/2659878632,https://public.carsprogram.org/cameras/MN/C30211,https://video.dot.state.mn.us/public/C30211.stream/playlist.m3u8,I-494: I-494 WB @ Prairie Center Dr NB,I-494,,
I-494: I-494 WB @ Washington Ave,camera/510398/4226169255,https://public.carsprogram.org/cameras/MN/C4271,https://video.dot.state.mn.us/public/C4271.stream/playlist.m3u8,I-494: I-494 WB @ Washington Ave,I-494,,
I-494: I-494 WB @ W Bush Lake Rd,camera/510606/1359126339,https://public.carsprogram.org/cameras/MN/C426,https://video.dot.state.mn.us/public/C426.stream/playlist.m3u8,I-494: I-494 WB @ W Bush Lake Rd,I-494,,
I-494: I-494 EB @ E Bush Lake Rd,camera/508809/3269404803,https://public.carsprogram.org/cameras/MN/C425,https://video.dot.state.mn.us/public/C425.stream/playlist.m3u8,I-494: I-494 EB @ E Bush Lake Rd,I-494,,
I-494: I-494 WB @ E Bush Lake Rd,camera/511189/1534652177,https://public.carsprogram.org/cameras/MN/C30709,https://video.dot.state.mn.us/public/C30709.stream/playlist.m3u8,I-494: I-494 WB @ E Bush Lake Rd,I-494,,
I-494: I-494 WB @ T.H.100,camera/510350/3855028320,https://public.carsprogram.org/cameras/MN/C424,https://video.dot.state.mn.us/public/C424.stream/playlist.m3u8,I-494: I-494 WB @ T.H.100,I-494,45.9896587,-94.6113288
I-494: I-494 WB E of T.H.100,camera/511627/3371357324,https://public.carsprogram.org/cameras/MN/C30708,https://video.dot.state.mn.us/public/C30708.stream/playlist.m3u8,I-494: I-494 WB E of T.H.100,I-494,45.9896587,-94.6113288
I-494: I-494 EB @ France Ave,camera/508919/549634512,https://public.carsprogram.org/cameras/MN/C423,https://video.dot.state.mn.us/public/C423.stream/playlist.m3u8,I-494: I-494 EB @ France Ave,I-494,,
I-494: I-494 WB @ Xerxes Ave,camera/511200/1705584830,https://public.carsprogram.org/cameras/MN/C30707,https://video.dot.state.mn.us/public/C30707.stream/playlist.m3u8,I-494: I-494 WB @ Xerxes Ave,I-494,,
I-494: I-494 WB @ Penn Ave,camera/511071/3778034570,https://public.carsprogram.org/cameras/MN/C422,https://video.dot.state.mn.us/public/C422.stream/playlist.m3u8,I-494: I-494 WB @ Penn Ave,I-494,,
I-494: I-494 WB E of Penn Ave,camera/510935/3031229478,https://public.carsprogram.org/cameras/MN/C30706,https://video.dot.state.mn.us/public/C30706.stream/playlist.m3u8,I-494: I-494 WB E of Penn Ave,I-494,,
I-494: I-494 EB @ I-35W SB,camera/510509/3070012571,https://public.carsprogram.org/cameras/MN/C421,https://video.dot.state.mn.us/public/C421.stream/playlist.m3u8,I-494: I-494 EB @ I-35W SB,I-494,45.9896587,-94.6113288
I-494: I-35W EB @ I-494 (35W NB @ 494),camera/511132/3813521999,https://public.carsprogram.org/cameras/MN/C9004?1791430860000,,I-494: I-35W EB @ I-494 (35W NB @ 494),I-494,,
I-494: I-494 WB @ Lyndale Ave,camera/511520/1538734920,https://public.carsprogram.org/cameras/MN/C420,https://video.dot.state.mn.us/public/C420.stream/playlist.m3u8,I-494: I-494 WB @ Lyndale Ave,I-494,,
I-494: I-494 EB @ Portland Ave,camera/508895/2405479315,https://public.carsprogram.org/cameras/MN/C419,https://video.dot.state.mn.us/public/C419.stream/playlist.m3u8,I-494: I-494 EB @ Portland Ave,I-494,,
I-494: I-494 EB @ Portland Ave SB (S Intersection),camera/510365/1543481117,https://public.carsprogram.org/cameras/MN/C30648,https://video.dot.state.mn.us/public/C30648.stream/playlist.m3u8,I-494: I-494 EB @ Portland Ave SB (S Intersection),I-494,,
I-494: I-494 WB @ Portland Ave N-S (N Intersection),camera/510411/3105627571,https://public.carsprogram.org/cameras/MN/C30647,https://video.dot.state.mn.us/public/C30647.stream/playlist.m3u8,I-494: I-494 WB @ Portland Ave N-S (N Intersection),I-494,,
I-494: I-494 EB @ 12th Ave,camera/510407/899015186,https://public.carsprogram.org/cameras/MN/C418,https://video.dot.state.mn.us/public/C418.stream/playlist.m3u8,I-494: I-494 EB @ 12th Ave,I-494,,
I-494: I-494 WB @ T.H.77,camera/511111/3961689201,https://public.carsprogram.org/cameras/MN/C417,https://video.dot.state.mn.us/public/C417.stream/playlist.m3u8,I-494: I-494 WB @ T.H.77,I-494,45.9896587,-94.6113288
I-494: I-494 WB @ 24th Ave,camera/508766/722436133,https://public.carsprogram.org/cameras/MN/C30513,https://video.dot.state.mn.us/public/C30513.stream/playlist.m3u8,I-494: I-494 WB @ 24th Ave,I-494,,
I-494: I-494 WB E of 24th Ave,camera/510997/2774576169,https://public.carsprogram.org/cameras/MN/C416,https://video.dot.state.mn.us/public/C416.stream/playlist.m3u8,I-494: I-494 WB E of 24th Ave,I-494,,
I-394: I-394 WB @ 4th St,camera/510496/1986516293,https://public.carsprogram.org/cameras/MN/C30692,https://video.dot.state.mn.us/public/C30692.stream/playlist.m3u8,I-394: I-394 WB @ 4th St,I-394,45.9896587,-94.6113288
I-394: I-394 EB @ 7th St,camera/510874/682502388,https://public.carsprogram.org/cameras/MN/C920,https://video.dot.state.mn.us/public/C920.stream/playlist.m3u8,I-394: I-394 EB @ 7th St,I-394,45.9896587,-94.6113288
I-394: I-394 WB @ Glenwood Ave,camera/508729/1887543947,https://public.carsprogram.org/cameras/MN/C919,https://video.dot.state.mn.us/public/C919.stream/playlist.m3u8,I-394: I-394 WB @ Glenwood Ave,I-394,,
I-394: I-394 EB @ Linden Ave EB,camera/510714/655333097,https://public.carsprogram.org/cameras/MN/C9181,https://video.dot.state.mn.us/public/C9181.stream/playlist.m3u8,I-394: I-394 EB @ Linden Ave EB,I-394,,
I-394: I-94 WB @ I-394 EB,camera/510743/2911577124,https://public.carsprogram.org/cameras/MN/C30714,https://video.dot.state.mn.us/public/C30714.stream/playlist.m3u8,I-394: I-94 WB @ I-394 EB,I-394,45.9896587,-94.6113288
I-394: I-394 WB @ I-94,camera/510818/452571299,https://public.carsprogram.org/cameras/MN/C917,https://video.dot.state.mn.us/public/C917.stream/playlist.m3u8,I-394: I-394 WB @ I-94,I-394,45.9896587,-94.6113288
I-394: I-394 EB @ I-94 SB,camera/510409/3542556896,https://public.carsprogram.org/cameras/MN/C918,https://video.dot.state.mn.us/public/C918.stream/playlist.m3u8,I-394: I-394 EB @ I-94 SB,I-394,45.9896587,-94.6113288
I-394: I-394 WB @ Dunwoody Blvd,camera/510703/3957181411,https://public.carsprogram.org/cameras/MN/C3909?1791430860000,,I-394: I-394 WB @ Dunwoody Blvd,I-394,,
I-394: I-394 @ Dunwoody Blvd,camera/510561/288351766,https://public.carsprogram.org/cameras/MN/C3908?1791430860000,,I-394: I-394 @ Dunwoody Blvd,I-394,,
I-394: I-394 WB @ Dunwoody Blvd,camera/511282/3957181411,https://public.carsprogram.org/cameras/MN/C30597,https://video.dot.state.mn.us/public/C30597.stream/playlist.m3u8,I-394: I-394 WB @ Dunwoody Blvd,I-394,,
I-394: I-394 EB W of Dunwoody Blvd,camera/511181/2935398991,https://public.carsprogram.org/cameras/MN/C916,https://video.dot.state.mn.us/public/C916.stream/playlist.m3u8,I-394: I-394 EB W of Dunwoody Blvd,I-394,,
I-394: I-394 EB W of Wirth Pkwy,camera/510583/4197985379,https://public.carsprogram.org/cameras/MN/C914,https://video.dot.state.mn.us/public/C914.stream/playlist.m3u8,I-394: I-394 EB W of Wirth Pkwy,I-394,,
I-394: I-394 EB @ France Ave,camera/510415/549631383,https://public.carsprogram.org/cameras/MN/C913,https://video.dot.state.mn.us/public/C913.stream/playlist.m3u8,I-394: I-394 EB @ France Ave,I-394,,
I-394: I-394 EB W of T.H.100,camera/511012/2916882059,https://public.carsprogram.org/cameras/MN/C911,https://video.dot.state.mn.us/public/C911.stream/playlist.m3u8,I-394: I-394 EB W of T.H.100,I-394,45.9896587,-94.6113288
I-394: I-394 EB @ Xenia Ave,camera/511549/3488993009,https://public.carsprogram.org/cameras/MN/C910,https://video.dot.state.mn.us/public/C910.stream/playlist.m3u8,I-394: I-394 EB @ Xenia Ave,I-394,,
I-394: I-394 EB @ Hampshire Ave,camera/510355/207906203,https://public.carsprogram.org/cameras/MN/C909,https://video.dot.state.mn.us/public/C909.stream/playlist.m3u8,I-394: I-394 EB @ Hampshire Ave,I-394,,
I-394: I-394 EB @ Louisiana Ave,camera/511462/1795974337,https://public.carsprogram.org/cameras/MN/C9081,https://video.dot.state.mn.us/public/C9081.stream/playlist.m3u8,I-394: I-394 EB @ Louisiana Ave,I-394,,
I-394: I-394 EB @ Winnetka Ave,camera/511596/1395316399,https://public.carsprogram.org/cameras/MN/C908,https://video.dot.state.mn.us/public/C908.stream/playlist.m3u8,I-394: I-394 EB @ Winnetka Ave,I-394,,
I-394: I-394 WB W of Winnetka Ave,camera/511571/3887928771,https://public.carsprogram.org/cameras/MN/C9071,https://video.dot.state.mn.us/public/C9071.stream/playlist.m3u8,I-394: I-394 WB W of Winnetka Ave,I-394,,
I-394: I-394 EB @ General Mills Blvd,camera/511621/3479251077,https://public.carsprogram.org/cameras/MN/C907,https://video.dot.state.mn.us/public/C907.stream/playlist.m3u8,I-394: I-394 EB @ General Mills Blvd,I-394,,
I-394: I-394 WB W of Shelard Pkwy,camera/510501/2976864516,https://public.carsprogram.org/cameras/MN/C9051,https://video.dot.state.mn.us/public/C9051.stream/playlist.m3u8,I-394: I-394 WB W of Shelard Pkwy,I-394,,
I-394: I-394 EB @ Co Rd 73 (Hopkins Xrd),camera/511190/1550738753,https://public.carsprogram.org/cameras/MN/C905,https://video.dot.state.mn.us/public/C905.stream/playlist.m3u8,I-394: I-394 EB @ Co Rd 73 (Hopkins Xrd),I-394,,
I-394HOV: I-394 WB @ Penn Ave,camera/510745/3778027341,https://public.carsprogram.org/cameras/MN/C30091,https://video.dot.state.mn.us/public/C30091.stream/playlist.m3u8,I-394HOV: I-394 WB @ Penn Ave,I-394HOV,,
I-394HOV: I-394 WB @ Theodore Wirth Pkwy,camera/508723/2157165541,https://public.carsprogram.org/cameras/MN/C30696,https://video.dot.state.mn.us/public/C30696.stream/playlist.m3u8,I-394HOV: I-394 WB @ Theodore Wirth Pkwy,I-394HOV,,
I-394: I-394 WB @ Plymouth Rd,camera/510552/2581533394,https://public.carsprogram.org/cameras/MN/C904,https://video.dot.state.mn.us/public/C904.stream/playlist.m3u8,I-394: I-394 WB @ Plymouth Rd,I-394,,
I-394: I-394 EB @ Plymouth Rd,camera/511283/21314368,https://public.carsprogram.org/cameras/MN/C9041,https://video.dot.state.mn.us/public/C9041.stream/playlist.m3u8,I-394: I-394 EB @ Plymouth Rd,I-394,,
I-94: I-94 EB @ Heggen St,camera/510776/3372747882,https://public.carsprogram.org/cameras/MN/C870,https://video.dot.state.mn.us/public/C870.stream/playlist.m3u8,I-94: I-94 EB @ Heggen St,I-94,,
I-94: I-94 WB @ T.H.95 (St Croix Trl),camera/510884/4255525962,https://public.carsprogram.org/cameras/MN/C869,https://video.dot.state.mn.us/public/C869.stream/playlist.m3u8,I-94: I-94 WB @ T.H.95 (St Croix Trl),I-94,,
I-94: I-94 WB W of T.H.95 (St Croix Trl),camera/511038/2840312564,https://public.carsprogram.org/cameras/MN/C30289,https://video.dot.state.mn.us/public/C30289.stream/playlist.m3u8,I-94: I-94 WB W of T.H.95 (St Croix Trl),I-94,,
I-94: I-94 WB @ Co Rd 21 (Stagecoach Trl),camera/510539/3173758889,https://public.carsprogram.org/cameras/MN/C868,https://video.dot.state.mn.us/public/C868.stream/playlist.m3u8,I-94: I-94 WB @ Co Rd 21 (Stagecoach Trl),I-94,,
I-94: I-94 EB W of Co Rd 21 (Stagecoach Tr),camera/510545/845518729,https://public.carsprogram.org/cameras/MN/C30288,https://video.dot.state.mn.us/public/C30288.stream/playlist.m3u8,I-94: I-94 EB W of Co Rd 21 (Stagecoach Tr),I-94,,
I-94: I-94 WB @ St. Croix RA,camera/508799/3039051532,https://public.carsprogram.org/cameras/MN/C867,https://video.dot.state.mn.us/public/C867.stream/playlist.m3u8,I-94: I-94 WB @ St. Croix RA,I-94,,
I-94: I-94 EB (St. Croix Rest Area),camera/509230/904818315,https://public.carsprogram.org/cameras/MN/C30040,https://video.dot.state.mn.us/public/C30040.stream/playlist.m3u8,I-94: I-94 EB (St. Croix Rest Area),I-94,,
I-94: I-94 EB (St Croix Rest Area),camera/511450/642213541,https://public.carsprogram.org/cameras/MN/C30038?1791430860000,,I-94: I-94 EB (St Croix Rest Area),I-94,,
I-94: I-94 EB E of Co Rd 71 (E of Neal Ave),camera/510344/1927648898,https://public.carsprogram.org/cameras/MN/C30287,https://video.dot.state.mn.us/public/C30287.stream/playlist.m3u8,I-94: I-94 EB E of Co Rd 71 (E of Neal Ave),I-94,,
I-94: I-94 WB @ Co Rd 71 (Neal Av),camera/511329/3455439477,https://public.carsprogram.org/cameras/MN/C866,https://video.dot.state.mn.us/public/C866.stream/playlist.m3u8,I-94: I-94 WB @ Co Rd 71 (Neal Av),I-94,,
I-94: I-94 WB @ Co Rd 17B (Lake Elmo Av),camera/511625/1587051929,https://public.carsprogram.org/cameras/MN/C864,https://video.dot.state.mn.us/public/C864.stream/playlist.m3u8,I-94: I-94 WB @ Co Rd 17B (Lake Elmo Av),I-94,,
I-94: I-94 WB @ Co Rd 19 (Keats Av/Woodbury Dr),camera/508814/4239391523,https://public.carsprogram.org/cameras/MN/C863,https://video.dot.state.mn.us/public/C863.stream/playlist.m3u8,I-94: I-94 WB @ Co Rd 19 (Keats Av/Woodbury Dr),I-94,,
I-94: I-94 WB E of Radio Dr,camera/510896/3715362738,https://public.carsprogram.org/cameras/MN/C30286,https://video.dot.state.mn.us/public/C30286.stream/playlist.m3u8,I-94: I-94 WB E of Radio Dr,I-94,,
I-94: I-94 EB @ Radio Dr (Co Rd 13),camera/511090/4024696277,https://public.carsprogram.org/cameras/MN/C30656?1791430860000,,I-94: I-94 EB @ Radio Dr (Co Rd 13),I-94,,
I-94: I-94 EB @ Co Rd 13 (Inwood Av/Radio Dr),camera/511317/2404771513,https://public.carsprogram.org/cameras/MN/C862,https://video.dot.state.mn.us/public/C862.stream/playlist.m3u8,I-94: I-94 EB @ Co Rd 13 (Inwood Av/Radio Dr),I-94,,
I-94: I-94 WB @ Ideal Ave N,camera/511410/4128689408,https://public.carsprogram.org/cameras/MN/C30285,https://video.dot.state.mn.us/public/C30285.stream/playlist.m3u8,I-94: I-94 WB @ Ideal Ave N,I-94,,
I-94: I-94 WB E of T.H.120,camera/510641/4005665786,https://public.carsprogram.org/cameras/MN/C30251,https://video.dot.state.mn.us/public/C30251.stream/playlist.m3u8,I-94: I-94 WB E of T.H.120,I-94,45.9896587,-94.6113288
I-94: I-94 EB @ T.H.120 (Century Av),camera/510760/1190345840,https://public.carsprogram.org/cameras/MN/C860,https://video.dot.state.mn.us/public/C860.stream/playlist.m3u8,I-94: I-94 EB @ T.H.120 (Century Av),I-94,,
I-94: Hudson Rd WB @ 19th St,camera/510629/2435186046,https://public.carsprogram.org/cameras/MN/C30250,https://video.dot.state.mn.us/public/C30250.stream/playlist.m3u8,I-94: Hudson Rd WB @ 19th St,I-94,,
I-94: Hudson Rd WB @ 8th St,camera/510474/3160743534,https://public.carsprogram.org/cameras/MN/C30249,https://video.dot.state.mn.us/public/C30249.stream/playlist.m3u8,I-94: Hudson Rd WB @ 8th St,I-94,,
I-94: Hudson Rd WB @ 4th St,camera/510974/1646491618,https://public.carsprogram.org/cameras/MN/C30248,https://video.dot.state.mn.us/public/C30248.stream/playlist.m3u8,I-94: Hudson Rd WB @ 4th St,I-94,,
I-94: I-94 WB @ McKnight Rd,camera/510549/808510262,https://public.carsprogram.org/cameras/MN/C859,https://video.dot.state.mn.us/public/C859.stream/playlist.m3u8,I-94: I-94 WB @ McKnight Rd,I-94,,
I-94: I-94 WB @ McKnight Rd,camera/510664/808510262,https://public.carsprogram.org/cameras/MN/C30247,https://video.dot.state.mn.us/public/C30247.stream/playlist.m3u8,I-94: I-94 WB @ McKnight Rd,I-94,,
I-94: I-94 EB @ Ruth St,camera/510995/1454983447,https://public.carsprogram.org/cameras/MN/C30596,https://video.dot.state.mn.us/public/C30596.stream/playlist.m3u8,I-94: I-94 EB @ Ruth St,I-94,,
I-94: I-94 EB @ White Bear Ave,camera/511261/3651401034,https://public.carsprogram.org/cameras/MN/C858,https://video.dot.state.mn.us/public/C858.stream/playlist.m3u8,I-94: I-94 EB @ White Bear Ave,I-94,,
I-94: I-94 WB @ T.H.61,camera/510733/2275426978,https://public.carsprogram.org/cameras/MN/C857,https://video.dot.state.mn.us/public/C857.stream/playlist.m3u8,I-94: I-94 WB @ T.H.61,I-94,45.9896587,-94.6113288
I-94: I-94 EB @ Johnson Pkwy,camera/510628/2400798543,https://public.carsprogram.org/cameras/MN/C856,https://video.dot.state.mn.us/public/C856.stream/playlist.m3u8,I-94: I-94 EB @ Johnson Pkwy,I-94,,
I-94: I-94 EB @ Mounds Blvd,camera/511350/4105495385,https://public.carsprogram.org/cameras/MN/C855,https://video.dot.state.mn.us/public/C855.stream/playlist.m3u8,I-94: I-94 EB @ Mounds Blvd,I-94,,
I-94: I-94 E-W @ Mounds Blvd,camera/510485/1182179425,https://public.carsprogram.org/cameras/MN/C30595,https://video.dot.state.mn.us/public/C30595.stream/playlist.m3u8,I-94: I-94 E-W @ Mounds Blvd,I-94,,
I-94: I-94 EB @ T.H.52 SB,camera/510383/2023295457,https://public.carsprogram.org/cameras/MN/C854,https://video.dot.state.mn.us/public/C854.stream/playlist.m3u8,I-94: I-94 EB @ T.H.52 SB,I-94,45.9896587,-94.6113288
I-94: I-94 EB @ 7th St,camera/511444/150832295,https://public.carsprogram.org/cameras/MN/C853,https://video.dot.state.mn.us/public/C853.stream/playlist.m3u8,I-94: I-94 EB @ 7th St,I-94,45.9896587,-94.6113288
I-94: I-94 EB @ Jackson St,camera/510611/3087944509,https://public.carsprogram.org/cameras/MN/C851,https://video.dot.state.mn.us/public/C851.stream/playlist.m3u8,I-94: I-94 EB @ Jackson St,I-94,,
I-94: I-94 EB @ John Ireland Blvd,camera/511497/3236380909,https://public.carsprogram.org/cameras/MN/C849,https://video.dot.state.mn.us/public/C849.stream/playlist.m3u8,I-94: I-94 EB @ John Ireland Blvd,I-94,,
I-94: I-94 WB @ John Ireland Blvd,camera/509741/3939702719,https://public.carsprogram.org/cameras/MN/C8481,https://video.dot.state.mn.us/public/C8481.stream/playlist.m3u8,I-94: I-94 WB @ John Ireland Blvd,I-94,,
I-94: I-94 EB @ Western Ave,camera/510717/3883735413,https://public.carsprogram.org/cameras/MN/C848,https://video.dot.state.mn.us/public/C848.stream/playlist.m3u8,I-94: I-94 EB @ Western Ave,I-94,,
I-94: I-94 WB W of Western Ave,camera/511010/1500308985,https://public.carsprogram.org/cameras/MN/C30749,https://video.dot.state.mn.us/public/C30749.stream/playlist.m3u8,I-94: I-94 WB W of Western Ave,I-94,,
I-94: I-94 WB @ Dale St,camera/510976/3970179058,https://public.carsprogram.org/cameras/MN/C8471,https://video.dot.state.mn.us/public/C8471.stream/playlist.m3u8,I-94: I-94 WB @ Dale St,I-94,,
I-94: I-94 EB @ Victoria St,camera/510529/3241671281,https://public.carsprogram.org/cameras/MN/C30746,https://video.dot.state.mn.us/public/C30746.stream/playlist.m3u8,I-94: I-94 EB @ Victoria St,I-94,,
I-94: I-94 EB @ Lexington Pkwy,camera/511296/1112510106,https://public.carsprogram.org/cameras/MN/C846,https://video.dot.state.mn.us/public/C846.stream/playlist.m3u8,I-94: I-94 EB @ Lexington Pkwy,I-94,,
I-94: I-94 EB @ Hamline Ave,camera/510860/2992372659,https://public.carsprogram.org/cameras/MN/C845,https://video.dot.state.mn.us/public/C845.stream/playlist.m3u8,I-94: I-94 EB @ Hamline Ave,I-94,,
I-94: I-94 EB @ Snelling Ave,camera/511624/1675557633,https://public.carsprogram.org/cameras/MN/C844,https://video.dot.state.mn.us/public/C844.stream/playlist.m3u8,I-94: I-94 EB @ Snelling Ave,I-94,,
I-94: I-94 EB @ Prior Ave,camera/510647/33744431,https://public.carsprogram.org/cameras/MN/C843,https://video.dot.state.mn.us/public/C843.stream/playlist.m3u8,I-94: I-94 EB @ Prior Ave,I-94,,
I-94: I-94 EB @ Cretin Ave (Vandalia St),camera/511079/739612992,https://public.carsprogram.org/cameras/MN/C842,https://video.dot.state.mn.us/public/C842.stream/playlist.m3u8,I-94: I-94 EB @ Cretin Ave (Vandalia St),I-94,,
I-94: I-94 EB @ T.H.280,camera/511628/1389064973,https://public.carsprogram.org/cameras/MN/C841,https://video.dot.state.mn.us/public/C841.stream/playlist.m3u8,I-94: I-94 EB @ T.H.280,I-94,45.9896587,-94.6113288
I-94: I-94 EB W of T.H.280,camera/510882/2435108243,https://public.carsprogram.org/cameras/MN/C840,https://video.dot.state.mn.us/public/C840.stream/playlist.m3u8,I-94: I-94 EB W of T.H.280,I-94,45.9896587,-94.6113288
I-94: I-94 EB E of Franklin Ave,camera/510450/2156169710,https://public.carsprogram.org/cameras/MN/C30715,https://video.dot.state.mn.us/public/C30715.stream/playlist.m3u8,I-94: I-94 EB E of Franklin Ave,I-94,,
I-94: I-94 EB @ Franklin Ave,camera/510939/345519618,https://public.carsprogram.org/cameras/MN/C839,https://video.dot.state.mn.us/public/C839.stream/playlist.m3u8,I-94: I-94 EB @ Franklin Ave,I-94,,
I-94: I-94 WB @ 27th Ave SE,camera/508907/3432345444,https://public.carsprogram.org/cameras/MN/C8381,https://video.dot.state.mn.us/public/C8381.stream/playlist.m3u8,I-94: I-94 WB @ 27th Ave SE,I-94,,
I-94: I-94 WB @ Huron Blvd,camera/508708/3809729739,https://public.carsprogram.org/cameras/MN/C838,https://video.dot.state.mn.us/public/C838.stream/playlist.m3u8,I-94: I-94 WB @ Huron Blvd,I-94,,
I-94: I-94 EB @ Riverside Ave,camera/511102/2261781176,https://public.carsprogram.org/cameras/MN/C837,https://video.dot.state.mn.us/public/C837.stream/playlist.m3u8,I-94: I-94 EB @ Riverside Ave,I-94,,
I-94: I-94 EB W of Riverside Ave,camera/510819/4097901062,https://public.carsprogram.org/cameras/MN/C8361,https://video.dot.state.mn.us/public/C8361.stream/playlist.m3u8,I-94: I-94 EB W of Riverside Ave,I-94,,
I-94: I-94 EB E of Cedar Ave (20th Av),camera/511489/3125697804,https://public.carsprogram.org/cameras/MN/C836,https://video.dot.state.mn.us/public/C836.stream/playlist.m3u8,I-94: I-94 EB E of Cedar Ave (20th Av),I-94,,
I-94: I-94 EB @ T.H.55,camera/510646/1633968695,https://public.carsprogram.org/cameras/MN/C8353,https://video.dot.state.mn.us/public/C8353.stream/playlist.m3u8,I-94: I-94 EB @ T.H.55,I-94,45.9896587,-94.6113288
I-94: I-94 WB @ Portland Ave,camera/511091/4133737493,https://public.carsprogram.org/cameras/MN/C835,https://video.dot.state.mn.us/public/C835.stream/playlist.m3u8,I-94: I-94 WB @ Portland Ave,I-94,,
I-94: I-94 EB W of Portland Ave,camera/510720/146401945,https://public.carsprogram.org/cameras/MN/C8340,https://video.dot.state.mn.us/public/C8340.stream/playlist.m3u8,I-94: I-94 EB W of Portland Ave,I-94,,
I-94: I-94 WB @ T.H.65,camera/511370/106917926,https://public.carsprogram.org/cameras/MN/C834,https://video.dot.state.mn.us/public/C834.stream/playlist.m3u8,I-94: I-94 WB @ T.H.65,I-94,45.9896587,-94.6113288
I-94: I-94 WB @ 3rd Ave,camera/508783/359510638,https://public.carsprogram.org/cameras/MN/C30719,https://video.dot.state.mn.us/public/C30719.stream/playlist.m3u8,I-94: I-94 WB @ 3rd Ave,I-94,45.9896587,-94.6113288
I-94: I-94 WB @ Nicollet Ave,camera/510771/1677798609,https://public.carsprogram.org/cameras/MN/C833,https://video.dot.state.mn.us/public/C833.stream/playlist.m3u8,I-94: I-94 WB @ Nicollet Ave,I-94,,
I-94: I-94 WB @ Groveland Ave,camera/511598/860996805,https://public.carsprogram.org/cameras/MN/C30278,https://video.dot.state.mn.us/public/C30278.stream/playlist.m3u8,I-94: I-94 WB @ Groveland Ave,I-94,,
I-94: I-94 EB @ Lyndale Ave,camera/511023/4055116654,https://public.carsprogram.org/cameras/MN/C832,https://video.dot.state.mn.us/public/C832.stream/playlist.m3u8,I-94: I-94 EB @ Lyndale Ave,I-94,,
I-94: I-94 WB (Tunnel West #1),camera/510994/3856347575,https://public.carsprogram.org/cameras/MN/C829,https://video.dot.state.mn.us/public/C829.stream/playlist.m3u8,I-94: I-94 WB (Tunnel West #1),I-94,,
I-94: I-94 EB (Tunnel East #3),camera/510667/3101129841,https://public.carsprogram.org/cameras/MN/C828,https://video.dot.state.mn.us/public/C828.stream/playlist.m3u8,I-94: I-94 EB (Tunnel East #3),I-94,,
I-94: I-94 EB (Tunnel East #2),camera/510591/3482308784,https://public.carsprogram.org/cameras/MN/C827,https://video.dot.state.mn.us/public/C827.stream/playlist.m3u8,I-94: I-94 EB (Tunnel East #2),I-94,,
I-94: I-94 WB (Tunnel West #2),camera/510612/3858131956,https://public.carsprogram.org/cameras/MN/C830,https://video.dot.state.mn.us/public/C830.stream/playlist.m3u8,I-94: I-94 WB (Tunnel West #2),I-94,,
I-94: I-94 EB (Tunnel East #1),camera/510820/2121945843,https://public.carsprogram.org/cameras/MN/C826,https://video.dot.state.mn.us/public/C826.stream/playlist.m3u8,I-94: I-94 EB (Tunnel East #1),I-94,,
I-94: I-94 WB (Tunnel West #3),camera/510585/2048226741,https://public.carsprogram.org/cameras/MN/C831,https://video.dot.state.mn.us/public/C831.stream/playlist.m3u8,I-94: I-94 WB (Tunnel West #3),I-94,,
I-94: I-94 SB S of Dunwoody Blvd,camera/510312/2517460782,https://public.carsprogram.org/cameras/MN/C30290,https://video.dot.state.mn.us/public/C30290.stream/playlist.m3u8,I-94: I-94 SB S of Dunwoody Blvd,I-94,,
I-94: I-94 WB S of T.H.55,camera/511501/1729425023,https://public.carsprogram.org/cameras/MN/C8261,https://video.dot.state.mn.us/public/C8261.stream/playlist.m3u8,I-94: I-94 WB S of T.H.55,I-94,45.9896587,-94.6113288
I-94: I-94 SB @ 7th St,camera/511541/541358449,https://public.carsprogram.org/cameras/MN/C825,https://video.dot.state.mn.us/public/C825.stream/playlist.m3u8,I-94: I-94 SB @ 7th St,I-94,45.9896587,-94.6113288
I-94: I-94 WB @ Plymouth Ave,camera/510753/2341338885,https://public.carsprogram.org/cameras/MN/C8251,https://video.dot.state.mn.us/public/C8251.stream/playlist.m3u8,I-94: I-94 WB @ Plymouth Ave,I-94,,
I-94: I-94 CD EB @ Plymouth Ave,camera/510879/4085088016,https://public.carsprogram.org/cameras/MN/C30691,https://video.dot.state.mn.us/public/C30691.stream/playlist.m3u8,I-94: I-94 CD EB @ Plymouth Ave,I-94,,
I-94: I-94 WB @ Lowry Ave,camera/511295/3221251252,https://public.carsprogram.org/cameras/MN/C823,https://video.dot.state.mn.us/public/C823.stream/playlist.m3u8,I-94: I-94 WB @ Lowry Ave,I-94,,
I-94: I-94 WB @ Dowling Ave,camera/508634/229670971,https://public.carsprogram.org/cameras/MN/C8221,https://video.dot.state.mn.us/public/C8221.stream/playlist.m3u8,I-94: I-94 WB @ Dowling Ave,I-94,,
I-94: I-94 EB @ Dowling Ave,camera/510574/3821316457,https://public.carsprogram.org/cameras/MN/C8220,https://video.dot.state.mn.us/public/C8220.stream/playlist.m3u8,I-94: I-94 EB @ Dowling Ave,I-94,,
I-94: I-94 EB @ 42nd Ave,camera/511500/424672629,https://public.carsprogram.org/cameras/MN/C822,https://video.dot.state.mn.us/public/C822.stream/playlist.m3u8,I-94: I-94 EB @ 42nd Ave,I-94,,
I-94: I-94 EB N of 42nd Ave,camera/510894/3493410546,https://public.carsprogram.org/cameras/MN/C30748,https://video.dot.state.mn.us/public/C30748.stream/playlist.m3u8,I-94: I-94 EB N of 42nd Ave,I-94,,
I-94: I-94 EB @ 49th Ave,camera/510744/2185435400,https://public.carsprogram.org/cameras/MN/C821,https://video.dot.state.mn.us/public/C821.stream/playlist.m3u8,I-94: I-94 EB @ 49th Ave,I-94,,
I-94: I-94 WB @ 53rd Ave,camera/510471/3888173787,https://public.carsprogram.org/cameras/MN/C30745,https://video.dot.state.mn.us/public/C30745.stream/playlist.m3u8,I-94: I-94 WB @ 53rd Ave,I-94,,
I-94: I-94 EB @ 57th Ave,camera/511276/3610064135,https://public.carsprogram.org/cameras/MN/C820,https://video.dot.state.mn.us/public/C820.stream/playlist.m3u8,I-94: I-94 EB @ 57th Ave,I-94,,
I-94: I-94 E-W S of I-694,camera/509601/2733999702,https://public.carsprogram.org/cameras/MN/C30092,https://video.dot.state.mn.us/public/C30092.stream/playlist.m3u8,I-94: I-94 E-W S of I-694,I-94,45.9896587,-94.6113288
I-94: I-94 EB @ T.H.100,camera/511097/2433351110,https://public.carsprogram.org/cameras/MN/C30697,https://video.dot.state.mn.us/public/C30697.stream/playlist.m3u8,I-94: I-94 EB @ T.H.100,I-94,45.9896587,-94.6113288
I-94: I-94 EB @ Shingle Creek Pkwy,camera/511029/3768488214,https://public.carsprogram.org/cameras/MN/C8181,https://video.dot.state.mn.us/public/C8181.stream/playlist.m3u8,I-94: I-94 EB @ Shingle Creek Pkwy,I-94,,
I-94: I-94 WB @ Xerxes Ave,camera/511024/572285706,https://public.carsprogram.org/cameras/MN/C818,https://video.dot.state.mn.us/public/C818.stream/playlist.m3u8,I-94: I-94 WB @ Xerxes Ave,I-94,,
I-94: I-94 WB @ Brooklyn Blvd,camera/511473/31161253,https://public.carsprogram.org/cameras/MN/C817,https://video.dot.state.mn.us/public/C817.stream/playlist.m3u8,I-94: I-94 WB @ Brooklyn Blvd,I-94,,
I-94: I-94 EB @ Zane Ave,camera/511511/1444711305,https://public.carsprogram.org/cameras/MN/C816,https://video.dot.state.mn.us/public/C816.stream/playlist.m3u8,I-94: I-94 EB @ Zane Ave,I-94,,
I-94: I-94 EB @ Co Rd 81,camera/511056/204777752,https://public.carsprogram.org/cameras/MN/C815,https://video.dot.state.mn.us/public/C815.stream/playlist.m3u8,I-94: I-94 EB @ Co Rd 81,I-94,45.9896587,-94.6113288
I-94: I-94 EB @ Boone Ave,camera/510869/2733649648,https://public.carsprogram.org/cameras/MN/C814,https://video.dot.state.mn.us/public/C814.stream/playlist.m3u8,I-94: I-94 EB @ Boone Ave,I-94,,
I-94: I-94 WB W of U.S.169,camera/511355/1265582687,https://public.carsprogram.org/cameras/MN/C30685?1791430860000,,I-94: I-94 WB W of U.S.169,I-94,45.9896587,-94.6113288
I-94: I-94 WB @ Hemlock Ln,camera/510957/706859088,https://public.carsprogram.org/cameras/MN/C812,https://video.dot.state.mn.us/public/C812.stream/playlist.m3u8,I-94: I-94 WB @ Hemlock Ln,I-94,,
I-94: I-94 EB @ I-494 SB,camera/511105/263996391,https://public.carsprogram.org/cameras/MN/C811,https://video.dot.state.mn.us/public/C811.stream/playlist.m3u8,I-94: I-94 EB @ I-494 SB,I-94,45.9896587,-94.6113288
I-94: I-94 WB E of Weaver Lake Rd,camera/508759/987864018,https://public.carsprogram.org/cameras/MN/C30527,https://video.dot.state.mn.us/public/C30527.stream/playlist.m3u8,I-94: I-94 WB E of Weaver Lake Rd,I-94,,
I-94: I-94 WB @ Weaver Lake Rd,camera/508718/1057295998,https://public.carsprogram.org/cameras/MN/C810,https://video.dot.state.mn.us/public/C810.stream/playlist.m3u8,I-94: I-94 WB @ Weaver Lake Rd,I-94,,
I-94: I-94 EB (Elm Creek),camera/510594/4032476372,https://public.carsprogram.org/cameras/MN/C809,https://video.dot.state.mn.us/public/C809.stream/playlist.m3u8,I-94: I-94 EB (Elm Creek),I-94,,
I-94: I-94 EB (Elm Creek Rest Area 3),camera/510416/3309714976,https://public.carsprogram.org/cameras/MN/C30210,https://video.dot.state.mn.us/public/C30210.stream/playlist.m3u8,I-94: I-94 EB (Elm Creek Rest Area 3),I-94,,
I-94: I-94 EB (Elm Creek Rest Area 2),camera/510900/360406209,https://public.carsprogram.org/cameras/MN/C30037?1791430860000,,I-94: I-94 EB (Elm Creek Rest Area 2),I-94,,
I-94: I-94 EB (Elm Creek Rest Area 1),camera/510535/2530196706,https://public.carsprogram.org/cameras/MN/C30036?1791430860000,,I-94: I-94 EB (Elm Creek Rest Area 1),I-94,,
I-94: I-94 EB (Elm Creek Rest Area 4),camera/508869/2847276295,https://public.carsprogram.org/cameras/MN/C30733,https://video.dot.state.mn.us/public/C30733.stream/playlist.m3u8,I-94: I-94 EB (Elm Creek Rest Area 4),I-94,,
I-94: I-94 EB E of 95th Ave,camera/510472/3474049989,https://public.carsprogram.org/cameras/MN/C30487,https://video.dot.state.mn.us/public/C30487.stream/playlist.m3u8,I-94: I-94 EB E of 95th Ave,I-94,,
I-94: I-94 WB @ 95th Ave,camera/510877/1172651547,https://public.carsprogram.org/cameras/MN/C808,https://video.dot.state.mn.us/public/C808.stream/playlist.m3u8,I-94: I-94 WB @ 95th Ave,I-94,,
I-94: I-94 EB W of Maple Grove Pkwy,camera/510924/665212796,https://public.carsprogram.org/cameras/MN/C30742,https://video.dot.state.mn.us/public/C30742.stream/playlist.m3u8,I-94: I-94 EB W of Maple Grove Pkwy,I-94,,
I-94: I-94 WB W of T.H.610,camera/511254/4267314188,https://public.carsprogram.org/cameras/MN/C806,https://video.dot.state.mn.us/public/C806.stream/playlist.m3u8,I-94: I-94 WB W of T.H.610,I-94,45.9896587,-94.6113288
I-94: I-94 WB @ Dayton Pkwy,camera/510755/1195128645,https://public.carsprogram.org/cameras/MN/C30281,https://video.dot.state.mn.us/public/C30281.stream/playlist.m3u8,I-94: I-94 WB @ Dayton Pkwy,I-94,,
I-94: I-94 EB @ Dayton Pkwy NB,camera/508664/3266610971,https://public.carsprogram.org/cameras/MN/C30143,https://video.dot.state.mn.us/public/C30143.stream/playlist.m3u8,I-94: I-94 EB @ Dayton Pkwy NB,I-94,,
I-94: I-94 EB @ Dayton Pkwy,camera/510464/1898450455,https://public.carsprogram.org/cameras/MN/C30280,https://video.dot.state.mn.us/public/C30280.stream/playlist.m3u8,I-94: I-94 EB @ Dayton Pkwy,I-94,,
I-94: I-94 EB E of Brockton Ln,camera/511310/3279468519,https://public.carsprogram.org/cameras/MN/C805,https://video.dot.state.mn.us/public/C805.stream/playlist.m3u8,I-94: I-94 EB E of Brockton Ln,I-94,,
I-94: I-94 EB E of Co Rd 81,camera/511118/3242109108,https://public.carsprogram.org/cameras/MN/C30486,https://video.dot.state.mn.us/public/C30486.stream/playlist.m3u8,I-94: I-94 EB E of Co Rd 81,I-94,45.9896587,-94.6113288
I-94: I-94 WB W Jct Co Rd 81,camera/510413/1643198208,https://public.carsprogram.org/cameras/MN/C804,https://video.dot.state.mn.us/public/C804.stream/playlist.m3u8,I-94: I-94 WB W Jct Co Rd 81,I-94,45.9896587,-94.6113288
I-94: I-94 EB E of T.H.101,camera/510687/4116807755,https://public.carsprogram.org/cameras/MN/C803,https://video.dot.state.mn.us/public/C803.stream/playlist.m3u8,I-94: I-94 EB E of T.H.101,I-94,45.9896587,-94.6113288
I-94: I-94 EB W of T.H.101,camera/508748/3348310745,https://public.carsprogram.org/cameras/MN/C801,https://video.dot.state.mn.us/public/C801.stream/playlist.m3u8,I-94: I-94 EB W of T.H.101,I-94,45.9896587,-94.6113288
I-94: I-94 WB E of T.H.241 (Co Rd 144),camera/510387/1400223092,https://public.carsprogram.org/cameras/MN/C800,https://video.dot.state.mn.us/public/C800.stream/playlist.m3u8,I-94: I-94 WB E of T.H.241 (Co Rd 144),I-94,,
I-94: I-94 WB W of T.H.241 (MP 204),camera/510600/2584948710,https://public.carsprogram.org/cameras/MN/C798,https://video.dot.state.mn.us/public/C798.stream/playlist.m3u8,I-94: I-94 WB W of T.H.241 (MP 204),I-94,,
I-94: I-94 WB E of Co Rd 37 (MP 203),camera/510837/2383327814,https://public.carsprogram.org/cameras/MN/C797,https://video.dot.state.mn.us/public/C797.stream/playlist.m3u8,I-94: I-94 WB E of Co Rd 37 (MP 203),I-94,,
I-94: I-94 EB @ Co Rd 37 (MP 202),camera/510537/1086241817,https://public.carsprogram.org/cameras/MN/C796,https://video.dot.state.mn.us/public/C796.stream/playlist.m3u8,I-94: I-94 EB @ Co Rd 37 (MP 202),I-94,,
I-94: I-94 EB @ Co Rd 19 (MP 201),camera/511130/2575104054,https://public.carsprogram.org/cameras/MN/C795,https://video.dot.state.mn.us/public/C795.stream/playlist.m3u8,I-94: I-94 EB @ Co Rd 19 (MP 201),I-94,,
I-94: I-94 WB (MP 200),camera/511512/1087244599,https://public.carsprogram.org/cameras/MN/C794,https://video.dot.state.mn.us/public/C794.stream/playlist.m3u8,I-94: I-94 WB (MP 200),I-94,,
I-94: I-94 WB E of Co Rd 18 (TEMP),camera/508930/1349408011,https://public.carsprogram.org/cameras/MN/C9010,https://video.dot.state.mn.us/public/C9010.stream/playlist.m3u8,I-94: I-94 WB E of Co Rd 18 (TEMP),I-94,,
I-94: I-94 EB @ Co Rd 18 (MP 195),camera/511169/1294690745,https://public.carsprogram.org/cameras/MN/C788,https://video.dot.state.mn.us/public/C788.stream/playlist.m3u8,I-94: I-94 EB @ Co Rd 18 (MP 195),I-94,,
I-94: I-94 EB E of T.H.25 (MP 194),camera/511059/1692721468,https://public.carsprogram.org/cameras/MN/C787,https://video.dot.state.mn.us/public/C787.stream/playlist.m3u8,I-94: I-94 EB E of T.H.25 (MP 194),I-94,,
I-94: I-94 EB @ Fallon Ave,camera/511491/2389179775,https://public.carsprogram.org/cameras/MN/C30553?1791430860000,,I-94: I-94 EB @ Fallon Ave,I-94,,
I-94: I-94 EB W of T.H.25 (MP 192),camera/508790/3443376040,https://public.carsprogram.org/cameras/MN/C785,https://video.dot.state.mn.us/public/C785.stream/playlist.m3u8,I-94: I-94 EB W of T.H.25 (MP 192),I-94,,
I-94: I-94 EB W of T.H.25 (MP 190.8),camera/510836/2423477372,https://public.carsprogram.org/cameras/MN/C784,https://video.dot.state.mn.us/public/C784.stream/playlist.m3u8,I-94: I-94 EB W of T.H.25 (MP 190.8),I-94,45.9896587,-94.6113288
I-94: I-94 WB W of T.H.25 (MP 190.0),camera/511359/2251958566,https://public.carsprogram.org/cameras/MN/C783,https://video.dot.state.mn.us/public/C783.stream/playlist.m3u8,I-94: I-94 WB W of T.H.25 (MP 190.0),I-94,45.9896587,-94.6113288
I-94: I-94 EB W of T.H.25 (MP 188),camera/510955/4147046275,https://public.carsprogram.org/cameras/MN/C782,https://video.dot.state.mn.us/public/C782.stream/playlist.m3u8,I-94: I-94 EB W of T.H.25 (MP 188),I-94,,
I-94: I-94 WB E of Co Rd 8 (MP 187),camera/511622/872818805,https://public.carsprogram.org/cameras/MN/C781,https://video.dot.state.mn.us/public/C781.stream/playlist.m3u8,I-94: I-94 WB E of Co Rd 8 (MP 187),I-94,,
I-94: I-94 EB (Enfield Rest Area 4),camera/511022/965193744,https://public.carsprogram.org/cameras/MN/C30711?1791430860000,,I-94: I-94 EB (Enfield Rest Area 4),I-94,,
I-94: I-94 EB (Enfield Rest Area 3),camera/510777/304071159,https://public.carsprogram.org/cameras/MN/C30035?1791430860000,,I-94: I-94 EB (Enfield Rest Area 3),I-94,,
I-94: I-94 EB (Enfield Rest Area 2),camera/511314/2471142870,https://public.carsprogram.org/cameras/MN/C30034?1791430860000,,I-94: I-94 EB (Enfield Rest Area 2),I-94,,
I-94: I-94 EB (Enfield Rest Area 1),camera/510431/186923445,https://public.carsprogram.org/cameras/MN/C30033?1791430860000,,I-94: I-94 EB (Enfield Rest Area 1),I-94,,
I-94: I-94 EB E of Co Rd 8 (MP 185),camera/511600/3765770469,https://public.carsprogram.org/cameras/MN/C780,https://video.dot.state.mn.us/public/C780.stream/playlist.m3u8,I-94: I-94 EB E of Co Rd 8 (MP 185),I-94,,
I-94: I-94 EB E of Co Rd 8 (MP 184),camera/510983/3510684356,https://public.carsprogram.org/cameras/MN/C778,https://video.dot.state.mn.us/public/C778.stream/playlist.m3u8,I-94: I-94 EB E of Co Rd 8 (MP 184),I-94,,
I-94: I-94 EB @ Co Rd 8 (MP 183),camera/511403/488851887,https://public.carsprogram.org/cameras/MN/C777,https://video.dot.state.mn.us/public/C777.stream/playlist.m3u8,I-94: I-94 EB @ Co Rd 8 (MP 183),I-94,,
I-94: I-94 EB W of Co Rd 8 (MP 182),camera/511486/3189367056,https://public.carsprogram.org/cameras/MN/C776,https://video.dot.state.mn.us/public/C776.stream/playlist.m3u8,I-94: I-94 EB W of Co Rd 8 (MP 182),I-94,,
I-94: I-94 EB W of Co Rd 8 (MP 181),camera/511265/1437824499,https://public.carsprogram.org/cameras/MN/C775,https://video.dot.state.mn.us/public/C775.stream/playlist.m3u8,I-94: I-94 EB W of Co Rd 8 (MP 181),I-94,,
I-94: I-94 (Clearwater - MP 181.4),camera/508726/2658268307,https://public.carsprogram.org/cameras/MN/C30314?1791430860000,,I-94: I-94 (Clearwater - MP 181.4),I-94,,
I-94: I-94 EB E of T.H.24 (MP 180),camera/510831/1338442968,https://public.carsprogram.org/cameras/MN/C774,https://video.dot.state.mn.us/public/C774.stream/playlist.m3u8,I-94: I-94 EB E of T.H.24 (MP 180),I-94,,
I-94: I-94 EB E of T.H.24 (MP 179),camera/511210/3775034046,https://public.carsprogram.org/cameras/MN/C773,https://video.dot.state.mn.us/public/C773.stream/playlist.m3u8,I-94: I-94 EB E of T.H.24 (MP 179),I-94,,
I-94: I-94 EB W of T.H.24 (MP 176.8),camera/511113/118570485,https://public.carsprogram.org/cameras/MN/C771,https://video.dot.state.mn.us/public/C771.stream/playlist.m3u8,I-94: I-94 EB W of T.H.24 (MP 176.8),I-94,45.9896587,-94.6113288
I-94: I-94 EB W of T.H.24 (MP 176),camera/508849/1049329315,https://public.carsprogram.org/cameras/MN/C770,https://video.dot.state.mn.us/public/C770.stream/playlist.m3u8,I-94: I-94 EB W of T.H.24 (MP 176),I-94,,
I-94: I-94 EB E of Opportunity Dr (MP 174),camera/511245/1830189798,https://public.carsprogram.org/cameras/MN/C768,https://video.dot.state.mn.us/public/C768.stream/playlist.m3u8,I-94: I-94 EB E of Opportunity Dr (MP 174),I-94,,
I-94: I-94 EB @ Opportunity Dr (MP 173),camera/508824/4093401645,https://public.carsprogram.org/cameras/MN/C767,https://video.dot.state.mn.us/public/C767.stream/playlist.m3u8,I-94: I-94 EB @ Opportunity Dr (MP 173),I-94,,
I-94: I-94 WB E of Co Rd 75 (MP 172),camera/510784/3694637285,https://public.carsprogram.org/cameras/MN/C766,https://video.dot.state.mn.us/public/C766.stream/playlist.m3u8,I-94: I-94 WB E of Co Rd 75 (MP 172),I-94,,
I-94: I-94 EB W of Co Rd 75,camera/511372/2885938829,https://public.carsprogram.org/cameras/MN/C30666,https://video.dot.state.mn.us/public/C30666.stream/playlist.m3u8,I-94: I-94 EB W of Co Rd 75,I-94,45.9896587,-94.6113288
I-94: I-94 EB (Big Spunk Rest Area 3),camera/509557/2022485505,https://public.carsprogram.org/cameras/MN/C30032?1791430860000,,I-94: I-94 EB (Big Spunk Rest Area 3),I-94,,
I-94: I-94 EB (Big Spunk Rest Area 2),camera/510458/3169134176,https://public.carsprogram.org/cameras/MN/C30031?1791430860000,,I-94: I-94 EB (Big Spunk Rest Area 2),I-94,,
I-94: I-94 EB (Big Spunk Rest Area 1),camera/508712/3414650819,https://public.carsprogram.org/cameras/MN/C30030?1791430860000,,I-94: I-94 EB (Big Spunk Rest Area 1),I-94,,
I-94: I-94 WB @ MN 237,camera/508657/3205783468,https://public.carsprogram.org/cameras/MN/C9027?1791430860000,,I-94: I-94 WB @ MN 237,I-94,45.9896587,-94.6113288
I-94: I-94 WB @ Co Rd 13,camera/511123/3606933313,https://public.carsprogram.org/cameras/MN/C9026?1791430860000,,I-94: I-94 WB @ Co Rd 13,I-94,45.9896587,-94.6113288
I-94: I-94 (Sauk Centre - MP 128): I-94 (Sauk Centre - MP 128) View 1,camera/511454/3892717661,https://public.carsprogram.org/cameras/MN/C30313-v1?1791430860000,,I-94: I-94 (Sauk Centre - MP 128),I-94,,
I-94: I-94 (Sauk Centre - MP 128): I-94 (Sauk Centre - MP 128) View 2,camera/511454/1193664190,https://public.carsprogram.org/cameras/MN/C30313-v2?1791430860000,,I-94: I-94 (Sauk Centre - MP 128),I-94,,
I-94: I-94 (Sauk Centre - MP 128): I-94 (Sauk Centre - MP 128) View 3,camera/511454/2391533471,https://public.carsprogram.org/cameras/MN/C30313-v3?1791430860000,,I-94: I-94 (Sauk Centre - MP 128),I-94,,
I-94: I-94 (Sauk Centre - MP 128): I-94 (Sauk Centre - MP 128) View 4,camera/511454/3489267960,https://public.carsprogram.org/cameras/MN/C30313-v4?1791430860000,,I-94: I-94 (Sauk Centre - MP 128),I-94,,
I-94: I-94 EB @ U.S.71,camera/511032/66317483,https://public.carsprogram.org/cameras/MN/C30664,https://video.dot.state.mn.us/public/C30664.stream/playlist.m3u8,I-94: I-94 EB @ U.S.71,I-94,45.9896587,-94.6113288
I-94: I-94 EB S of 2nd St,camera/510346/3355899662,https://public.carsprogram.org/cameras/MN/C9025,https://video.dot.state.mn.us/public/C9025.stream/playlist.m3u8,I-94: I-94 EB S of 2nd St,I-94,45.9896587,-94.6113288
I-94: I-94 EB W of Sinclair Lewis Ave,camera/511356/4159724898,https://public.carsprogram.org/cameras/MN/C9024,https://video.dot.state.mn.us/public/C9024.stream/playlist.m3u8,I-94: I-94 EB W of Sinclair Lewis Ave,I-94,,
I-94: I-94 (Alexandria - MP 104): I-94 (Alexandria - MP 104) View 1,camera/510685/741645365,https://public.carsprogram.org/cameras/MN/C30312-v1?1791430860000,,I-94: I-94 (Alexandria - MP 104),I-94,,
I-94: I-94 (Alexandria - MP 104): I-94 (Alexandria - MP 104) View 2,camera/510685/1639207606,https://public.carsprogram.org/cameras/MN/C30312-v2?1791430860000,,I-94: I-94 (Alexandria - MP 104),I-94,,
I-94: I-94 (Alexandria - MP 104): I-94 (Alexandria - MP 104) View 3,camera/510685/925175735,https://public.carsprogram.org/cameras/MN/C30312-v3?1791430860000,,I-94: I-94 (Alexandria - MP 104),I-94,,
I-94: I-94 (Alexandria - MP 104): I-94 (Alexandria - MP 104) View 4,camera/510685/4146615600,https://public.carsprogram.org/cameras/MN/C30312-v4?1791430860000,,I-94: I-94 (Alexandria - MP 104),I-94,,
I-94: I-94 EB (Lake Latoka Rest Area 2),camera/511573/2349783648,https://public.carsprogram.org/cameras/MN/C30029?1791430860000,,I-94: I-94 EB (Lake Latoka Rest Area 2),I-94,,
I-94: I-94 EB (Lake Latoka Rest Area 1),camera/511172/1724522243,https://public.carsprogram.org/cameras/MN/C30028?1791430860000,,I-94: I-94 EB (Lake Latoka Rest Area 1),I-94,,
I-94: I-94 EB W of T.H.27,camera/510341/3189612620,https://public.carsprogram.org/cameras/MN/C9466?1791430860000,,I-94: I-94 EB W of T.H.27,I-94,45.9896587,-94.6113288
I-94: I-94 WB E of T.H.79 (MP 83),camera/510821/2706074160,https://public.carsprogram.org/cameras/MN/C9454?1791430860000,,I-94: I-94 WB E of T.H.79 (MP 83),I-94,45.9896587,-94.6113288
I-94: I-94 (Evansville - MP 82.8): I-94 (Evansville - MP 82.8) View 1,camera/510389/2062609480,https://public.carsprogram.org/cameras/MN/C30372-v1?1791430860000,,I-94: I-94 (Evansville - MP 82.8),I-94,,
I-94: I-94 (Evansville - MP 82.8): I-94 (Evansville - MP 82.8) View 2,camera/510389/2070053227,https://public.carsprogram.org/cameras/MN/C30372-v2?1791430860000,,I-94: I-94 (Evansville - MP 82.8),I-94,,
I-94: I-94 (Evansville - MP 82.8): I-94 (Evansville - MP 82.8) View 3,camera/510389/3289596298,https://public.carsprogram.org/cameras/MN/C30372-v3?1791430860000,,I-94: I-94 (Evansville - MP 82.8),I-94,,
I-94: I-94 (Evansville - MP 82.8): I-94 (Evansville - MP 82.8) View 4,camera/510389/3805432749,https://public.carsprogram.org/cameras/MN/C30372-v4?1791430860000,,I-94: I-94 (Evansville - MP 82.8),I-94,,
I-94: I-94 (Evansville - MP 82.8): I-94 (Evansville - MP 82.8) View 5,camera/510389/1603062732,https://public.carsprogram.org/cameras/MN/C30372-v5?1791430860000,,I-94: I-94 (Evansville - MP 82.8),I-94,,
I-94: I-94 EB W of T.H.79 (MP 81),camera/510989/3387261106,https://public.carsprogram.org/cameras/MN/C9450?1791430860000,,I-94: I-94 EB W of T.H.79 (MP 81),I-94,45.9896587,-94.6113288
I-94: I-94 (Fergus Falls - MP 61.5): I-94 (Fergus Falls - MP 61.5) View 1,camera/508672/4025130009,https://public.carsprogram.org/cameras/MN/C30369-v1?1791430860000,,I-94: I-94 (Fergus Falls - MP 61.5),I-94,,
I-94: I-94 (Fergus Falls - MP 61.5): I-94 (Fergus Falls - MP 61.5) View 2,camera/508672/2926080634,https://public.carsprogram.org/cameras/MN/C30369-v2?1791430860000,,I-94: I-94 (Fergus Falls - MP 61.5),I-94,,
I-94: I-94 (Fergus Falls - MP 61.5): I-94 (Fergus Falls - MP 61.5) View 3,camera/508672/1102829275,https://public.carsprogram.org/cameras/MN/C30369-v3?1791430860000,,I-94: I-94 (Fergus Falls - MP 61.5),I-94,,
I-94: I-94 (Fergus Falls - MP 61.5): I-94 (Fergus Falls - MP 61.5) View 4,camera/508672/1798220348,https://public.carsprogram.org/cameras/MN/C30369-v4?1791430860000,,I-94: I-94 (Fergus Falls - MP 61.5),I-94,,
I-94: I-94 (Fergus Falls - MP 61.5): I-94 (Fergus Falls - MP 61.5) View 5,camera/508672/3711061149,https://public.carsprogram.org/cameras/MN/C30369-v5?1791430860000,,I-94: I-94 (Fergus Falls - MP 61.5),I-94,,
I-94: I-94 EB W of U.S.59 (94-59.50),camera/510320/2055083033,https://public.carsprogram.org/cameras/MN/C9438?1791430860000,,I-94: I-94 EB W of U.S.59 (94-59.50),I-94,45.9896587,-94.6113288
I-94: I-94 WB E of Co Rd 24 (94-36.69),camera/510885/911202124,https://public.carsprogram.org/cameras/MN/C9426?1791430860000,,I-94: I-94 WB E of Co Rd 24 (94-36.69),I-94,45.9896587,-94.6113288
I-94: I-94 (Rothsay - MP 38): I-94 (Rothsay - MP 38) View 1,camera/509801/2490778400,https://public.carsprogram.org/cameras/MN/C30311-v1?1791430860000,,I-94: I-94 (Rothsay - MP 38),I-94,46.502494,-96.2909071
I-94: I-94 (Rothsay - MP 38): I-94 (Rothsay - MP 38) View 2,camera/509801/3443282467,https://public.carsprogram.org/cameras/MN/C30311-v2?1791430860000,,I-94: I-94 (Rothsay - MP 38),I-94,46.502494,-96.2909071
I-94: I-94 (Rothsay - MP 38): I-94 (Rothsay - MP 38) View 3,camera/509801/3465965986,https://public.carsprogram.org/cameras/MN/C30311-v3?1791430860000,,I-94: I-94 (Rothsay - MP 38),I-94,46.502494,-96.2909071
I-94: I-94 (Rothsay - MP 38): I-94 (Rothsay - MP 38) View 4,camera/509801/3598386597,https://public.carsprogram.org/cameras/MN/C30311-v4?1791430860000,,I-94: I-94 (Rothsay - MP 38),I-94,46.502494,-96.2909071
I-94: I-94 EB W of Co Rd 11 (94-36.86),camera/511451/56650411,https://public.carsprogram.org/cameras/MN/C9422?1791430860000,,I-94: I-94 EB W of Co Rd 11 (94-36.86),I-94,45.9896587,-94.6113288
I-94: I-94 WB E of T.H.34 (MP 25.01),camera/511413/775027162,https://public.carsprogram.org/cameras/MN/C9414?1791430860000,,I-94: I-94 WB E of T.H.34 (MP 25.01),I-94,45.9896587,-94.6113288
I-94: I-94 EB W of T.H.9 (MP 21.2 - 140th Av S),camera/511422/712781395,https://public.carsprogram.org/cameras/MN/C9410?1791430860000,,I-94: I-94 EB W of T.H.9 (MP 21.2 - 140th Av S),I-94,,
I-94: I-94 WB @ 50th St,camera/510531/3176903687,https://public.carsprogram.org/cameras/MN/C30684,https://video.dot.state.mn.us/public/C30684.stream/playlist.m3u8,I-94: I-94 WB @ 50th St,I-94,,
I-94: I-94 (Dilworth - MP 5): I-94 (Dilworth - MP 5) View 1,camera/510368/4116486403,https://public.carsprogram.org/cameras/MN/C30310-v1?1791430860000,,I-94: I-94 (Dilworth - MP 5),I-94,,
I-94: I-94 (Dilworth - MP 5): I-94 (Dilworth - MP 5) View 2,camera/510368/3128285120,https://public.carsprogram.org/cameras/MN/C30310-v2?1791430860000,,I-94: I-94 (Dilworth - MP 5),I-94,,
I-94: I-94 (Dilworth - MP 5): I-94 (Dilworth - MP 5) View 3,camera/510368/2135259137,https://public.carsprogram.org/cameras/MN/C30310-v3?1791430860000,,I-94: I-94 (Dilworth - MP 5),I-94,,
I-94: I-94 EB W of T.H.336,camera/508827/837805375,https://public.carsprogram.org/cameras/MN/C9404,https://video.dot.state.mn.us/public/C9404.stream/playlist.m3u8,I-94: I-94 EB W of T.H.336,I-94,45.9896587,-94.6113288
I-94: I-94 WB W of MN 336,camera/510297/351100946,https://public.carsprogram.org/cameras/MN/C30683,https://video.dot.state.mn.us/public/C30683.stream/playlist.m3u8,I-94: I-94 WB W of MN 336,I-94,45.9896587,-94.6113288
I-94: I-94 EB E of 34th St,camera/511164/1953638171,https://public.carsprogram.org/cameras/MN/C30682,https://video.dot.state.mn.us/public/C30682.stream/playlist.m3u8,I-94: I-94 EB E of 34th St,I-94,,
I-94: I-94 EB @ Main Ave,camera/510489/116946610,https://public.carsprogram.org/cameras/MN/C30681,https://video.dot.state.mn.us/public/C30681.stream/playlist.m3u8,I-94: I-94 EB @ Main Ave,I-94,,
I-94: I-94 WB @ 20th St,camera/510522/2079486144,https://public.carsprogram.org/cameras/MN/C30680,https://video.dot.state.mn.us/public/C30680.stream/playlist.m3u8,I-94: I-94 WB @ 20th St,I-94,,
I-94: I-94 EB E of U.S.75,camera/510780/1109361699,https://public.carsprogram.org/cameras/MN/C30679,https://video.dot.state.mn.us/public/C30679.stream/playlist.m3u8,I-94: I-94 EB E of U.S.75,I-94,45.9896587,-94.6113288
I-94: I-94 EB @ U.S.75,camera/510794/2192775727,https://public.carsprogram.org/cameras/MN/C30678,https://video.dot.state.mn.us/public/C30678.stream/playlist.m3u8,I-94: I-94 EB @ U.S.75,I-94,45.9896587,-94.6113288
I-94: I-94 (Red River - Bridge): I-94 (Red River - Bridge) View 1,camera/511088/1056276202,https://public.carsprogram.org/cameras/MN/C30470-v1?1791430860000,,I-94: I-94 (Red River - Bridge),I-94,,
I-94: I-94 (Red River - Bridge): I-94 (Red River - Bridge) View 2,camera/511088/3420428169,https://public.carsprogram.org/cameras/MN/C30470-v2?1791430860000,,I-94: I-94 (Red River - Bridge),I-94,,
I-94: I-94 (Red River - Bridge): I-94 (Red River - Bridge) View 3,camera/511088/33592616,https://public.carsprogram.org/cameras/MN/C30470-v3?1791430860000,,I-94: I-94 (Red River - Bridge),I-94,,
I-94: I-94 (Red River - Bridge): I-94 (Red River - Bridge) View 4,camera/511088/1442370255,https://public.carsprogram.org/cameras/MN/C30470-v4?1791430860000,,I-94: I-94 (Red River - Bridge),I-94,,
I-94: I-94 EB W of U.S.75,camera/511247/340864689,https://public.carsprogram.org/cameras/MN/C30677,https://video.dot.state.mn.us/public/C30677.stream/playlist.m3u8,I-94: I-94 EB W of U.S.75,I-94,45.9896587,-94.6113288
I-90: I-90 EB (La Crescent - MP 276.4): I-90 EB (La Crescent - MP 276.4) View 1,camera/510572/4285405885,https://public.carsprogram.org/cameras/MN/C30338-v1?1791430860000,,I-90: I-90 EB (La Crescent - MP 276.4),I-90,,
I-90: I-90 EB (La Crescent - MP 276.4): I-90 EB (La Crescent - MP 276.4) View 2,camera/510572/2035925502,https://public.carsprogram.org/cameras/MN/C30338-v2?1791430860000,,I-90: I-90 EB (La Crescent - MP 276.4),I-90,,
I-90: I-90 EB (La Crescent - MP 276.4): I-90 EB (La Crescent - MP 276.4) View 3,camera/510572/2385581119,https://public.carsprogram.org/cameras/MN/C30338-v3?1791430860000,,I-90: I-90 EB (La Crescent - MP 276.4),I-90,,
I-90: I-90 EB (La Crescent - MP 276.4): I-90 EB (La Crescent - MP 276.4) View 4,camera/510572/2812819576,https://public.carsprogram.org/cameras/MN/C30338-v4?1791430860000,,I-90: I-90 EB (La Crescent - MP 276.4),I-90,,
I-90: I-90 EB (La Crescent - MP 276.4): I-90 EB (La Crescent - MP 276.4) View 5,camera/510572/3038842041,https://public.carsprogram.org/cameras/MN/C30338-v5?1791430860000,,I-90: I-90 EB (La Crescent - MP 276.4),I-90,,
I-90: I-90 WB @ U.S.61,camera/511576/4033504188,https://public.carsprogram.org/cameras/MN/D6-C340?1791430860000,,I-90: I-90 WB @ U.S.61,I-90,45.9896587,-94.6113288
I-90: U.S.61 NB N of I-90,camera/510608/536622498,https://public.carsprogram.org/cameras/MN/D6-C338?1791430860000,,I-90: U.S.61 NB N of I-90,I-90,45.9896587,-94.6113288
I-90: I-90 WB (Ridgeway - MP 261): I-90 WB (Ridgeway - MP 261) View 1,camera/511620/1306477751,https://public.carsprogram.org/cameras/MN/C30309-v1?1791430860000,,I-90: I-90 WB (Ridgeway - MP 261),I-90,,
I-90: I-90 WB (Ridgeway - MP 261): I-90 WB (Ridgeway - MP 261) View 2,camera/511620/2500674324,https://public.carsprogram.org/cameras/MN/C30309-v2?1791430860000,,I-90: I-90 WB (Ridgeway - MP 261),I-90,,
I-90: I-90 WB (Ridgeway - MP 261): I-90 WB (Ridgeway - MP 261) View 3,camera/511620/838608245,https://public.carsprogram.org/cameras/MN/C30309-v3?1791430860000,,I-90: I-90 WB (Ridgeway - MP 261),I-90,,
I-90: I-90 WB (Ridgeway - MP 261): I-90 WB (Ridgeway - MP 261) View 4,camera/511620/2240233170,https://public.carsprogram.org/cameras/MN/C30309-v4?1791430860000,,I-90: I-90 WB (Ridgeway - MP 261),I-90,,
I-90: I-90 WB (Eyota - MP 226): I-90 WB (Eyota - MP 226) View 1,camera/510690/3567236288,https://public.carsprogram.org/cameras/MN/C30308-v1?1791430860000,,I-90: I-90 WB (Eyota - MP 226),I-90,,
I-90: I-90 WB (Eyota - MP 226): I-90 WB (Eyota - MP 226) View 2,camera/510690/2192869891,https://public.carsprogram.org/cameras/MN/C30308-v2?1791430860000,,I-90: I-90 WB (Eyota - MP 226),I-90,,
I-90: I-90 WB (Eyota - MP 226): I-90 WB (Eyota - MP 226) View 3,camera/510690/3765963970,https://public.carsprogram.org/cameras/MN/C30308-v3?1791430860000,,I-90: I-90 WB (Eyota - MP 226),I-90,,
I-90: I-90 WB (Eyota - MP 226): I-90 WB (Eyota - MP 226) View 4,camera/510690/341688069,https://public.carsprogram.org/cameras/MN/C30308-v4?1791430860000,,I-90: I-90 WB (Eyota - MP 226),I-90,,
I-90: I-90 WB (Dexter - MP 195): I-90 WB (Dexter - MP 195) View 1,camera/510682/2974142583,https://public.carsprogram.org/cameras/MN/C30307-v1?1791430860000,,I-90: I-90 WB (Dexter - MP 195),I-90,,
I-90: I-90 WB (Dexter - MP 195): I-90 WB (Dexter - MP 195) View 2,camera/510682/3761298260,https://public.carsprogram.org/cameras/MN/C30307-v2?1791430860000,,I-90: I-90 WB (Dexter - MP 195),I-90,,
I-90: I-90 WB (Dexter - MP 195): I-90 WB (Dexter - MP 195) View 3,camera/510682/2554988341,https://public.carsprogram.org/cameras/MN/C30307-v3?1791430860000,,I-90: I-90 WB (Dexter - MP 195),I-90,,
I-90: I-90 WB (Dexter - MP 195): I-90 WB (Dexter - MP 195) View 4,camera/510682/3885747730,https://public.carsprogram.org/cameras/MN/C30307-v4?1791430860000,,I-90: I-90 WB (Dexter - MP 195),I-90,,
I-90: I-90 WB (Dexter - MP 195): I-90 WB (Dexter - MP 195) View 5,camera/510682/3363519731,https://public.carsprogram.org/cameras/MN/C30307-v5?1791430860000,,I-90: I-90 WB (Dexter - MP 195),I-90,,
I-90: I-90 WB @ 4th St NW,camera/511408/1261617451,https://public.carsprogram.org/cameras/MN/C30784?1791430860000,,I-90: I-90 WB @ 4th St NW,I-90,45.9896587,-94.6113288
I-90: I-90 EB @ I-35 NB,camera/511387/2250926241,https://public.carsprogram.org/cameras/MN/C30585,https://video.dot.state.mn.us/public/C30585.stream/playlist.m3u8,I-90: I-90 EB @ I-35 NB,I-90,45.9896587,-94.6113288
I-90: I-90 EB (Wells - MP 48.2): I-90 EB (Wells - MP 48.2) View 1,camera/510550/1167744979,https://public.carsprogram.org/cameras/MN/C30341-v1?1791430860000,,I-90: I-90 EB (Wells - MP 48.2),I-90,,
I-90: I-90 EB (Wells - MP 48.2): I-90 EB (Wells - MP 48.2) View 2,camera/510550/2490575984,https://public.carsprogram.org/cameras/MN/C30341-v2?1791430860000,,I-90: I-90 EB (Wells - MP 48.2),I-90,,
I-90: I-90 EB (Wells - MP 48.2): I-90 EB (Wells - MP 48.2) View 3,camera/510550/219358993,https://public.carsprogram.org/cameras/MN/C30341-v3?1791430860000,,I-90: I-90 EB (Wells - MP 48.2),I-90,,
I-90: I-90 WB (Blue Earth - MP 119): I-90 WB (Blue Earth - MP 119) View 1,camera/511547/2532708669,https://public.carsprogram.org/cameras/MN/C30306-v1?1791430860000,,I-90: I-90 WB (Blue Earth - MP 119),I-90,,
I-90: I-90 WB (Blue Earth - MP 119): I-90 WB (Blue Earth - MP 119) View 2,camera/511547/3677493150,https://public.carsprogram.org/cameras/MN/C30306-v2?1791430860000,,I-90: I-90 WB (Blue Earth - MP 119),I-90,,
I-90: I-90 WB (Blue Earth - MP 119): I-90 WB (Blue Earth - MP 119) View 3,camera/511547/1973439359,https://public.carsprogram.org/cameras/MN/C30306-v3?1791430860000,,I-90: I-90 WB (Blue Earth - MP 119),I-90,,
I-90: I-90 WB (Blue Earth - MP 119): I-90 WB (Blue Earth - MP 119) View 4,camera/511547/2786299352,https://public.carsprogram.org/cameras/MN/C30306-v4?1791430860000,,I-90: I-90 WB (Blue Earth - MP 119),I-90,,
I-90: I-90 WB (Blue Earth - MP 119): I-90 WB (Blue Earth - MP 119) View 5,camera/511547/71615161,https://public.carsprogram.org/cameras/MN/C30306-v5?1791430860000,,I-90: I-90 WB (Blue Earth - MP 119),I-90,,
I-90: I-90 E-W (Welcome - MP 93.7): I-90 E-W (Welcome - MP 93.7) View 1,camera/508834/171660499,https://public.carsprogram.org/cameras/MN/C30340-v1?1791430860000,,I-90: I-90 E-W (Welcome - MP 93.7),I-90,,
I-90: I-90 E-W (Welcome - MP 93.7): I-90 E-W (Welcome - MP 93.7) View 2,camera/508834/806075280,https://public.carsprogram.org/cameras/MN/C30340-v2?1791430860000,,I-90: I-90 E-W (Welcome - MP 93.7),I-90,,
I-90: I-90 E-W (Welcome - MP 93.7): I-90 E-W (Welcome - MP 93.7) View 3,camera/508834/4095539025,https://public.carsprogram.org/cameras/MN/C30340-v3?1791430860000,,I-90: I-90 E-W (Welcome - MP 93.7),I-90,,
I-90: I-90 E-W (Welcome - MP 93.7): I-90 E-W (Welcome - MP 93.7) View 4,camera/508834/2916140822,https://public.carsprogram.org/cameras/MN/C30340-v4?1791430860000,,I-90: I-90 E-W (Welcome - MP 93.7),I-90,,
I-90: I-90 EB (Lakefield - MP 67): I-90 EB (Lakefield - MP 67) View 1,camera/511138/3189622306,https://public.carsprogram.org/cameras/MN/C30305-v1?1791430860000,,I-90: I-90 EB (Lakefield - MP 67),I-90,,
I-90: I-90 EB (Lakefield - MP 67): I-90 EB (Lakefield - MP 67) View 2,camera/511138/2972954113,https://public.carsprogram.org/cameras/MN/C30305-v2?1791430860000,,I-90: I-90 EB (Lakefield - MP 67),I-90,,
I-90: I-90 EB (Lakefield - MP 67): I-90 EB (Lakefield - MP 67) View 3,camera/511138/1957926624,https://public.carsprogram.org/cameras/MN/C30305-v3?1791430860000,,I-90: I-90 EB (Lakefield - MP 67),I-90,,
I-90: I-90 EB (Lakefield - MP 67): I-90 EB (Lakefield - MP 67) View 4,camera/511138/637967303,https://public.carsprogram.org/cameras/MN/C30305-v4?1791430860000,,I-90: I-90 EB (Lakefield - MP 67),I-90,,
I-90: I-90 EB (Lakefield - MP 67): I-90 EB (Lakefield - MP 67) View 5,camera/511138/934905254,https://public.carsprogram.org/cameras/MN/C30305-v5?1791430860000,,I-90: I-90 EB (Lakefield - MP 67),I-90,,
I-90: I-90 EB (Rushmore - MP 35): I-90 EB (Rushmore - MP 35) View 1,camera/511429/4282348877,https://public.carsprogram.org/cameras/MN/C30304-v1?1791430860000,,I-90: I-90 EB (Rushmore - MP 35),I-90,,
I-90: I-90 EB (Rushmore - MP 35): I-90 EB (Rushmore - MP 35) View 2,camera/511429/1158114318,https://public.carsprogram.org/cameras/MN/C30304-v2?1791430860000,,I-90: I-90 EB (Rushmore - MP 35),I-90,,
I-90: I-90 EB (Rushmore - MP 35): I-90 EB (Rushmore - MP 35) View 3,camera/511429/1328907983,https://public.carsprogram.org/cameras/MN/C30304-v3?1791430860000,,I-90: I-90 EB (Rushmore - MP 35),I-90,,
I-90: I-90 EB (Rushmore - MP 35): I-90 EB (Rushmore - MP 35) View 4,camera/511429/1184578440,https://public.carsprogram.org/cameras/MN/C30304-v4?1791430860000,,I-90: I-90 EB (Rushmore - MP 35),I-90,,
I-90: I-90 EB (Rushmore - MP 35): I-90 EB (Rushmore - MP 35) View 5,camera/511429/1204229193,https://public.carsprogram.org/cameras/MN/C30304-v5?1791430860000,,I-90: I-90 EB (Rushmore - MP 35),I-90,,
I-90: I-90 EB (Magnolia - MP 21.6): I-90 EB (Magnolia - MP 21.6) View 1,camera/508851/2162383415,https://public.carsprogram.org/cameras/MN/C30339-v1?1791430860000,,I-90: I-90 EB (Magnolia - MP 21.6),I-90,,
I-90: I-90 EB (Magnolia - MP 21.6): I-90 EB (Magnolia - MP 21.6) View 2,camera/508851/2922593588,https://public.carsprogram.org/cameras/MN/C30339-v2?1791430860000,,I-90: I-90 EB (Magnolia - MP 21.6),I-90,,
I-90: I-90 EB (Magnolia - MP 21.6): I-90 EB (Magnolia - MP 21.6) View 3,camera/508851/1770905397,https://public.carsprogram.org/cameras/MN/C30339-v3?1791430860000,,I-90: I-90 EB (Magnolia - MP 21.6),I-90,,
I-90: I-90 EB (Magnolia - MP 21.6): I-90 EB (Magnolia - MP 21.6) View 4,camera/508851/169823026,https://public.carsprogram.org/cameras/MN/C30339-v4?1791430860000,,I-90: I-90 EB (Magnolia - MP 21.6),I-90,,
I-90: I-90 EB (Beaver Creek - MP 4): I-90 EB (Beaver Creek - MP 4) View 1,camera/508908/1763229259,https://public.carsprogram.org/cameras/MN/C30303-v1?1791430860000,,I-90: I-90 EB (Beaver Creek - MP 4),I-90,,
I-90: I-90 EB (Beaver Creek - MP 4): I-90 EB (Beaver Creek - MP 4) View 2,camera/508908/4040599912,https://public.carsprogram.org/cameras/MN/C30303-v2?1791430860000,,I-90: I-90 EB (Beaver Creek - MP 4),I-90,,
I-90: I-90 EB (Beaver Creek - MP 4): I-90 EB (Beaver Creek - MP 4) View 3,camera/508908/1190356233,https://public.carsprogram.org/cameras/MN/C30303-v3?1791430860000,,I-90: I-90 EB (Beaver Creek - MP 4),I-90,,
I-90: I-90 EB (Beaver Creek - MP 4): I-90 EB (Beaver Creek - MP 4) View 4,camera/508908/3174812974,https://public.carsprogram.org/cameras/MN/C30303-v4?1791430860000,,I-90: I-90 EB (Beaver Creek - MP 4),I-90,,
I-90: I-90 EB (Beaver Creek - MP 4): I-90 EB (Beaver Creek - MP 4) View 5,camera/508908/1302186703,https://public.carsprogram.org/cameras/MN/C30303-v5?1791430860000,,I-90: I-90 EB (Beaver Creek - MP 4),I-90,,
I-35: I-35 SB (Leif Ericson Tunnel),camera/510414/1261527542,https://public.carsprogram.org/cameras/MN/C35-195?1791430860000,,I-35: I-35 SB (Leif Ericson Tunnel),I-35,,
I-35: I-35 NB (Leif Ericson Tunnel),camera/511048/908199435,https://public.carsprogram.org/cameras/MN/C35-194?1791430860000,,I-35: I-35 NB (Leif Ericson Tunnel),I-35,,
I-35: I-35 SB @ 10th Ave E,camera/508707/799024476,https://public.carsprogram.org/cameras/MN/C35-191,https://video.dot.state.mn.us/public/C35-191.stream/playlist.m3u8,I-35: I-35 SB @ 10th Ave E,I-35,,
I-35: I-35 SB @ 6th Ave E,camera/508924/1718060395,https://public.carsprogram.org/cameras/MN/C35-188,https://video.dot.state.mn.us/public/C35-188.stream/playlist.m3u8,I-35: I-35 SB @ 6th Ave E,I-35,45.9896587,-94.6113288
I-35: I-35 NB @ Lake Pl,camera/510324/3669177620,https://public.carsprogram.org/cameras/MN/C30276,https://video.dot.state.mn.us/public/C30276.stream/playlist.m3u8,I-35: I-35 NB @ Lake Pl,I-35,,
I-35: I-35 SB @ Lake Pl,camera/511453/3164191145,https://public.carsprogram.org/cameras/MN/C35-185,https://video.dot.state.mn.us/public/C35-185.stream/playlist.m3u8,I-35: I-35 SB @ Lake Pl,I-35,,
I-35: I-35 SB @ Lake Ave,camera/511545/553234791,https://public.carsprogram.org/cameras/MN/C35-182?1791430860000,,I-35: I-35 SB @ Lake Ave,I-35,,
I-35: I-35 SB (Alworth Bldg),camera/510598/1577006753,https://public.carsprogram.org/cameras/MN/C35-179,https://video.dot.state.mn.us/public/C35-179.stream/playlist.m3u8,I-35: I-35 SB (Alworth Bldg),I-35,,
I-35: I-35 NB @ 5th Ave,camera/510293/1534836016,https://public.carsprogram.org/cameras/MN/C30219,https://video.dot.state.mn.us/public/C30219.stream/playlist.m3u8,I-35: I-35 NB @ 5th Ave,I-35,45.9896587,-94.6113288
I-35: I-35 SB @ 14th Ave W,camera/510762/3562842762,https://public.carsprogram.org/cameras/MN/C35-174,https://video.dot.state.mn.us/public/C35-174.stream/playlist.m3u8,I-35: I-35 SB @ 14th Ave W,I-35,,
I-35: I-35 NB @ T.H.53,camera/510940/713555761,https://public.carsprogram.org/cameras/MN/C35-136,https://video.dot.state.mn.us/public/C35-136.stream/playlist.m3u8,I-35: I-35 NB @ T.H.53,I-35,45.9896587,-94.6113288
I-35: I-35 NB @ 24th Ave W,camera/510709/1456577268,https://public.carsprogram.org/cameras/MN/C35-132,https://video.dot.state.mn.us/public/C35-132.stream/playlist.m3u8,I-35: I-35 NB @ 24th Ave W,I-35,,
I-35: I-35 SB @ 24th Ave W,camera/511563/1103249161,https://public.carsprogram.org/cameras/MN/C35-131,https://video.dot.state.mn.us/public/C35-131.stream/playlist.m3u8,I-35: I-35 SB @ 24th Ave W,I-35,,
I-35: I-35 NB @ 29th Ave W,camera/511481/2214319769,https://public.carsprogram.org/cameras/MN/C35-125,https://video.dot.state.mn.us/public/C35-125.stream/playlist.m3u8,I-35: I-35 NB @ 29th Ave W,I-35,,
I-35: I-35 NB (Oredocks),camera/511259/1467277794,https://public.carsprogram.org/cameras/MN/C35-123,https://video.dot.state.mn.us/public/C35-123.stream/playlist.m3u8,I-35: I-35 NB (Oredocks),I-35,,
I-35: I-35 NB @ 40th Ave W,camera/511062/1335591670,https://public.carsprogram.org/cameras/MN/C35-121,https://video.dot.state.mn.us/public/C35-121.stream/playlist.m3u8,I-35: I-35 NB @ 40th Ave W,I-35,,
I-35: I-35 NB @ Central Ave,camera/510287/731321690,/images/icon-camera-closed-fill-solid-padded.svg,https://video.dot.state.mn.us/public/C35-100.stream/playlist.m3u8,I-35: I-35 NB @ Central Ave,I-35,,
I-35: I-35 NB @ 63rd Ave W,camera/511110/114396253,https://public.carsprogram.org/cameras/MN/C35-098,https://video.dot.state.mn.us/public/C35-098.stream/playlist.m3u8,I-35: I-35 NB @ 63rd Ave W,I-35,,
I-35: I-35 NB @ Cody St,camera/508845/1491613693,https://public.carsprogram.org/cameras/MN/C35-094,https://video.dot.state.mn.us/public/C35-094.stream/playlist.m3u8,I-35: I-35 NB @ Cody St,I-35,,
I-35: I-35 SB @ Boundary Ave,camera/511455/428274396,https://public.carsprogram.org/cameras/MN/C30269,https://video.dot.state.mn.us/public/C30269.stream/playlist.m3u8,I-35: I-35 SB @ Boundary Ave,I-35,,
I-35: I-35 (Thompson Hill - MP 247): I-35 (Thompson Hill - MP 247) View 1,camera/511302/3426074630,https://public.carsprogram.org/cameras/MN/C30452-v1?1791430860000,,I-35: I-35 (Thompson Hill - MP 247),I-35,,
I-35: I-35 (Thompson Hill - MP 247): I-35 (Thompson Hill - MP 247) View 2,camera/511302/3670968037,https://public.carsprogram.org/cameras/MN/C30452-v2?1791430860000,,I-35: I-35 (Thompson Hill - MP 247),I-35,,
I-35: I-35 (Thompson Hill - MP 247): I-35 (Thompson Hill - MP 247) View 3,camera/511302/4215520324,https://public.carsprogram.org/cameras/MN/C30452-v3?1791430860000,,I-35: I-35 (Thompson Hill - MP 247),I-35,,
I-35: I-35 (Thompson Hill - MP 247): I-35 (Thompson Hill - MP 247) View 4,camera/511302/703839523,https://public.carsprogram.org/cameras/MN/C30452-v4?1791430860000,,I-35: I-35 (Thompson Hill - MP 247),I-35,,
I-35: I-35 NB @ Ormsby Road,camera/509413/1350578667,https://public.carsprogram.org/cameras/MN/C30270,https://video.dot.state.mn.us/public/C30270.stream/playlist.m3u8,I-35: I-35 NB @ Ormsby Road,I-35,,
I-35: I-35 NB @ Midway Rd,camera/509842/1941789234,https://public.carsprogram.org/cameras/MN/C30271,https://video.dot.state.mn.us/public/C30271.stream/playlist.m3u8,I-35: I-35 NB @ Midway Rd,I-35,,
I-35: I-35 SB @ Korby Road,camera/511599/1792458787,https://public.carsprogram.org/cameras/MN/C30272,https://video.dot.state.mn.us/public/C30272.stream/playlist.m3u8,I-35: I-35 SB @ Korby Road,I-35,,
I-35: I-35 (Atkinson Br - MP 231): I-35 (Atkinson Br - MP 231) View 1,camera/511100/140479809,https://public.carsprogram.org/cameras/MN/C30469-v1?1791430860000,,I-35: I-35 (Atkinson Br - MP 231),I-35,,
I-35: I-35 (Atkinson Br - MP 231): I-35 (Atkinson Br - MP 231) View 2,camera/511100/4064591138,https://public.carsprogram.org/cameras/MN/C30469-v2?1791430860000,,I-35: I-35 (Atkinson Br - MP 231),I-35,,
I-35: I-35 (Atkinson Br - MP 231): I-35 (Atkinson Br - MP 231) View 3,camera/511100/2273480067,https://public.carsprogram.org/cameras/MN/C30469-v3?1791430860000,,I-35: I-35 (Atkinson Br - MP 231),I-35,,
I-35: I-35 (Atkinson Br - MP 231): I-35 (Atkinson Br - MP 231) View 4,camera/511100/296665444,https://public.carsprogram.org/cameras/MN/C30469-v4?1791430860000,,I-35: I-35 (Atkinson Br - MP 231),I-35,,
I-35: I-35 (Moose Lake - MP 216.0): I-35 (Moose Lake - MP 216.0) View 1,camera/511361/3389467641,https://public.carsprogram.org/cameras/MN/C30431-v1?1791430860000,,I-35: I-35 (Moose Lake - MP 216.0),I-35,,
I-35: I-35 (Moose Lake - MP 216.0): I-35 (Moose Lake - MP 216.0) View 2,camera/511361/3376353210,https://public.carsprogram.org/cameras/MN/C30431-v2?1791430860000,,I-35: I-35 (Moose Lake - MP 216.0),I-35,,
I-35: I-35 (Moose Lake - MP 216.0): I-35 (Moose Lake - MP 216.0) View 3,camera/511361/2174591995,https://public.carsprogram.org/cameras/MN/C30431-v3?1791430860000,,I-35: I-35 (Moose Lake - MP 216.0),I-35,,
I-35: I-35 (Moose Lake - MP 216.0): I-35 (Moose Lake - MP 216.0) View 4,camera/511361/565824188,https://public.carsprogram.org/cameras/MN/C30431-v4?1791430860000,,I-35: I-35 (Moose Lake - MP 216.0),I-35,,
I-35: I-35 (Moose Lake - MP 216.0): I-35 (Moose Lake - MP 216.0) View 5,camera/511361/2347187709,https://public.carsprogram.org/cameras/MN/C30431-v5?1791430860000,,I-35: I-35 (Moose Lake - MP 216.0),I-35,,
I-35: I-35 (Askov - MP 198): I-35 (Askov - MP 198) View 1,camera/510901/4087361082,https://public.carsprogram.org/cameras/MN/C30302-v1?1791430860000,,I-35: I-35 (Askov - MP 198),I-35,,
I-35: I-35 (Askov - MP 198): I-35 (Askov - MP 198) View 2,camera/510901/2705022233,https://public.carsprogram.org/cameras/MN/C30302-v2?1791430860000,,I-35: I-35 (Askov - MP 198),I-35,,
I-35: I-35 (Askov - MP 198): I-35 (Askov - MP 198) View 3,camera/510901/4132031224,https://public.carsprogram.org/cameras/MN/C30302-v3?1791430860000,,I-35: I-35 (Askov - MP 198),I-35,,
I-35: I-35 (Askov - MP 198): I-35 (Askov - MP 198) View 4,camera/510901/2779731935,https://public.carsprogram.org/cameras/MN/C30302-v4?1791430860000,,I-35: I-35 (Askov - MP 198),I-35,,
I-35: I-35 (Hinckley - MP 181): I-35 (Hinckley - MP 181) View 1,camera/511318/2503441989,https://public.carsprogram.org/cameras/MN/C30449-v1?1791430860000,,I-35: I-35 (Hinckley - MP 181),I-35,,
I-35: I-35 (Hinckley - MP 181): I-35 (Hinckley - MP 181) View 2,camera/511318/1704178822,https://public.carsprogram.org/cameras/MN/C30449-v2?1791430860000,,I-35: I-35 (Hinckley - MP 181),I-35,,
I-35: I-35 (Hinckley - MP 181): I-35 (Hinckley - MP 181) View 3,camera/511318/3567224903,https://public.carsprogram.org/cameras/MN/C30449-v3?1791430860000,,I-35: I-35 (Hinckley - MP 181),I-35,,
I-35: I-35 NB @ 540th St (Chisago-Pine Co Ln-MP163),camera/511006/3170129741,https://public.carsprogram.org/cameras/MN/C30640,https://video.dot.state.mn.us/public/C30640.stream/playlist.m3u8,I-35: I-35 NB @ 540th St (Chisago-Pine Co Ln-MP163),I-35,,
I-35: I-35 NB @ 530th St (Co Rd 3 - MP 162.2),camera/510432/4272139543,https://public.carsprogram.org/cameras/MN/C30639,https://video.dot.state.mn.us/public/C30639.stream/playlist.m3u8,I-35: I-35 NB @ 530th St (Co Rd 3 - MP 162.2),I-35,,
I-35: I-35 NB @ 520th St (MP 161.2),camera/510551/3703722481,https://public.carsprogram.org/cameras/MN/C30638,https://video.dot.state.mn.us/public/C30638.stream/playlist.m3u8,I-35: I-35 NB @ 520th St (MP 161.2),I-35,,
I-35: I-35 NB @ Co Rd 1 (Rush City - MP 160),camera/510513/3369081021,https://public.carsprogram.org/cameras/MN/C30637,https://video.dot.state.mn.us/public/C30637.stream/playlist.m3u8,I-35: I-35 NB @ Co Rd 1 (Rush City - MP 160),I-35,,
I-35: I-35 NB @ Rush Point Dr (Co Rd 7 - MP 159.1),camera/510822/4010194163,https://public.carsprogram.org/cameras/MN/C30636,https://video.dot.state.mn.us/public/C30636.stream/playlist.m3u8,I-35: I-35 NB @ Rush Point Dr (Co Rd 7 - MP 159.1),I-35,,
I-35: I-35 NB @ 490th St (MP 158.3),camera/510740/2561966992,https://public.carsprogram.org/cameras/MN/C30635,https://video.dot.state.mn.us/public/C30635.stream/playlist.m3u8,I-35: I-35 NB @ 490th St (MP 158.3),I-35,,
I-35: I-35 NB @ 480th St (MP 157.3),camera/510607/2460481950,https://public.carsprogram.org/cameras/MN/C30634,https://video.dot.state.mn.us/public/C30634.stream/playlist.m3u8,I-35: I-35 NB @ 480th St (MP 157.3),I-35,,
I-35: I-35 (Rush City - MP 157): I-35 (Rush City - MP 157) View 1,camera/508776/783196578,https://public.carsprogram.org/cameras/MN/C30301-v1?1791430860000,,I-35: I-35 (Rush City - MP 157),I-35,,
I-35: I-35 (Rush City - MP 157): I-35 (Rush City - MP 157) View 2,camera/508776/1003693761,https://public.carsprogram.org/cameras/MN/C30301-v2?1791430860000,,I-35: I-35 (Rush City - MP 157),I-35,,
I-35: I-35 (Rush City - MP 157): I-35 (Rush City - MP 157) View 3,camera/508776/452925920,https://public.carsprogram.org/cameras/MN/C30301-v3?1791430860000,,I-35: I-35 (Rush City - MP 157),I-35,,
I-35: I-35 (Rush City - MP 157): I-35 (Rush City - MP 157) View 4,camera/508776/2687655943,https://public.carsprogram.org/cameras/MN/C30301-v4?1791430860000,,I-35: I-35 (Rush City - MP 157),I-35,,
I-35: I-35 NB @ 460th St (MP 155.2),camera/511536/3205760115,https://public.carsprogram.org/cameras/MN/C30632,https://video.dot.state.mn.us/public/C30632.stream/playlist.m3u8,I-35: I-35 NB @ 460th St (MP 155.2),I-35,,
I-35: I-35 NB @ Goose Creek RA (MP 154.3),camera/510503/1077138114,https://public.carsprogram.org/cameras/MN/C30631,https://video.dot.state.mn.us/public/C30631.stream/playlist.m3u8,I-35: I-35 NB @ Goose Creek RA (MP 154.3),I-35,,
I-35: I-35 NB @ Co Rd 10 (Stark Rd - MP 152.6),camera/508792/2910046694,https://public.carsprogram.org/cameras/MN/C30630,https://video.dot.state.mn.us/public/C30630.stream/playlist.m3u8,I-35: I-35 NB @ Co Rd 10 (Stark Rd - MP 152.6),I-35,,
I-35: I-35 NB @ 425th St (MP 151.6),camera/508831/1901961650,https://public.carsprogram.org/cameras/MN/C30629,https://video.dot.state.mn.us/public/C30629.stream/playlist.m3u8,I-35: I-35 NB @ 425th St (MP 151.6),I-35,,
I-35: I-35 NB @ 417th St (MP 151),camera/511184/3963660491,https://public.carsprogram.org/cameras/MN/C30628,https://video.dot.state.mn.us/public/C30628.stream/playlist.m3u8,I-35: I-35 NB @ 417th St (MP 151),I-35,,
I-35: I-35 NB @ 410th St (MP 150.2),camera/511134/600895729,https://public.carsprogram.org/cameras/MN/C30627,https://video.dot.state.mn.us/public/C30627.stream/playlist.m3u8,I-35: I-35 NB @ 410th St (MP 150.2),I-35,,
I-35: I-35 NB N of T.H.95 (MP 149.2),camera/511495/1374259424,https://public.carsprogram.org/cameras/MN/C30626,https://video.dot.state.mn.us/public/C30626.stream/playlist.m3u8,I-35: I-35 NB N of T.H.95 (MP 149.2),I-35,45.9896587,-94.6113288
I-35: I-35 NB S of T.H.95 (MP 147.2),camera/510649/4148989747,https://public.carsprogram.org/cameras/MN/C30624,https://video.dot.state.mn.us/public/C30624.stream/playlist.m3u8,I-35: I-35 NB S of T.H.95 (MP 147.2),I-35,45.9896587,-94.6113288
I-35: I-35 NB N of Co Rd 17 (MP 145.2),camera/508785/3590534784,https://public.carsprogram.org/cameras/MN/C30622,https://video.dot.state.mn.us/public/C30622.stream/playlist.m3u8,I-35: I-35 NB N of Co Rd 17 (MP 145.2),I-35,45.9896587,-94.6113288
I-35: I-35 NB @ Co Rd 17 (Athens Trl - MP 143.7),camera/511431/1322547750,https://public.carsprogram.org/cameras/MN/C30621,https://video.dot.state.mn.us/public/C30621.stream/playlist.m3u8,I-35: I-35 NB @ Co Rd 17 (Athens Trl - MP 143.7),I-35,,
I-35: I-35 NB @ 340th St (MP 142.9),camera/511399/1529951803,https://public.carsprogram.org/cameras/MN/C30620,https://video.dot.state.mn.us/public/C30620.stream/playlist.m3u8,I-35: I-35 NB @ 340th St (MP 142.9),I-35,,
I-35: I-35 NB N of Stacy Tr (MP 141.1),camera/510417/527650913,https://public.carsprogram.org/cameras/MN/C30618,https://video.dot.state.mn.us/public/C30618.stream/playlist.m3u8,I-35: I-35 NB N of Stacy Tr (MP 141.1),I-35,,
I-35: I-35 SB @ Stacy Tr (MP 140),camera/511305/2411306981,https://public.carsprogram.org/cameras/MN/C30617,https://video.dot.state.mn.us/public/C30617.stream/playlist.m3u8,I-35: I-35 SB @ Stacy Tr (MP 140),I-35,,
I-35: I-35 NB S of Stacy Tr (MP 139.2),camera/508763/3415353232,https://public.carsprogram.org/cameras/MN/C30616,https://video.dot.state.mn.us/public/C30616.stream/playlist.m3u8,I-35: I-35 NB S of Stacy Tr (MP 139.2),I-35,,
I-35: I-35 NB @ 295th St (MP 138.5),camera/510713/808614867,https://public.carsprogram.org/cameras/MN/C30615,https://video.dot.state.mn.us/public/C30615.stream/playlist.m3u8,I-35: I-35 NB @ 295th St (MP 138.5),I-35,,
I-35: I-35 NB @ 287th St (MP 137.8),camera/511342/1402684530,https://public.carsprogram.org/cameras/MN/C30614,https://video.dot.state.mn.us/public/C30614.stream/playlist.m3u8,I-35: I-35 NB @ 287th St (MP 137.8),I-35,,
I-35: I-35 NB @ 280th St (MP 137),camera/511293/508025379,https://public.carsprogram.org/cameras/MN/C30613,https://video.dot.state.mn.us/public/C30613.stream/playlist.m3u8,I-35: I-35 NB @ 280th St (MP 137),I-35,,
I-35: I-35 NB S of Co Rd 22 (MP 134.9),camera/510984/2956634070,https://public.carsprogram.org/cameras/MN/C062,https://video.dot.state.mn.us/public/C062.stream/playlist.m3u8,I-35: I-35 NB S of Co Rd 22 (MP 134.9),I-35,45.9896587,-94.6113288
I-35: I-35 NB N of U.S.8 (MP 133.6),camera/510404/3531578567,https://public.carsprogram.org/cameras/MN/C061,https://video.dot.state.mn.us/public/C061.stream/playlist.m3u8,I-35: I-35 NB N of U.S.8 (MP 133.6),I-35,45.9896587,-94.6113288
I-35: I-35 NB @ U.S.8,camera/509450/3898949973,https://public.carsprogram.org/cameras/MN/C060,https://video.dot.state.mn.us/public/C060.stream/playlist.m3u8,I-35: I-35 NB @ U.S.8,I-35,45.9896587,-94.6113288
I-35: I-35 NB @ Co Rd 2 (Broadway Av),camera/510335/2143815520,https://public.carsprogram.org/cameras/MN/C059,https://video.dot.state.mn.us/public/C059.stream/playlist.m3u8,I-35: I-35 NB @ Co Rd 2 (Broadway Av),I-35,,
I-35: I-35 SB (Forest Lake Rest Area 1),camera/511248/2443399387,https://public.carsprogram.org/cameras/MN/C30042?1791430860000,,I-35: I-35 SB (Forest Lake Rest Area 1),I-35,,
I-35: I-35 SB (Forest Lake Rest Area 2),camera/509464/2169333176,https://public.carsprogram.org/cameras/MN/C30041?1791430860000,,I-35: I-35 SB (Forest Lake Rest Area 2),I-35,,
I-35: I-35 NB N of T.H.97 (MP 130.3),camera/511119/3706394189,https://public.carsprogram.org/cameras/MN/C058,https://video.dot.state.mn.us/public/C058.stream/playlist.m3u8,I-35: I-35 NB N of T.H.97 (MP 130.3),I-35,45.9896587,-94.6113288
I-35: I-35 SB N of I-35W (MP 128),camera/511614/3159056419,https://public.carsprogram.org/cameras/MN/C056,https://video.dot.state.mn.us/public/C056.stream/playlist.m3u8,I-35: I-35 SB N of I-35W (MP 128),I-35,,
I-35E: I-35E NB S of I-35W (MP 126.6),camera/510367/3383287344,https://public.carsprogram.org/cameras/MN/C054,https://video.dot.state.mn.us/public/C054.stream/playlist.m3u8,I-35E: I-35E NB S of I-35W (MP 126.6),I-35E,45.9896587,-94.6113288
I-35E: I-35E NB @ 80th St,camera/511538/1609780829,https://public.carsprogram.org/cameras/MN/C053,https://video.dot.state.mn.us/public/C053.stream/playlist.m3u8,I-35E: I-35E NB @ 80th St,I-35E,,
I-35E: I-35E NB S of 80th St,camera/509707/3298227239,https://public.carsprogram.org/cameras/MN/C052?1791430860000,,I-35E: I-35E NB S of 80th St,I-35E,,
I-35E: I-35E NB N of Main St (MP 124.1),camera/510965/2702602321,https://public.carsprogram.org/cameras/MN/C051,https://video.dot.state.mn.us/public/C051.stream/playlist.m3u8,I-35E: I-35E NB N of Main St (MP 124.1),I-35E,,
I-35E: I-35E NB @ Main St (Co Rd 14),camera/510622/3675382492,https://public.carsprogram.org/cameras/MN/C050,https://video.dot.state.mn.us/public/C050.stream/playlist.m3u8,I-35E: I-35E NB @ Main St (Co Rd 14),I-35E,,
I-35E: I-35E NB @ Tart Lake Rd (MP 122.1),camera/511250/3449045146,https://public.carsprogram.org/cameras/MN/C049,https://video.dot.state.mn.us/public/C049.stream/playlist.m3u8,I-35E: I-35E NB @ Tart Lake Rd (MP 122.1),I-35E,,
I-35E: I-35E NB @ 64th St (MP 121.5),camera/511445/333757090,https://public.carsprogram.org/cameras/MN/C048,https://video.dot.state.mn.us/public/C048.stream/playlist.m3u8,I-35E: I-35E NB @ 64th St (MP 121.5),I-35E,,
I-35E: I-35E N-S N of Co Rd J (MP 121),camera/511249/335271883,https://public.carsprogram.org/cameras/MN/C047,https://video.dot.state.mn.us/public/C047.stream/playlist.m3u8,I-35E: I-35E N-S N of Co Rd J (MP 121),I-35E,,
I-35E: I-35E NB @ Co Rd J,camera/511352/1719262846,https://public.carsprogram.org/cameras/MN/C046,https://video.dot.state.mn.us/public/C046.stream/playlist.m3u8,I-35E: I-35E NB @ Co Rd J,I-35E,45.9896587,-94.6113288
I-35E: I-35E NB N of Co Rd H2 (MP 119.5),camera/510357/3516754103,https://public.carsprogram.org/cameras/MN/C045,https://video.dot.state.mn.us/public/C045.stream/playlist.m3u8,I-35E: I-35E NB N of Co Rd H2 (MP 119.5),I-35E,45.9896587,-94.6113288
I-35E: I-35E SB N of Co Rd 96 (MP 118.3),camera/510930/766308408,https://public.carsprogram.org/cameras/MN/C044,https://video.dot.state.mn.us/public/C044.stream/playlist.m3u8,I-35E: I-35E SB N of Co Rd 96 (MP 118.3),I-35E,45.9896587,-94.6113288
I-35E: I-35E NB @ Co Rd 96,camera/508811/2777745723,https://public.carsprogram.org/cameras/MN/C043,https://video.dot.state.mn.us/public/C043.stream/playlist.m3u8,I-35E: I-35E NB @ Co Rd 96,I-35E,45.9896587,-94.6113288
I-35E: I-35E SB S of Co Rd 96 (MP 116.7),camera/511008/2728595343,https://public.carsprogram.org/cameras/MN/C042,https://video.dot.state.mn.us/public/C042.stream/playlist.m3u8,I-35E: I-35E SB S of Co Rd 96 (MP 116.7),I-35E,45.9896587,-94.6113288
I-35E: I-35E SB @ Co Rd E,camera/508765/2759102348,https://public.carsprogram.org/cameras/MN/C041,https://video.dot.state.mn.us/public/C041.stream/playlist.m3u8,I-35E: I-35E SB @ Co Rd E,I-35E,45.9896587,-94.6113288
I-35E: I-694 WB @ Labore Rd,camera/510689/3104442318,https://public.carsprogram.org/cameras/MN/C714,https://video.dot.state.mn.us/public/C714.stream/playlist.m3u8,I-35E: I-694 WB @ Labore Rd,I-35E,,
I-35E: I-694 WB @ Edgerton St,camera/511187/4233871404,https://public.carsprogram.org/cameras/MN/C713,https://video.dot.state.mn.us/public/C713.stream/playlist.m3u8,I-35E: I-694 WB @ Edgerton St,I-35E,,
I-35E: I-694 EB W Jct I-35E,camera/511404/2824042352,https://public.carsprogram.org/cameras/MN/C712,https://video.dot.state.mn.us/public/C712.stream/playlist.m3u8,I-35E: I-694 EB W Jct I-35E,I-35E,45.9896587,-94.6113288
I-35E: I-35E NB @ Little Canada Rd,camera/511516/686036988,https://public.carsprogram.org/cameras/MN/C040,https://video.dot.state.mn.us/public/C040.stream/playlist.m3u8,I-35E: I-35E NB @ Little Canada Rd,I-35E,,
I-35E: T.H.36 WB @ I-35E NB,camera/508667/783429378,https://public.carsprogram.org/cameras/MN/C006,https://video.dot.state.mn.us/public/C006.stream/playlist.m3u8,I-35E: T.H.36 WB @ I-35E NB,I-35E,45.9896587,-94.6113288
I-35E: I-35E SB N of Roselawn Ave,camera/510339/4035365049,https://public.carsprogram.org/cameras/MN/C039,https://video.dot.state.mn.us/public/C039.stream/playlist.m3u8,I-35E: I-35E SB N of Roselawn Ave,I-35E,,
I-35E: I-35E NB @ Roselawn Ave,camera/508656/361653411,https://public.carsprogram.org/cameras/MN/C30720,https://video.dot.state.mn.us/public/C30720.stream/playlist.m3u8,I-35E: I-35E NB @ Roselawn Ave,I-35E,,
I-35E: I-35E NB @ Larpenteur Ave,camera/510871/995890222,https://public.carsprogram.org/cameras/MN/C038,https://video.dot.state.mn.us/public/C038.stream/playlist.m3u8,I-35E: I-35E NB @ Larpenteur Ave,I-35E,,
I-35E: I-35E NB @ Maryland Ave,camera/510318/2502265116,https://public.carsprogram.org/cameras/MN/C037,https://video.dot.state.mn.us/public/C037.stream/playlist.m3u8,I-35E: I-35E NB @ Maryland Ave,I-35E,,
I-35E: I-35E NB @ Cayuga St,camera/511085/1063573057,https://public.carsprogram.org/cameras/MN/C036,https://video.dot.state.mn.us/public/C036.stream/playlist.m3u8,I-35E: I-35E NB @ Cayuga St,I-35E,,
I-35E: I-35E NB @ Pennsylvania Ave,camera/510823/1138201438,https://public.carsprogram.org/cameras/MN/C3501,https://video.dot.state.mn.us/public/C3501.stream/playlist.m3u8,I-35E: I-35E NB @ Pennsylvania Ave,I-35E,,
I-35E: I-35E NB @ University Ave,camera/510511/1083820152,https://public.carsprogram.org/cameras/MN/C035,https://video.dot.state.mn.us/public/C035.stream/playlist.m3u8,I-35E: I-35E NB @ University Ave,I-35E,,
I-35E: I-94 WB @ I-35E NB,camera/511052/4272084690,https://public.carsprogram.org/cameras/MN/C30717,https://video.dot.state.mn.us/public/C30717.stream/playlist.m3u8,I-35E: I-94 WB @ I-35E NB,I-35E,45.9896587,-94.6113288
I-35E: I-94 WB @ I-35E NB,camera/508929/4272084690,https://public.carsprogram.org/cameras/MN/C852,https://video.dot.state.mn.us/public/C852.stream/playlist.m3u8,I-35E: I-94 WB @ I-35E NB,I-35E,45.9896587,-94.6113288
I-35E: I-94 EB @ Wabasha St,camera/510560/3219095619,https://public.carsprogram.org/cameras/MN/C850,https://video.dot.state.mn.us/public/C850.stream/playlist.m3u8,I-35E: I-94 EB @ Wabasha St,I-35E,,
I-35E: I-35E SB @ Kellogg Blvd,camera/508794/689082126,https://public.carsprogram.org/cameras/MN/C034,https://video.dot.state.mn.us/public/C034.stream/playlist.m3u8,I-35E: I-35E SB @ Kellogg Blvd,I-35E,,
I-35E: I-35E NB @ Kellogg Blvd,camera/511144/214310931,https://public.carsprogram.org/cameras/MN/C3401,https://video.dot.state.mn.us/public/C3401.stream/playlist.m3u8,I-35E: I-35E NB @ Kellogg Blvd,I-35E,,
I-35E: I-35E SB @ Grand Ave,camera/510321/1078498367,https://public.carsprogram.org/cameras/MN/C033,https://video.dot.state.mn.us/public/C033.stream/playlist.m3u8,I-35E: I-35E SB @ Grand Ave,I-35E,,
I-35E: I-35E SB @ St. Clair Ave,camera/510772/53759677,https://public.carsprogram.org/cameras/MN/C032,https://video.dot.state.mn.us/public/C032.stream/playlist.m3u8,I-35E: I-35E SB @ St. Clair Ave,I-35E,,
I-35E: I-35E SB @ Victoria St,camera/511185/3839147657,https://public.carsprogram.org/cameras/MN/C031,https://video.dot.state.mn.us/public/C031.stream/playlist.m3u8,I-35E: I-35E SB @ Victoria St,I-35E,,
I-35E: I-35E SB @ Jefferson Ave,camera/510300/2332100075,https://public.carsprogram.org/cameras/MN/C030,https://video.dot.state.mn.us/public/C030.stream/playlist.m3u8,I-35E: I-35E SB @ Jefferson Ave,I-35E,,
I-35E: I-35E SB @ Randolph Ave,camera/511122/1618152195,https://public.carsprogram.org/cameras/MN/C029,https://video.dot.state.mn.us/public/C029.stream/playlist.m3u8,I-35E: I-35E SB @ Randolph Ave,I-35E,,
I-35E: I-35E @ Shepard Rd,camera/508647/2636817837,https://public.carsprogram.org/cameras/MN/C9001?1791430860000,,I-35E: I-35E @ Shepard Rd,I-35E,,
I-35E: I-35E SB S of T.H.13,camera/510639/1689626775,https://public.carsprogram.org/cameras/MN/C025,https://video.dot.state.mn.us/public/C025.stream/playlist.m3u8,I-35E: I-35E SB S of T.H.13,I-35E,45.9896587,-94.6113288
I-35E: I-35E SB N of T.H.62,camera/509690/2594917900,https://public.carsprogram.org/cameras/MN/C024,https://video.dot.state.mn.us/public/C024.stream/playlist.m3u8,I-35E: I-35E SB N of T.H.62,I-35E,45.9896587,-94.6113288
I-35E: I-35E SB @ Wagon Wheel Tr,camera/510663/4120002774,https://public.carsprogram.org/cameras/MN/C022,https://video.dot.state.mn.us/public/C022.stream/playlist.m3u8,I-35E: I-35E SB @ Wagon Wheel Tr,I-35E,,
I-35E: I-35E SB @ Mendota Heights Rd,camera/508826/3907038641,https://public.carsprogram.org/cameras/MN/C30695,https://video.dot.state.mn.us/public/C30695.stream/playlist.m3u8,I-35E: I-35E SB @ Mendota Heights Rd,I-35E,,
I-35E: I-494 EB @ I-35E NB,camera/511027/1805059060,https://public.carsprogram.org/cameras/MN/C413,https://video.dot.state.mn.us/public/C413.stream/playlist.m3u8,I-35E: I-494 EB @ I-35E NB,I-35E,45.9896587,-94.6113288
I-35E: I-35E NB @ Lone Oak Rd,camera/511509/1566890869,https://public.carsprogram.org/cameras/MN/C30477,https://video.dot.state.mn.us/public/C30477.stream/playlist.m3u8,I-35E: I-35E NB @ Lone Oak Rd,I-35E,,
I-35E: I-35E SB @ Lone Oak Rd,camera/511618/189062376,https://public.carsprogram.org/cameras/MN/C020,https://video.dot.state.mn.us/public/C020.stream/playlist.m3u8,I-35E: I-35E SB @ Lone Oak Rd,I-35E,,
I-35E: I-35E SB @ Yankee Doodle Rd,camera/508920/318004561,https://public.carsprogram.org/cameras/MN/C019,https://video.dot.state.mn.us/public/C019.stream/playlist.m3u8,I-35E: I-35E SB @ Yankee Doodle Rd,I-35E,,
I-35E: I-35E SB @ Pilot Knob Rd,camera/508863/1140331651,https://public.carsprogram.org/cameras/MN/C30478,https://video.dot.state.mn.us/public/C30478.stream/playlist.m3u8,I-35E: I-35E SB @ Pilot Knob Rd,I-35E,,
I-35E: I-35E NB @ Pilot Knob Rd,camera/510589/4285141918,https://public.carsprogram.org/cameras/MN/C1800,https://video.dot.state.mn.us/public/C1800.stream/playlist.m3u8,I-35E: I-35E NB @ Pilot Knob Rd,I-35E,,
I-35E: I-35E NB S of Pilot Knob Rd,camera/511375/2268286788,https://public.carsprogram.org/cameras/MN/C018,https://video.dot.state.mn.us/public/C018.stream/playlist.m3u8,I-35E: I-35E NB S of Pilot Knob Rd,I-35E,,
I-35E: I-35E SB @ Deerwood Dr,camera/511588/1329120832,https://public.carsprogram.org/cameras/MN/C017,https://video.dot.state.mn.us/public/C017.stream/playlist.m3u8,I-35E: I-35E SB @ Deerwood Dr,I-35E,,
I-35E: I-35E SB @ Diffley Rd,camera/510844/2338266776,https://public.carsprogram.org/cameras/MN/C016,https://video.dot.state.mn.us/public/C016.stream/playlist.m3u8,I-35E: I-35E SB @ Diffley Rd,I-35E,,
I-35E: Cliff Rd E-W @ I-35E NB,camera/510412/3137304449,https://public.carsprogram.org/cameras/MN/C30228,https://video.dot.state.mn.us/public/C30228.stream/playlist.m3u8,I-35E: Cliff Rd E-W @ I-35E NB,I-35E,,
I-35E: Cliff Rd E-W @ I-35E SB,camera/510361/1960345724,https://public.carsprogram.org/cameras/MN/C30227,https://video.dot.state.mn.us/public/C30227.stream/playlist.m3u8,I-35E: Cliff Rd E-W @ I-35E SB,I-35E,,
I-35E: I-35E SB @ Cliff Rd,camera/511042/4198916323,https://public.carsprogram.org/cameras/MN/C015,https://video.dot.state.mn.us/public/C015.stream/playlist.m3u8,I-35E: I-35E SB @ Cliff Rd,I-35E,,
I-35E: I-35E SB S of T.H.77,camera/511109/3210526869,https://public.carsprogram.org/cameras/MN/C013,https://video.dot.state.mn.us/public/C013.stream/playlist.m3u8,I-35E: I-35E SB S of T.H.77,I-35E,45.9896587,-94.6113288
I-35E: I-35E SB @ Co Rd 11,camera/510530/3486400489,https://public.carsprogram.org/cameras/MN/C012,https://video.dot.state.mn.us/public/C012.stream/playlist.m3u8,I-35E: I-35E SB @ Co Rd 11,I-35E,45.9896587,-94.6113288
I-35E: I-35E SB @ McAndrews Rd (138th St),camera/510697/2002304787,https://public.carsprogram.org/cameras/MN/C011,https://video.dot.state.mn.us/public/C011.stream/playlist.m3u8,I-35E: I-35E SB @ McAndrews Rd (138th St),I-35E,,
I-35E: I-35E SB @ Co Rd 42,camera/510796/2853824335,https://public.carsprogram.org/cameras/MN/C010,https://video.dot.state.mn.us/public/C010.stream/playlist.m3u8,I-35E: I-35E SB @ Co Rd 42,I-35E,45.9896587,-94.6113288
I-35: I-35 SB @ Crystal Lake Rd,camera/510666/301421633,https://public.carsprogram.org/cameras/MN/C605,https://video.dot.state.mn.us/public/C605.stream/playlist.m3u8,I-35: I-35 SB @ Crystal Lake Rd,I-35,,
I-35: I-35 NB N of Co Rd 46 (Buck Hill),camera/510584/3228884267,https://public.carsprogram.org/cameras/MN/C30690,https://video.dot.state.mn.us/public/C30690.stream/playlist.m3u8,I-35: I-35 NB N of Co Rd 46 (Buck Hill),I-35,,
I-35: I-35 NB @ Co Rd 46 (162nd St),camera/510873/4139122826,https://public.carsprogram.org/cameras/MN/C604,https://video.dot.state.mn.us/public/C604.stream/playlist.m3u8,I-35: I-35 NB @ Co Rd 46 (162nd St),I-35,,
I-35: I-35 NB @ Co Rd 50 (Kenwood Trl),camera/510602/1890861100,https://public.carsprogram.org/cameras/MN/C603,https://video.dot.state.mn.us/public/C603.stream/playlist.m3u8,I-35: I-35 NB @ Co Rd 50 (Kenwood Trl),I-35,,
I-35: I-35 NB @ Co Rd 60 (185th St),camera/510640/1255024913,https://public.carsprogram.org/cameras/MN/C602,https://video.dot.state.mn.us/public/C602.stream/playlist.m3u8,I-35: I-35 NB @ Co Rd 60 (185th St),I-35,,
I-35: I-35 NB @ 195th St (MP 83.3),camera/510726/1491572903,https://public.carsprogram.org/cameras/MN/C601,https://video.dot.state.mn.us/public/C601.stream/playlist.m3u8,I-35: I-35 NB @ 195th St (MP 83.3),I-35,,
I-35: I-35 NB @ 205th St (MP 82.4),camera/511192/881382795,https://public.carsprogram.org/cameras/MN/C600,https://video.dot.state.mn.us/public/C600.stream/playlist.m3u8,I-35: I-35 NB @ 205th St (MP 82.4),I-35,,
I-35: I-35 NB S of 210th Ave (MP 81.3),camera/510698/3607042244,https://public.carsprogram.org/cameras/MN/C30610,https://video.dot.state.mn.us/public/C30610.stream/playlist.m3u8,I-35: I-35 NB S of 210th Ave (MP 81.3),I-35,,
I-35: I-35 NB @ 225th St (Co Rd 29 - MP 80.4),camera/510380/2217210167,https://public.carsprogram.org/cameras/MN/C30609,https://video.dot.state.mn.us/public/C30609.stream/playlist.m3u8,I-35: I-35 NB @ 225th St (Co Rd 29 - MP 80.4),I-35,,
I-35: I-35 NB S of 225th St (MP 79.6),camera/508773/4154083061,https://public.carsprogram.org/cameras/MN/C30608,https://video.dot.state.mn.us/public/C30608.stream/playlist.m3u8,I-35: I-35 NB S of 225th St (MP 79.6),I-35,,
I-35: I-35 NB N of 245th St (MP 79.1),camera/511435/2868352329,https://public.carsprogram.org/cameras/MN/C30607,https://video.dot.state.mn.us/public/C30607.stream/playlist.m3u8,I-35: I-35 NB N of 245th St (MP 79.1),I-35,,
I-35: I-35 NB @ 245th St (Co Rd 62 - MP 78.3),camera/510986/3891373374,https://public.carsprogram.org/cameras/MN/C30606,https://video.dot.state.mn.us/public/C30606.stream/playlist.m3u8,I-35: I-35 NB @ 245th St (Co Rd 62 - MP 78.3),I-35,,
I-35: I-35 NB N of C.S.A.H.2 (MP 77.7),camera/511334/2663353122,https://public.carsprogram.org/cameras/MN/C30605,https://video.dot.state.mn.us/public/C30605.stream/playlist.m3u8,I-35: I-35 NB N of C.S.A.H.2 (MP 77.7),I-35,45.9896587,-94.6113288
I-35: I-35 SB @ Co Rd 2 (MP 76.8),camera/510960/3217762165,https://public.carsprogram.org/cameras/MN/D6-C091,https://video.dot.state.mn.us/public/D6-C091.stream/playlist.m3u8,I-35: I-35 SB @ Co Rd 2 (MP 76.8),I-35,45.9896587,-94.6113288
I-35: I-35 SB (MP 76.1),camera/510586/1588053780,https://public.carsprogram.org/cameras/MN/D6-C092,https://video.dot.state.mn.us/public/D6-C092.stream/playlist.m3u8,I-35: I-35 SB (MP 76.1),I-35,45.9896587,-94.6113288
I-35: I-35 NB (MP 75.3),camera/510329/280304328,https://public.carsprogram.org/cameras/MN/D6-C093,https://video.dot.state.mn.us/public/D6-C093.stream/playlist.m3u8,I-35: I-35 NB (MP 75.3),I-35,45.9896587,-94.6113288
I-35: I-35 SB (MP 74.3),camera/510558/1618267924,https://public.carsprogram.org/cameras/MN/D6-C094,https://video.dot.state.mn.us/public/D6-C094.stream/playlist.m3u8,I-35: I-35 SB (MP 74.3),I-35,45.9896587,-94.6113288
I-35: I-35 SB (MP 73.2),camera/510810/1667981138,https://public.carsprogram.org/cameras/MN/D6-C095,https://video.dot.state.mn.us/public/D6-C095.stream/playlist.m3u8,I-35: I-35 SB (MP 73.2),I-35,45.9896587,-94.6113288
I-35: I-35 NB (MP 72.3),camera/510991/4207067503,https://public.carsprogram.org/cameras/MN/D6-C096,https://video.dot.state.mn.us/public/D6-C096.stream/playlist.m3u8,I-35: I-35 NB (MP 72.3),I-35,45.9896587,-94.6113288
I-35: I-35 SB (MP 71.9),camera/510688/84374587,https://public.carsprogram.org/cameras/MN/D6-C097,https://video.dot.state.mn.us/public/D6-C097.stream/playlist.m3u8,I-35: I-35 SB (MP 71.9),I-35,45.9896587,-94.6113288
I-35: I-35 NB (MP 70.7),camera/511021/1052853161,https://public.carsprogram.org/cameras/MN/D6-C098,https://video.dot.state.mn.us/public/D6-C098.stream/playlist.m3u8,I-35: I-35 NB (MP 70.7),I-35,45.9896587,-94.6113288
I-35: I-35 (Little Chicago - MP 70.0): I-35 (Little Chicago - MP 70.0) View 1,camera/508923/770023991,https://public.carsprogram.org/cameras/MN/C30198-v1?1791430860000,,I-35: I-35 (Little Chicago - MP 70.0),I-35,,
I-35: I-35 (Little Chicago - MP 70.0): I-35 (Little Chicago - MP 70.0) View 2,camera/508923/3887025748,https://public.carsprogram.org/cameras/MN/C30198-v2?1791430860000,,I-35: I-35 (Little Chicago - MP 70.0),I-35,,
I-35: I-35 (Little Chicago - MP 70.0): I-35 (Little Chicago - MP 70.0) View 3,camera/508923/701629685,https://public.carsprogram.org/cameras/MN/C30198-v3?1791430860000,,I-35: I-35 (Little Chicago - MP 70.0),I-35,,
I-35: I-35 (Little Chicago - MP 70.0): I-35 (Little Chicago - MP 70.0) View 4,camera/508923/3504868882,https://public.carsprogram.org/cameras/MN/C30198-v4?1791430860000,,I-35: I-35 (Little Chicago - MP 70.0),I-35,,
I-35: I-35 (Little Chicago - MP 70.0): I-35 (Little Chicago - MP 70.0) View 5,camera/508923/1509180851,https://public.carsprogram.org/cameras/MN/C30198-v5?1791430860000,,I-35: I-35 (Little Chicago - MP 70.0),I-35,,
I-35: I-35 NB @ T.H.19 (MP 69.6),camera/510978/928185812,https://public.carsprogram.org/cameras/MN/D6-C099,https://video.dot.state.mn.us/public/D6-C099.stream/playlist.m3u8,I-35: I-35 NB @ T.H.19 (MP 69.6),I-35,45.9896587,-94.6113288
I-35: I-35 NB (Heath Creek Rest Area 1),camera/511430/1085352470,https://public.carsprogram.org/cameras/MN/C30044?1791430860000,,I-35: I-35 NB (Heath Creek Rest Area 1),I-35,,
I-35: I-35 NB (Heath Creek Rest Area 2),camera/511407/794226997,https://public.carsprogram.org/cameras/MN/C30043?1791430860000,,I-35: I-35 NB (Heath Creek Rest Area 2),I-35,,
I-35: I-35 NB (MP 68.1 - Heath Creek RA),camera/510643/346034674,https://public.carsprogram.org/cameras/MN/D6-C100,https://video.dot.state.mn.us/public/D6-C100.stream/playlist.m3u8,I-35: I-35 NB (MP 68.1 - Heath Creek RA),I-35,,
I-35: I-35 NB @ Co Rd 1 (MP 66.7),camera/510480/1168877221,https://public.carsprogram.org/cameras/MN/D6-C101,https://video.dot.state.mn.us/public/D6-C101.stream/playlist.m3u8,I-35: I-35 NB @ Co Rd 1 (MP 66.7),I-35,45.9896587,-94.6113288
I-35: I-35 NB (MP  65.7),camera/511036/2276912557,https://public.carsprogram.org/cameras/MN/D6-C102,https://video.dot.state.mn.us/public/D6-C102.stream/playlist.m3u8,I-35: I-35 NB (MP  65.7),I-35,45.9896587,-94.6113288
I-35: I-35 NB (MP 64.7),camera/510453/690965356,https://public.carsprogram.org/cameras/MN/D6-C103,https://video.dot.state.mn.us/public/D6-C103.stream/playlist.m3u8,I-35: I-35 NB (MP 64.7),I-35,45.9896587,-94.6113288
I-35: I-35 NB (MP 64.0),camera/511419/29932875,https://public.carsprogram.org/cameras/MN/D6-C104,https://video.dot.state.mn.us/public/D6-C104.stream/playlist.m3u8,I-35: I-35 NB (MP 64.0),I-35,45.9896587,-94.6113288
I-35: I-35 SB (MP 63.3),camera/511287/689748786,https://public.carsprogram.org/cameras/MN/D6-C105?1791430860000,,I-35: I-35 SB (MP 63.3),I-35,45.9896587,-94.6113288
I-35: I-35 NB (MP 63.2),camera/511202/3256396846,https://public.carsprogram.org/cameras/MN/D6-C106,https://video.dot.state.mn.us/public/D6-C106.stream/playlist.m3u8,I-35: I-35 NB (MP 63.2),I-35,45.9896587,-94.6113288
I-35: I-35 N-S (MP 62.6),camera/511162/2823054775,https://public.carsprogram.org/cameras/MN/D6-C107,https://video.dot.state.mn.us/public/D6-C107.stream/playlist.m3u8,I-35: I-35 N-S (MP 62.6),I-35,45.9896587,-94.6113288
I-35: I-35 NB (MP 62.0),camera/510947/3980103053,https://public.carsprogram.org/cameras/MN/D6-C108,https://video.dot.state.mn.us/public/D6-C108.stream/playlist.m3u8,I-35: I-35 NB (MP 62.0),I-35,45.9896587,-94.6113288
I-35: I-35 SB (MP 61.1),camera/509444/659534642,https://public.carsprogram.org/cameras/MN/D6-C109,https://video.dot.state.mn.us/public/D6-C109.stream/playlist.m3u8,I-35: I-35 SB (MP 61.1),I-35,45.9896587,-94.6113288
I-35: I-35 NB (MP 60.0),camera/510668/2182118607,https://public.carsprogram.org/cameras/MN/D6-C110,https://video.dot.state.mn.us/public/D6-C110.stream/playlist.m3u8,I-35: I-35 NB (MP 60.0),I-35,45.9896587,-94.6113288
I-35: I-35 NB @ T.H.21 (MP 59.2),camera/511475/3982902840,https://public.carsprogram.org/cameras/MN/D6-C111,https://video.dot.state.mn.us/public/D6-C111.stream/playlist.m3u8,I-35: I-35 NB @ T.H.21 (MP 59.2),I-35,45.9896587,-94.6113288
I-35: I-35 SB (MP 58.7),camera/508727/2582902174,https://public.carsprogram.org/cameras/MN/D6-C112,https://video.dot.state.mn.us/public/D6-C112.stream/playlist.m3u8,I-35: I-35 SB (MP 58.7),I-35,45.9896587,-94.6113288
I-35: I-35 SB (MP 57.9),camera/510786/3014481407,https://public.carsprogram.org/cameras/MN/D6-C113,https://video.dot.state.mn.us/public/D6-C113.stream/playlist.m3u8,I-35: I-35 SB (MP 57.9),I-35,45.9896587,-94.6113288
I-35: I-35 SB (MP 56.4),camera/510968/2701033203,https://public.carsprogram.org/cameras/MN/D6-C115,https://video.dot.state.mn.us/public/D6-C115.stream/playlist.m3u8,I-35: I-35 SB (MP 56.4),I-35,45.9896587,-94.6113288
I-35: I-35 NB @ Co Rd 48 (MP 55.6),camera/511146/3642264697,https://public.carsprogram.org/cameras/MN/D6-C116,https://video.dot.state.mn.us/public/D6-C116.stream/playlist.m3u8,I-35: I-35 NB @ Co Rd 48 (MP 55.6),I-35,45.9896587,-94.6113288
I-35: I-35 SB (MP 54.0),camera/510920/3021578677,https://public.carsprogram.org/cameras/MN/D6-C117,https://video.dot.state.mn.us/public/D6-C117.stream/playlist.m3u8,I-35: I-35 SB (MP 54.0),I-35,45.9896587,-94.6113288
I-35: I-35 NB (MP 53.0),camera/511301/2046762031,https://public.carsprogram.org/cameras/MN/D6-C118,https://video.dot.state.mn.us/public/D6-C118.stream/playlist.m3u8,I-35: I-35 NB (MP 53.0),I-35,45.9896587,-94.6113288
I-35: I-35 (Medford - MP 52.1): I-35 (Medford - MP 52.1) View 1,camera/511602/1003965025,https://public.carsprogram.org/cameras/MN/C30333-v1?1791430860000,,I-35: I-35 (Medford - MP 52.1),I-35,,
I-35: I-35 (Medford - MP 52.1): I-35 (Medford - MP 52.1) View 2,camera/511602/2249400034,https://public.carsprogram.org/cameras/MN/C30333-v2?1791430860000,,I-35: I-35 (Medford - MP 52.1),I-35,,
I-35: I-35 (Medford - MP 52.1): I-35 (Medford - MP 52.1) View 3,camera/511602/2151576291,https://public.carsprogram.org/cameras/MN/C30333-v3?1791430860000,,I-35: I-35 (Medford - MP 52.1),I-35,,
I-35: I-35 (Medford - MP 52.1): I-35 (Medford - MP 52.1) View 4,camera/511602/1394853476,https://public.carsprogram.org/cameras/MN/C30333-v4?1791430860000,,I-35: I-35 (Medford - MP 52.1),I-35,,
I-35: I-35 SB (MP 52.0),camera/509479/2761461491,https://public.carsprogram.org/cameras/MN/D6-C119,https://video.dot.state.mn.us/public/D6-C119.stream/playlist.m3u8,I-35: I-35 SB (MP 52.0),I-35,45.9896587,-94.6113288
I-35: I-35 SB (MP 51.0),camera/510805/2783651792,https://public.carsprogram.org/cameras/MN/D6-C120,https://video.dot.state.mn.us/public/D6-C120.stream/playlist.m3u8,I-35: I-35 SB (MP 51.0),I-35,45.9896587,-94.6113288
I-35: I-35 NB (MP 49.8),camera/510348/1384969644,https://public.carsprogram.org/cameras/MN/D6-C121,https://video.dot.state.mn.us/public/D6-C121.stream/playlist.m3u8,I-35: I-35 NB (MP 49.8),I-35,45.9896587,-94.6113288
I-35: I-35 NB (MP 49.0),camera/511585/361650340,https://public.carsprogram.org/cameras/MN/D6-C122,https://video.dot.state.mn.us/public/D6-C122.stream/playlist.m3u8,I-35: I-35 NB (MP 49.0),I-35,45.9896587,-94.6113288
I-35: I-35 SB @ Co Rd 12 (MP 48.0),camera/511543/4174201953,https://public.carsprogram.org/cameras/MN/D6-C123,https://video.dot.state.mn.us/public/D6-C123.stream/playlist.m3u8,I-35: I-35 SB @ Co Rd 12 (MP 48.0),I-35,45.9896587,-94.6113288
I-35: I-35 NB (MP 46.50),camera/511548/2714807774,https://public.carsprogram.org/cameras/MN/D6-C124,https://video.dot.state.mn.us/public/D6-C124.stream/playlist.m3u8,I-35: I-35 NB (MP 46.50),I-35,45.9896587,-94.6113288
I-35: I-35 NB @ Co Rd 9 (MP 45.4),camera/510547/1481776175,https://public.carsprogram.org/cameras/MN/D6-C125,https://video.dot.state.mn.us/public/D6-C125.stream/playlist.m3u8,I-35: I-35 NB @ Co Rd 9 (MP 45.4),I-35,45.9896587,-94.6113288
I-35: I-35 NB @ Co Rd 34 (MP 43.5),camera/508821/1983506070,https://public.carsprogram.org/cameras/MN/D6-C127,https://video.dot.state.mn.us/public/D6-C127.stream/playlist.m3u8,I-35: I-35 NB @ Co Rd 34 (MP 43.5),I-35,45.9896587,-94.6113288
I-35: I-35 NB S of Hoffman Dr (MP 42.4),camera/508739/3832404482,https://public.carsprogram.org/cameras/MN/D6-C128,https://video.dot.state.mn.us/public/D6-C128.stream/playlist.m3u8,I-35: I-35 NB S of Hoffman Dr (MP 42.4),I-35,,
I-35: I-35 SB @ Bridge St (MP 41.9),camera/510691/1617490496,https://public.carsprogram.org/cameras/MN/D6-C129,https://video.dot.state.mn.us/public/D6-C129.stream/playlist.m3u8,I-35: I-35 SB @ Bridge St (MP 41.9),I-35,,
I-35W: I-35E SB N Jct I-35W,camera/511147/1813504309,https://public.carsprogram.org/cameras/MN/C055,https://video.dot.state.mn.us/public/C055.stream/playlist.m3u8,I-35W: I-35E SB N Jct I-35W,I-35W,45.9896587,-94.6113288
I-35W: I-35W NB S of I-35E (Freeway Dr),camera/510996/2236372781,https://public.carsprogram.org/cameras/MN/C650,https://video.dot.state.mn.us/public/C650.stream/playlist.m3u8,I-35W: I-35W NB S of I-35E (Freeway Dr),I-35W,,
I-35: I-35 SB @ Lemond Rd (MP 40.9),camera/511031/3709738542,https://public.carsprogram.org/cameras/MN/D6-C130,https://video.dot.state.mn.us/public/D6-C130.stream/playlist.m3u8,I-35: I-35 SB @ Lemond Rd (MP 40.9),I-35,,
I-35: I-35 SB @ U.S.14 WB (MP 40.1),camera/511559/2793381511,https://public.carsprogram.org/cameras/MN/D6-C131a,https://video.dot.state.mn.us/public/D6-C131a.stream/playlist.m3u8,I-35: I-35 SB @ U.S.14 WB (MP 40.1),I-35,45.9896587,-94.6113288
I-35W: I-35W NB N of Co Rd 14 (MP 39.7),camera/508645/362799339,https://public.carsprogram.org/cameras/MN/C649,https://video.dot.state.mn.us/public/C649.stream/playlist.m3u8,I-35W: I-35W NB N of Co Rd 14 (MP 39.7),I-35W,45.9896587,-94.6113288
I-35: I-35 NB (MP 38.8),camera/508852/1244906506,https://public.carsprogram.org/cameras/MN/D6-C132,https://video.dot.state.mn.us/public/D6-C132.stream/playlist.m3u8,I-35: I-35 NB (MP 38.8),I-35,45.9896587,-94.6113288
I-35W: I-35W NB @ Co Rd 14,camera/510559/332810915,https://public.carsprogram.org/cameras/MN/C648,https://video.dot.state.mn.us/public/C648.stream/playlist.m3u8,I-35W: I-35W NB @ Co Rd 14,I-35W,45.9896587,-94.6113288
I-35: I-35 NB (MP 37.9),camera/508725/4081956292,https://public.carsprogram.org/cameras/MN/D6-C133,https://video.dot.state.mn.us/public/D6-C133.stream/playlist.m3u8,I-35: I-35 NB (MP 37.9),I-35,45.9896587,-94.6113288
I-35W: I-35W SB @ Co Rd 23 (Lake Dr),camera/511308/319513582,https://public.carsprogram.org/cameras/MN/C647,https://video.dot.state.mn.us/public/C647.stream/playlist.m3u8,I-35W: I-35W SB @ Co Rd 23 (Lake Dr),I-35W,,
I-35: I-35 SB @ C.S.A.H.31 WB (MP 36.4),camera/511465/3622032923,https://public.carsprogram.org/cameras/MN/C30027,https://video.dot.state.mn.us/public/C30027.stream/playlist.m3u8,I-35: I-35 SB @ C.S.A.H.31 WB (MP 36.4),I-35,45.9896587,-94.6113288
I-35W: I-35W NB S of Co Rd 23 (MP 35.7),camera/510326/1519856254,https://public.carsprogram.org/cameras/MN/C646,https://video.dot.state.mn.us/public/C646.stream/playlist.m3u8,I-35W: I-35W NB S of Co Rd 23 (MP 35.7),I-35W,45.9896587,-94.6113288
I-35: I-35 SB (MP 35 Straight River R A),camera/510553/4124057379,https://public.carsprogram.org/cameras/MN/C30026,https://video.dot.state.mn.us/public/C30026.stream/playlist.m3u8,I-35: I-35 SB (MP 35 Straight River R A),I-35,,
I-35W: I-35W NB @ Sunset Rd,camera/510490/1634612512,https://public.carsprogram.org/cameras/MN/C645,https://video.dot.state.mn.us/public/C645.stream/playlist.m3u8,I-35W: I-35W NB @ Sunset Rd,I-35W,,
I-35: I-35 NB @ 81st St SW (MP 33.9),camera/511016/2669398477,https://public.carsprogram.org/cameras/MN/C30025,https://video.dot.state.mn.us/public/C30025.stream/playlist.m3u8,I-35: I-35 NB @ 81st St SW (MP 33.9),I-35,,
I-35W: I-35W SB @ Lexington Ave,camera/511420/1357501431,https://public.carsprogram.org/cameras/MN/C644,https://video.dot.state.mn.us/public/C644.stream/playlist.m3u8,I-35W: I-35W SB @ Lexington Ave,I-35W,,
I-35: I-35 NB @ C.S.A.H.4 EB (MP 32.8),camera/510840/187684490,https://public.carsprogram.org/cameras/MN/C30024,https://video.dot.state.mn.us/public/C30024.stream/playlist.m3u8,I-35: I-35 NB @ C.S.A.H.4 EB (MP 32.8),I-35,45.9896587,-94.6113288
I-35W: I-35W SB @ 95th Ave (Lovell Rd),camera/510671/1180666980,https://public.carsprogram.org/cameras/MN/C643,https://video.dot.state.mn.us/public/C643.stream/playlist.m3u8,I-35W: I-35W SB @ 95th Ave (Lovell Rd),I-35W,,
I-35: I-35 SB @ 108th St SW (MP 31.2),camera/511338/2306474546,https://public.carsprogram.org/cameras/MN/C30023,https://video.dot.state.mn.us/public/C30023.stream/playlist.m3u8,I-35: I-35 SB @ 108th St SW (MP 31.2),I-35,,
I-35W: I-35W SB @ Lake Dr,camera/510307/324370004,https://public.carsprogram.org/cameras/MN/C642,https://video.dot.state.mn.us/public/C642.stream/playlist.m3u8,I-35W: I-35W SB @ Lake Dr,I-35W,,
I-35: I-35 SB S of 118th St SW (MP 30.1),camera/510590/295855787,https://public.carsprogram.org/cameras/MN/C30022,https://video.dot.state.mn.us/public/C30022.stream/playlist.m3u8,I-35: I-35 SB S of 118th St SW (MP 30.1),I-35,,
I-35: I-35 (Hope): I-35 (Hope) View 1,camera/511163/3747132488,https://public.carsprogram.org/cameras/MN/C30468-v1?1791430860000,,I-35: I-35 (Hope),I-35,,
I-35: I-35 (Hope): I-35 (Hope) View 2,camera/511163/1897693611,https://public.carsprogram.org/cameras/MN/C30468-v2?1791430860000,,I-35: I-35 (Hope),I-35,,
I-35: I-35 (Hope): I-35 (Hope) View 3,camera/511163/1738294026,https://public.carsprogram.org/cameras/MN/C30468-v3?1791430860000,,I-35: I-35 (Hope),I-35,,
I-35: I-35 (Hope): I-35 (Hope) View 4,camera/511163/882652013,https://public.carsprogram.org/cameras/MN/C30468-v4?1791430860000,,I-35: I-35 (Hope),I-35,,
I-35W: I-35W NB @ T.H.10 EB,camera/511233/4287143430,https://public.carsprogram.org/cameras/MN/C30203,https://video.dot.state.mn.us/public/C30203.stream/playlist.m3u8,I-35W: I-35W NB @ T.H.10 EB,I-35W,45.9896587,-94.6113288
I-35W: I-35W NB @ Co Rd I,camera/510370/1002037519,https://public.carsprogram.org/cameras/MN/C30202,https://video.dot.state.mn.us/public/C30202.stream/playlist.m3u8,I-35W: I-35W NB @ Co Rd I,I-35W,45.9896587,-94.6113288
I-35W: I-35W SB @ Co Rd H WB,camera/511528/533178758,https://public.carsprogram.org/cameras/MN/C30201,https://video.dot.state.mn.us/public/C30201.stream/playlist.m3u8,I-35W: I-35W SB @ Co Rd H WB,I-35W,45.9896587,-94.6113288
I-35W: I-35W NB @ Co Rd 10,camera/511464/2303294631,https://public.carsprogram.org/cameras/MN/C639,https://video.dot.state.mn.us/public/C639.stream/playlist.m3u8,I-35W: I-35W NB @ Co Rd 10,I-35W,45.9896587,-94.6113288
I-35: I-35 NB @ 141st St SW (MP 27.9),camera/510315/129203925,https://public.carsprogram.org/cameras/MN/C30021,https://video.dot.state.mn.us/public/C30021.stream/playlist.m3u8,I-35: I-35 NB @ 141st St SW (MP 27.9),I-35,,
I-35W: I-35W NB @ Co Rd 96,camera/508830/2762253609,https://public.carsprogram.org/cameras/MN/C638,https://video.dot.state.mn.us/public/C638.stream/playlist.m3u8,I-35W: I-35W NB @ Co Rd 96,I-35W,45.9896587,-94.6113288
I-35W: I-35W NB N of I-694,camera/510973/1753718180,https://public.carsprogram.org/cameras/MN/C30200,https://video.dot.state.mn.us/public/C30200.stream/playlist.m3u8,I-35W: I-35W NB N of I-694,I-35W,45.9896587,-94.6113288
I-35W: I-35W NB @ I-694 WB,camera/511594/337228694,https://public.carsprogram.org/cameras/MN/C30207,https://video.dot.state.mn.us/public/C30207.stream/playlist.m3u8,I-35W: I-35W NB @ I-694 WB,I-35W,45.9896587,-94.6113288
I-35W: I-35W NB @ Co Rd E2,camera/511267/1476058385,https://public.carsprogram.org/cameras/MN/C637,https://video.dot.state.mn.us/public/C637.stream/playlist.m3u8,I-35W: I-35W NB @ Co Rd E2,I-35W,45.9896587,-94.6113288
I-35: I-35 NB S of T.H.30 (Freeborn/Steele Co Line),camera/510336/4263257545,https://public.carsprogram.org/cameras/MN/C30573,https://video.dot.state.mn.us/public/C30573.stream/playlist.m3u8,I-35: I-35 NB S of T.H.30 (Freeborn/Steele Co Line),I-35,,
I-35W: I-35W NB @ Co Rd D WB,camera/511154/1444436247,https://public.carsprogram.org/cameras/MN/C30199,https://video.dot.state.mn.us/public/C30199.stream/playlist.m3u8,I-35W: I-35W NB @ Co Rd D WB,I-35W,45.9896587,-94.6113288
I-35: I-35 SB N of C.S.A.H.35 (MP 24),camera/510941/3313438996,https://public.carsprogram.org/cameras/MN/C30574,https://video.dot.state.mn.us/public/C30574.stream/playlist.m3u8,I-35: I-35 SB N of C.S.A.H.35 (MP 24),I-35,45.9896587,-94.6113288
I-35W: I-35W SB @ Long Lake Rd NB,camera/511577/1433609682,https://public.carsprogram.org/cameras/MN/C30226,https://video.dot.state.mn.us/public/C30226.stream/playlist.m3u8,I-35W: I-35W SB @ Long Lake Rd NB,I-35W,,
I-35W: I-35W SB @ Co Rd C,camera/508631/1415309016,https://public.carsprogram.org/cameras/MN/C635,https://video.dot.state.mn.us/public/C635.stream/playlist.m3u8,I-35W: I-35W SB @ Co Rd C,I-35W,45.9896587,-94.6113288
I-35: I-35 NB @ C.S.A.H.35 (MP22.9),camera/508789/3469471,https://public.carsprogram.org/cameras/MN/C30575,https://video.dot.state.mn.us/public/C30575.stream/playlist.m3u8,I-35: I-35 NB @ C.S.A.H.35 (MP22.9),I-35,,
I-35W: I-35W NB @ T.H.36 WB,camera/510660/2897718224,https://public.carsprogram.org/cameras/MN/C30177,https://video.dot.state.mn.us/public/C30177.stream/playlist.m3u8,I-35W: I-35W NB @ T.H.36 WB,I-35W,45.9896587,-94.6113288
I-35W: I-35W SB @ T.H.280,camera/511199/3647368103,https://public.carsprogram.org/cameras/MN/C634,https://video.dot.state.mn.us/public/C634.stream/playlist.m3u8,I-35W: I-35W SB @ T.H.280,I-35W,45.9896587,-94.6113288
I-35W: T.H.280 NB @ T.H.36,camera/511418/444768470,https://public.carsprogram.org/cameras/MN/C284,https://video.dot.state.mn.us/public/C284.stream/playlist.m3u8,I-35W: T.H.280 NB @ T.H.36,I-35W,45.9896587,-94.6113288
I-35: I-35 SB S of C.S.A.H.35 (MP21.58),camera/511341/3014118415,https://public.carsprogram.org/cameras/MN/C30576,https://video.dot.state.mn.us/public/C30576.stream/playlist.m3u8,I-35: I-35 SB S of C.S.A.H.35 (MP21.58),I-35,,
I-35W: I-35W SB @ Industrial Blvd,camera/510890/197928922,https://public.carsprogram.org/cameras/MN/C633,https://video.dot.state.mn.us/public/C633.stream/playlist.m3u8,I-35W: I-35W SB @ Industrial Blvd,I-35W,,
I-35W: I-35W SB @ Stinson Blvd,camera/508738/4135841359,https://public.carsprogram.org/cameras/MN/C632,https://video.dot.state.mn.us/public/C632.stream/playlist.m3u8,I-35W: I-35W SB @ Stinson Blvd,I-35W,,
I-35: I-35 SB N of T.H.251 (MP20.8),camera/510542/1878824787,https://public.carsprogram.org/cameras/MN/C30577,https://video.dot.state.mn.us/public/C30577.stream/playlist.m3u8,I-35: I-35 SB N of T.H.251 (MP20.8),I-35,,
I-35W: I-35W SB @ Johnson St,camera/510430/698865527,https://public.carsprogram.org/cameras/MN/C631,https://video.dot.state.mn.us/public/C631.stream/playlist.m3u8,I-35W: I-35W SB @ Johnson St,I-35W,,
I-35W: I-35W SB @ Broadway St,camera/511298/1281658291,https://public.carsprogram.org/cameras/MN/C6301,https://video.dot.state.mn.us/public/C6301.stream/playlist.m3u8,I-35W: I-35W SB @ Broadway St,I-35W,,
I-35: I-35 NB N of T.H.251 (MP19.5),camera/510715/4048771561,https://public.carsprogram.org/cameras/MN/C30578,https://video.dot.state.mn.us/public/C30578.stream/playlist.m3u8,I-35: I-35 NB N of T.H.251 (MP19.5),I-35,,
I-35W: I-35W NB @ Hennepin Ave,camera/510843/287560113,https://public.carsprogram.org/cameras/MN/C630,https://video.dot.state.mn.us/public/C630.stream/playlist.m3u8,I-35W: I-35W NB @ Hennepin Ave,I-35W,,
I-35W: I-35W NB @ 8th St SE,camera/510554/217727305,https://public.carsprogram.org/cameras/MN/C30514,https://video.dot.state.mn.us/public/C30514.stream/playlist.m3u8,I-35W: I-35W NB @ 8th St SE,I-35W,45.9896587,-94.6113288
I-35W: I-35W SB @ 4th St,camera/508663/1007979822,https://public.carsprogram.org/cameras/MN/C629,https://video.dot.state.mn.us/public/C629.stream/playlist.m3u8,I-35W: I-35W SB @ 4th St,I-35W,45.9896587,-94.6113288
I-35W: I-35W NB @ University Ave,camera/510897/1063593066,https://public.carsprogram.org/cameras/MN/C1629,https://video.dot.state.mn.us/public/C1629.stream/playlist.m3u8,I-35W: I-35W NB @ University Ave,I-35W,,
I-35W: @ 6th Ave,camera/511490/1626902365,https://public.carsprogram.org/cameras/MN/C1109?1791430860000,,I-35W: @ 6th Ave,I-35W,45.9896587,-94.6113288
I-35W: West River St SB,camera/510923/1671889724,https://public.carsprogram.org/cameras/MN/C1110?1791430860000,,I-35W: West River St SB,I-35W,,
I-35W: I-35W NB N of Washington Ave,camera/511178/1357346417,https://public.carsprogram.org/cameras/MN/C628,https://video.dot.state.mn.us/public/C628.stream/playlist.m3u8,I-35W: I-35W NB N of Washington Ave,I-35W,,
I-35W: I-35W NB @ Washington Ave,camera/511227/2075618582,https://public.carsprogram.org/cameras/MN/C1628,https://video.dot.state.mn.us/public/C1628.stream/playlist.m3u8,I-35W: I-35W NB @ Washington Ave,I-35W,,
I-35W: I-35W SB @ 3rd St,camera/510702/2195005955,https://public.carsprogram.org/cameras/MN/C627,https://video.dot.state.mn.us/public/C627.stream/playlist.m3u8,I-35W: I-35W SB @ 3rd St,I-35W,45.9896587,-94.6113288
I-35W: I-35W SB @ 7th St,camera/511362/650545165,https://public.carsprogram.org/cameras/MN/C6261,https://video.dot.state.mn.us/public/C6261.stream/playlist.m3u8,I-35W: I-35W SB @ 7th St,I-35W,45.9896587,-94.6113288
I-35W: T.H.55 NB @ I-94 (Hiawatha TMC Shelter),camera/511580/3421624765,https://public.carsprogram.org/cameras/MN/C30483,https://video.dot.state.mn.us/public/C30483.stream/playlist.m3u8,I-35W: T.H.55 NB @ I-94 (Hiawatha TMC Shelter),I-35W,,
I-35W: I-35W SB @ Chicago Ave,camera/510741/1095681723,https://public.carsprogram.org/cameras/MN/C625,https://video.dot.state.mn.us/public/C625.stream/playlist.m3u8,I-35W: I-35W SB @ Chicago Ave,I-35W,,
I-35W: I-94 WB @ Chicago Ave,camera/510384/4045237571,https://public.carsprogram.org/cameras/MN/C8351,https://video.dot.state.mn.us/public/C8351.stream/playlist.m3u8,I-35W: I-94 WB @ Chicago Ave,I-35W,,
I-35W: I-94 WB E of Portland Ave,camera/510479/32953433,https://public.carsprogram.org/cameras/MN/C8350,https://video.dot.state.mn.us/public/C8350.stream/playlist.m3u8,I-35W: I-94 WB E of Portland Ave,I-35W,,
I-35: I-35 SB @ Weigh Station Ramp (MP16.9),camera/510719/1081160634,https://public.carsprogram.org/cameras/MN/C30581,https://video.dot.state.mn.us/public/C30581.stream/playlist.m3u8,I-35: I-35 SB @ Weigh Station Ramp (MP16.9),I-35,,
I-35W: I-35W SB @ I-94 EB,camera/511143/2675200015,https://public.carsprogram.org/cameras/MN/C8341,https://video.dot.state.mn.us/public/C8341.stream/playlist.m3u8,I-35W: I-35W SB @ I-94 EB,I-35W,45.9896587,-94.6113288
I-35W: I-35W NB @ Franklin Ave WB,camera/511214/1582377088,https://public.carsprogram.org/cameras/MN/C30167,https://video.dot.state.mn.us/public/C30167.stream/playlist.m3u8,I-35W: I-35W NB @ Franklin Ave WB,I-35W,,
I-35W: I-35W SB @ 24th St,camera/510395/4001281692,https://public.carsprogram.org/cameras/MN/C30279,https://video.dot.state.mn.us/public/C30279.stream/playlist.m3u8,I-35W: I-35W SB @ 24th St,I-35W,,
I-35W: I-35W NB @ 26th St,camera/510635/1545080963,https://public.carsprogram.org/cameras/MN/C624,https://video.dot.state.mn.us/public/C624.stream/playlist.m3u8,I-35W: I-35W NB @ 26th St,I-35W,,
I-35: I-35 NB @ Co Rd 25 (MP 16.1),camera/511578/2494594642,https://public.carsprogram.org/cameras/MN/C30582,https://video.dot.state.mn.us/public/C30582.stream/playlist.m3u8,I-35: I-35 NB @ Co Rd 25 (MP 16.1),I-35,45.9896587,-94.6113288
I-35W: I-35W SB S of 26th St,camera/510408/3004270436,https://public.carsprogram.org/cameras/MN/C30594,https://video.dot.state.mn.us/public/C30594.stream/playlist.m3u8,I-35W: I-35W SB S of 26th St,I-35W,,
I-35W: I-35W SB @ 28th St,camera/511572/2960535696,https://public.carsprogram.org/cameras/MN/C623,https://video.dot.state.mn.us/public/C623.stream/playlist.m3u8,I-35W: I-35W SB @ 28th St,I-35W,,
I-35W: I-35W NB @ 31st St,camera/510563/1411629982,https://public.carsprogram.org/cameras/MN/C30688,https://video.dot.state.mn.us/public/C30688.stream/playlist.m3u8,I-35W: I-35W NB @ 31st St,I-35W,,
I-35W: I-35W NB @ 33rd St,camera/508715/2983229997,https://public.carsprogram.org/cameras/MN/C6221,https://video.dot.state.mn.us/public/C6221.stream/playlist.m3u8,I-35W: I-35W NB @ 33rd St,I-35W,,
I-35W: I-35W SB @ 35th St,camera/510371/392885244,https://public.carsprogram.org/cameras/MN/C622,https://video.dot.state.mn.us/public/C622.stream/playlist.m3u8,I-35W: I-35W SB @ 35th St,I-35W,,
I-35: I-35 SB (MP14.75),camera/510686/3801322403,https://public.carsprogram.org/cameras/MN/C30583,https://video.dot.state.mn.us/public/C30583.stream/playlist.m3u8,I-35: I-35 SB (MP14.75),I-35,,
I-35W: I-35W NB @ 36th St,camera/510825/1423461794,https://public.carsprogram.org/cameras/MN/C6212,https://video.dot.state.mn.us/public/C6212.stream/playlist.m3u8,I-35W: I-35W NB @ 36th St,I-35W,,
I-35W: I-35W NB @ 38th St,camera/511174/4088634540,https://public.carsprogram.org/cameras/MN/C6211,https://video.dot.state.mn.us/public/C6211.stream/playlist.m3u8,I-35W: I-35W NB @ 38th St,I-35W,,
I-35W: I-35W SB N of 42nd St,camera/511047/2314871821,https://public.carsprogram.org/cameras/MN/C621,https://video.dot.state.mn.us/public/C621.stream/playlist.m3u8,I-35W: I-35W SB N of 42nd St,I-35W,,
I-35: I-35 SB N of I-90 (MP14),camera/510396/1381452261,https://public.carsprogram.org/cameras/MN/C30584,https://video.dot.state.mn.us/public/C30584.stream/playlist.m3u8,I-35: I-35 SB N of I-90 (MP14),I-35,,
I-35W: I-35W NB @ 46th St,camera/511515/1611520325,https://public.carsprogram.org/cameras/MN/C620,https://video.dot.state.mn.us/public/C620.stream/playlist.m3u8,I-35W: I-35W NB @ 46th St,I-35W,,
I-35W: I-35W N-S @ 46th St,camera/510298/1745265689,https://public.carsprogram.org/cameras/MN/C619,https://video.dot.state.mn.us/public/C619.stream/playlist.m3u8,I-35W: I-35W N-S @ 46th St,I-35W,,
I-35W: I-35W SB @ 50th St,camera/511150/934106495,https://public.carsprogram.org/cameras/MN/C618,https://video.dot.state.mn.us/public/C618.stream/playlist.m3u8,I-35W: I-35W SB @ 50th St,I-35W,,
I-35W: I-35W SB @ Diamond Lake Rd,camera/508850/2918195440,https://public.carsprogram.org/cameras/MN/C617,https://video.dot.state.mn.us/public/C617.stream/playlist.m3u8,I-35W: I-35W SB @ Diamond Lake Rd,I-35W,,
I-35: I-35 SB @ T.H.65 (North Jct - MP12),camera/511425/3947061129,https://public.carsprogram.org/cameras/MN/C30586,https://video.dot.state.mn.us/public/C30586.stream/playlist.m3u8,I-35: I-35 SB @ T.H.65 (North Jct - MP12),I-35,,
I-35W: I-35W SB @ 58th St,camera/511207/3165981559,https://public.carsprogram.org/cameras/MN/C30687,https://video.dot.state.mn.us/public/C30687.stream/playlist.m3u8,I-35W: I-35W SB @ 58th St,I-35W,,
I-35W: I-35W NB @ 66th St,camera/508865/3097494023,https://public.carsprogram.org/cameras/MN/C615,https://video.dot.state.mn.us/public/C615.stream/playlist.m3u8,I-35W: I-35W NB @ 66th St,I-35W,,
I-35W: I-35W SB @ 76th St,camera/510707/2631442363,https://public.carsprogram.org/cameras/MN/C614,https://video.dot.state.mn.us/public/C614.stream/playlist.m3u8,I-35W: I-35W SB @ 76th St,I-35W,,
I-35W: I-35W SB @ 82nd St,camera/508853/3202710406,https://public.carsprogram.org/cameras/MN/C6131,https://video.dot.state.mn.us/public/C6131.stream/playlist.m3u8,I-35W: I-35W SB @ 82nd St,I-35W,,
I-35W: I-35W NB @ 86th St,camera/509785/1267648201,https://public.carsprogram.org/cameras/MN/C30502,https://video.dot.state.mn.us/public/C30502.stream/playlist.m3u8,I-35W: I-35W NB @ 86th St,I-35W,,
I-35W: I-35W NB S of 86th St,camera/511590/521436787,https://public.carsprogram.org/cameras/MN/C613,https://video.dot.state.mn.us/public/C613.stream/playlist.m3u8,I-35W: I-35W NB S of 86th St,I-35W,,
I-35W: I-35W SB @ 92nd St,camera/508710/502759463,https://public.carsprogram.org/cameras/MN/C30501,https://video.dot.state.mn.us/public/C30501.stream/playlist.m3u8,I-35W: I-35W SB @ 92nd St,I-35W,,
I-35W: I-35W SB @ 94th St,camera/511306/912505847,https://public.carsprogram.org/cameras/MN/C612,https://video.dot.state.mn.us/public/C612.stream/playlist.m3u8,I-35W: I-35W SB @ 94th St,I-35W,,
I-35W: I-35W SB @ 98th St,camera/510830/126945275,https://public.carsprogram.org/cameras/MN/C611,https://video.dot.state.mn.us/public/C611.stream/playlist.m3u8,I-35W: I-35W SB @ 98th St,I-35W,,
I-35W: I-35W NB N of 106th St,camera/508639/3006645303,https://public.carsprogram.org/cameras/MN/C30500,https://video.dot.state.mn.us/public/C30500.stream/playlist.m3u8,I-35W: I-35W NB N of 106th St,I-35W,,
I-35W: I-35W NB @ 106th St,camera/510557/2297717008,https://public.carsprogram.org/cameras/MN/C30294,https://video.dot.state.mn.us/public/C30294.stream/playlist.m3u8,I-35W: I-35W NB @ 106th St,I-35W,,
I-35W: I-35W SB S of 106th St,camera/511402/1220883031,https://public.carsprogram.org/cameras/MN/C610,https://video.dot.state.mn.us/public/C610.stream/playlist.m3u8,I-35W: I-35W SB S of 106th St,I-35W,,
I-35W: I-35W SB @ Black Dog Rd,camera/508742/2872319868,https://public.carsprogram.org/cameras/MN/C6091,https://video.dot.state.mn.us/public/C6091.stream/playlist.m3u8,I-35W: I-35W SB @ Black Dog Rd,I-35W,,
I-35W: I-35W NB @ Cliff Rd,camera/511426/3752225900,https://public.carsprogram.org/cameras/MN/C609,https://video.dot.state.mn.us/public/C609.stream/playlist.m3u8,I-35W: I-35W NB @ Cliff Rd,I-35W,,
I-35W: I-35W SB @ Burnsville Pkwy (West Ramp),camera/510481/707370764,https://public.carsprogram.org/cameras/MN/C30699?1791430860000,,I-35W: I-35W SB @ Burnsville Pkwy (West Ramp),I-35W,,
I-35W: I-35W NB @ Burnsville Pkwy (East Ramp),camera/511569/2419132039,https://public.carsprogram.org/cameras/MN/C30700?1791430860000,,I-35W: I-35W NB @ Burnsville Pkwy (East Ramp),I-35W,,
I-35W: I-35W SB S of Burnsville Pkwy,camera/511533/2543280972,https://public.carsprogram.org/cameras/MN/C607,https://video.dot.state.mn.us/public/C607.stream/playlist.m3u8,I-35W: I-35W SB S of Burnsville Pkwy,I-35W,,
I-35: I-35 (Twin Lakes - MP 1): I-35 (Twin Lakes - MP 1) View 1,camera/508676/792397679,https://public.carsprogram.org/cameras/MN/C30298-v1?1791430860000,,I-35: I-35 (Twin Lakes - MP 1),I-35,,
I-35: I-35 (Twin Lakes - MP 1): I-35 (Twin Lakes - MP 1) View 2,camera/508676/1065880428,https://public.carsprogram.org/cameras/MN/C30298-v2?1791430860000,,I-35: I-35 (Twin Lakes - MP 1),I-35,,
I-35: I-35 (Twin Lakes - MP 1): I-35 (Twin Lakes - MP 1) View 3,camera/508676/2040926573,https://public.carsprogram.org/cameras/MN/C30298-v3?1791430860000,,I-35: I-35 (Twin Lakes - MP 1),I-35,,
I-35: I-35 (Twin Lakes - MP 1): I-35 (Twin Lakes - MP 1) View 4,camera/508676/2259201898,https://public.carsprogram.org/cameras/MN/C30298-v4?1791430860000,,I-35: I-35 (Twin Lakes - MP 1),I-35,,
I-35: I-35 (Twin Lakes - MP 1): I-35 (Twin Lakes - MP 1) View 5,camera/508676/1744861035,https://public.carsprogram.org/cameras/MN/C30298-v5?1791430860000,,I-35: I-35 (Twin Lakes - MP 1),I-35,,
I-35W: I-35W NB @ Co Rd 42,camera/510793/4222934080,https://public.carsprogram.org/cameras/MN/C606,https://video.dot.state.mn.us/public/C606.stream/playlist.m3u8,I-35W: I-35W NB @ Co Rd 42,I-35W,45.9896587,-94.6113288
US 952A: I-94 NB @ Broadway Ave,camera/508788/1765360519,https://public.carsprogram.org/cameras/MN/C824,https://video.dot.state.mn.us/public/C824.stream/playlist.m3u8,US 952A: I-94 NB @ Broadway Ave,US 952A,,
US 218: U.S.218 (Lyle - MP 4): U.S.218 (Lyle - MP 4) View 1,camera/511485/4073357981,https://public.carsprogram.org/cameras/MN/C30336-v1?1791430860000,,US 218: U.S.218 (Lyle - MP 4),US 218,,
US 218: U.S.218 (Lyle - MP 4): U.S.218 (Lyle - MP 4) View 2,camera/511485/3067706622,https://public.carsprogram.org/cameras/MN/C30336-v2?1791430860000,,US 218: U.S.218 (Lyle - MP 4),US 218,,
US 218: U.S.218 (Lyle - MP 4): U.S.218 (Lyle - MP 4) View 3,camera/511485/2042728287,https://public.carsprogram.org/cameras/MN/C30336-v3?1791430860000,,US 218: U.S.218 (Lyle - MP 4),US 218,,
US 212: T.H.212 WB @ T.H.62,camera/510352/251935301,https://public.carsprogram.org/cameras/MN/C397,https://video.dot.state.mn.us/public/C397.stream/playlist.m3u8,US 212: T.H.212 WB @ T.H.62,US 212,45.9896587,-94.6113288
US 212: T.H.212 WB @ Shady Oak Rd,camera/511634/2265151753,https://public.carsprogram.org/cameras/MN/C396,https://video.dot.state.mn.us/public/C396.stream/playlist.m3u8,US 212: T.H.212 WB @ Shady Oak Rd,US 212,,
US 212: T.H.212 EB @ Valley View Rd,camera/511505/3647641375,https://public.carsprogram.org/cameras/MN/C395,https://video.dot.state.mn.us/public/C395.stream/playlist.m3u8,US 212: T.H.212 EB @ Valley View Rd,US 212,,
US 212: T.H.212 EB @ I-494,camera/510670/3625623058,https://public.carsprogram.org/cameras/MN/C394,https://video.dot.state.mn.us/public/C394.stream/playlist.m3u8,US 212: T.H.212 EB @ I-494,US 212,45.9896587,-94.6113288
US 212: T.H.212 EB @ Prairie Center Dr,camera/510445/520559654,https://public.carsprogram.org/cameras/MN/C393,https://video.dot.state.mn.us/public/C393.stream/playlist.m3u8,US 212: T.H.212 EB @ Prairie Center Dr,US 212,,
US 212: T.H.212 EB @ Mitchell Rd NB,camera/510638/3651728683,https://public.carsprogram.org/cameras/MN/C392,https://video.dot.state.mn.us/public/C392.stream/playlist.m3u8,US 212: T.H.212 EB @ Mitchell Rd NB,US 212,,
US 212: T.H.212 EB @ Eden Prairie Rd,camera/508650/378221479,https://public.carsprogram.org/cameras/MN/C390,https://video.dot.state.mn.us/public/C390.stream/playlist.m3u8,US 212: T.H.212 EB @ Eden Prairie Rd,US 212,,
US 212: T.H.212 EB @ Dell Rd SB,camera/510303/5236777,https://public.carsprogram.org/cameras/MN/C389,https://video.dot.state.mn.us/public/C389.stream/playlist.m3u8,US 212: T.H.212 EB @ Dell Rd SB,US 212,,
US 212: T.H.212 EB E of Co Rd 101,camera/510966/2754700969,https://public.carsprogram.org/cameras/MN/C388,https://video.dot.state.mn.us/public/C388.stream/playlist.m3u8,US 212: T.H.212 EB E of Co Rd 101,US 212,45.9896587,-94.6113288
US 212: T.H.212 EB @ Powers Blvd,camera/510785/218258431,https://public.carsprogram.org/cameras/MN/C386,https://video.dot.state.mn.us/public/C386.stream/playlist.m3u8,US 212: T.H.212 EB @ Powers Blvd,US 212,,
US 212: T.H.212 EB @ Pioneer Tr,camera/510933/1605800003,https://public.carsprogram.org/cameras/MN/C385,https://video.dot.state.mn.us/public/C385.stream/playlist.m3u8,US 212: T.H.212 EB @ Pioneer Tr,US 212,,
US 212: T.H.212 EB @ Audubon Rd,camera/511170/3211742975,https://public.carsprogram.org/cameras/MN/C384,https://video.dot.state.mn.us/public/C384.stream/playlist.m3u8,US 212: T.H.212 EB @ Audubon Rd,US 212,,
US 212: T.H.212 EB @ Engler Blvd,camera/510856/527124644,https://public.carsprogram.org/cameras/MN/C30544?1791430860000,,US 212: T.H.212 EB @ Engler Blvd,US 212,,
US 212: T.H.212 WB @ Jonathan Carver Pkwy,camera/510832/258410944,https://public.carsprogram.org/cameras/MN/C30257?1791430860000,,US 212: T.H.212 WB @ Jonathan Carver Pkwy,US 212,,
US 212: T.H.212 EB @ Jonathan Carver Pkwy,camera/510507/3047073234,https://public.carsprogram.org/cameras/MN/C30258?1791430860000,,US 212: T.H.212 EB @ Jonathan Carver Pkwy,US 212,,
US 212: T.H.212 EB @ Faxon Rd,camera/511463/614781447,https://public.carsprogram.org/cameras/MN/C30224?1791430860000,,US 212: T.H.212 EB @ Faxon Rd,US 212,,
US 212: T.H.212 EB @ Reform St,camera/510632/2534148617,https://public.carsprogram.org/cameras/MN/C30225?1791430860000,,US 212: T.H.212 EB @ Reform St,US 212,,
US 212: T.H.212 (Hector - MP 84.4): T.H.212 (Hector - MP 84.4) View 1,camera/511242/850795700,https://public.carsprogram.org/cameras/MN/C30349-v1?1791430860000,,US 212: T.H.212 (Hector - MP 84.4),US 212,,
US 212: T.H.212 (Hector - MP 84.4): T.H.212 (Hector - MP 84.4) View 2,camera/511242/1324614839,https://public.carsprogram.org/cameras/MN/C30349-v2?1791430860000,,US 212: T.H.212 (Hector - MP 84.4),US 212,,
US 212: T.H.212 (Hector - MP 84.4): T.H.212 (Hector - MP 84.4) View 3,camera/511242/2052836022,https://public.carsprogram.org/cameras/MN/C30349-v3?1791430860000,,US 212: T.H.212 (Hector - MP 84.4),US 212,,
US 212: T.H.212 (Hector - MP 84.4): T.H.212 (Hector - MP 84.4) View 4,camera/511242/2523927985,https://public.carsprogram.org/cameras/MN/C30349-v4?1791430860000,,US 212: T.H.212 (Hector - MP 84.4),US 212,,
US 212: T.H.212 (Dawson - MP 24.1): T.H.212 (Dawson - MP 24.1) View 1,camera/510400/1656882428,https://public.carsprogram.org/cameras/MN/C30345-v1?1791430860000,,US 212: T.H.212 (Dawson - MP 24.1),US 212,,
US 212: T.H.212 (Dawson - MP 24.1): T.H.212 (Dawson - MP 24.1) View 2,camera/510400/1170734975,https://public.carsprogram.org/cameras/MN/C30345-v2?1791430860000,,US 212: T.H.212 (Dawson - MP 24.1),US 212,,
US 212: T.H.212 (Dawson - MP 24.1): T.H.212 (Dawson - MP 24.1) View 3,camera/510400/123582334,https://public.carsprogram.org/cameras/MN/C30345-v3?1791430860000,,US 212: T.H.212 (Dawson - MP 24.1),US 212,,
US 212: U.S.212 (Marietta - MP 1): U.S.212 (Marietta - MP 1) View 1,camera/510623/3233679421,https://public.carsprogram.org/cameras/MN/C30392-v1?1791430860000,,US 212: U.S.212 (Marietta - MP 1),US 212,,
US 212: U.S.212 (Marietta - MP 1): U.S.212 (Marietta - MP 1) View 2,camera/510623/3748147422,https://public.carsprogram.org/cameras/MN/C30392-v2?1791430860000,,US 212: U.S.212 (Marietta - MP 1),US 212,,
US 212: U.S.212 (Marietta - MP 1): U.S.212 (Marietta - MP 1) View 3,camera/510623/101909375,https://public.carsprogram.org/cameras/MN/C30392-v3?1791430860000,,US 212: U.S.212 (Marietta - MP 1),US 212,,
US 169: T.H.53 SB @ T.H.169 WB,camera/510817/3162326073,https://public.carsprogram.org/cameras/MN/C30046,https://video.dot.state.mn.us/public/C30046.stream/playlist.m3u8,US 169: T.H.53 SB @ T.H.169 WB,US 169,45.9896587,-94.6113288
US 169: T.H.169 SB,camera/508854/2891187286,https://public.carsprogram.org/cameras/MN/C30268?1791430860000,,US 169: T.H.169 SB,US 169,45.9896587,-94.6113288
US 169: U.S.169 (Michell Bridge - MP 343): U.S.169 (Michell Bridge - MP 343) View 1,camera/510654/1323173489,https://public.carsprogram.org/cameras/MN/C30464-v1?1791430860000,,US 169: U.S.169 (Michell Bridge - MP 343),US 169,,
US 169: U.S.169 (Michell Bridge - MP 343): U.S.169 (Michell Bridge - MP 343) View 2,camera/510654/544459858,https://public.carsprogram.org/cameras/MN/C30464-v2?1791430860000,,US 169: U.S.169 (Michell Bridge - MP 343),US 169,,
US 169: U.S.169 (Michell Bridge - MP 343): U.S.169 (Michell Bridge - MP 343) View 3,camera/510654/916172851,https://public.carsprogram.org/cameras/MN/C30464-v3?1791430860000,,US 169: U.S.169 (Michell Bridge - MP 343),US 169,,
US 169: U.S.169 (Michell Bridge - MP 343): U.S.169 (Michell Bridge - MP 343) View 4,camera/510654/3568022292,https://public.carsprogram.org/cameras/MN/C30464-v4?1791430860000,,US 169: U.S.169 (Michell Bridge - MP 343),US 169,,
US 169: T.H.169 NB,camera/510814/801894347,https://public.carsprogram.org/cameras/MN/C30267?1791430860000,,US 169: T.H.169 NB,US 169,45.9896587,-94.6113288
US 169: T.H.169 SB @ 23rd St,camera/509415/4199612358,https://public.carsprogram.org/cameras/MN/C30266?1791430860000,,US 169: T.H.169 SB @ 23rd St,US 169,,
US 169: T.H.169 WB @ 11th Ave,camera/510795/4068085756,https://public.carsprogram.org/cameras/MN/C30264?1791430860000,,US 169: T.H.169 WB @ 11th Ave,US 169,,
US 169: T.H.2 @ 6th Ave,camera/508655/2882691795,https://public.carsprogram.org/cameras/MN/C30263?1791430860000,,US 169: T.H.2 @ 6th Ave,US 169,45.9896587,-94.6113288
US 169: U.S.169 (Waukenabo - MP 272.9): U.S.169 (Waukenabo - MP 272.9) View 1,camera/510925/1801283487,https://public.carsprogram.org/cameras/MN/C30419-v1?1791430860000,,US 169: U.S.169 (Waukenabo - MP 272.9),US 169,,
US 169: U.S.169 (Waukenabo - MP 272.9): U.S.169 (Waukenabo - MP 272.9) View 2,camera/510925/3277443420,https://public.carsprogram.org/cameras/MN/C30419-v2?1791430860000,,US 169: U.S.169 (Waukenabo - MP 272.9),US 169,,
US 169: U.S.169 (Waukenabo - MP 272.9): U.S.169 (Waukenabo - MP 272.9) View 3,camera/510925/731671197,https://public.carsprogram.org/cameras/MN/C30419-v3?1791430860000,,US 169: U.S.169 (Waukenabo - MP 272.9),US 169,,
US 169: U.S.169 (Waukenabo - MP 272.9): U.S.169 (Waukenabo - MP 272.9) View 4,camera/510925/2357202778,https://public.carsprogram.org/cameras/MN/C30419-v4?1791430860000,,US 169: U.S.169 (Waukenabo - MP 272.9),US 169,,
US 169: U.S.169 (Waukenabo - MP 272.9): U.S.169 (Waukenabo - MP 272.9) View 5,camera/510925/2179524251,https://public.carsprogram.org/cameras/MN/C30419-v5?1791430860000,,US 169: U.S.169 (Waukenabo - MP 272.9),US 169,,
US 169: U.S.169 (Farm Island - MP 245.4): U.S.169 (Farm Island - MP 245.4) View 1,camera/510801/3108083388,https://public.carsprogram.org/cameras/MN/C30368-v1?1791430860000,,US 169: U.S.169 (Farm Island - MP 245.4),US 169,,
US 169: U.S.169 (Farm Island - MP 245.4): U.S.169 (Farm Island - MP 245.4) View 2,camera/510801/280093695,https://public.carsprogram.org/cameras/MN/C30368-v2?1791430860000,,US 169: U.S.169 (Farm Island - MP 245.4),US 169,,
US 169: U.S.169 (Farm Island - MP 245.4): U.S.169 (Farm Island - MP 245.4) View 3,camera/510801/1630261054,https://public.carsprogram.org/cameras/MN/C30368-v3?1791430860000,,US 169: U.S.169 (Farm Island - MP 245.4),US 169,,
US 169: U.S.169 (Farm Island - MP 245.4): U.S.169 (Farm Island - MP 245.4) View 4,camera/510801/1266981241,https://public.carsprogram.org/cameras/MN/C30368-v4?1791430860000,,US 169: U.S.169 (Farm Island - MP 245.4),US 169,,
US 169: U.S.169 (Farm Island - MP 245.4): U.S.169 (Farm Island - MP 245.4) View 5,camera/510801/2844722872,https://public.carsprogram.org/cameras/MN/C30368-v5?1791430860000,,US 169: U.S.169 (Farm Island - MP 245.4),US 169,,
US 169: U.S.169 (Milaca - MP 200): U.S.169 (Milaca - MP 200) View 1,camera/511278/1047311401,https://public.carsprogram.org/cameras/MN/C30448-v1?1791430860000,,US 169: U.S.169 (Milaca - MP 200),US 169,,
US 169: U.S.169 (Milaca - MP 200): U.S.169 (Milaca - MP 200) View 2,camera/511278/3267707466,https://public.carsprogram.org/cameras/MN/C30448-v2?1791430860000,,US 169: U.S.169 (Milaca - MP 200),US 169,,
US 169: U.S.169 (Milaca - MP 200): U.S.169 (Milaca - MP 200) View 3,camera/511278/2430782699,https://public.carsprogram.org/cameras/MN/C30448-v3?1791430860000,,US 169: U.S.169 (Milaca - MP 200),US 169,,
US 169: U.S.169 (Milaca - MP 200): U.S.169 (Milaca - MP 200) View 4,camera/511278/3655441420,https://public.carsprogram.org/cameras/MN/C30448-v4?1791430860000,,US 169: U.S.169 (Milaca - MP 200),US 169,,
US 169: U.S.169 (Princeton - MP 176.9): U.S.169 (Princeton - MP 176.9) View 1,camera/510536/25933025,https://public.carsprogram.org/cameras/MN/C30408-v1?1791430860000,,US 169: U.S.169 (Princeton - MP 176.9),US 169,,
US 169: U.S.169 (Princeton - MP 176.9): U.S.169 (Princeton - MP 176.9) View 2,camera/510536/2865295970,https://public.carsprogram.org/cameras/MN/C30408-v2?1791430860000,,US 169: U.S.169 (Princeton - MP 176.9),US 169,,
US 169: U.S.169 (Princeton - MP 176.9): U.S.169 (Princeton - MP 176.9) View 3,camera/510536/2996769507,https://public.carsprogram.org/cameras/MN/C30408-v3?1791430860000,,US 169: U.S.169 (Princeton - MP 176.9),US 169,,
US 169: U.S.169 (Princeton - MP 176.9): U.S.169 (Princeton - MP 176.9) View 4,camera/510536/1067709284,https://public.carsprogram.org/cameras/MN/C30408-v4?1791430860000,,US 169: U.S.169 (Princeton - MP 176.9),US 169,,
US 169: U.S.169 (Princeton - MP 176.9): U.S.169 (Princeton - MP 176.9) View 5,camera/510536/1781913061,https://public.carsprogram.org/cameras/MN/C30408-v5?1791430860000,,US 169: U.S.169 (Princeton - MP 176.9),US 169,,
US 169: U.S.169 SB N of Co Rd 9,camera/511281/4137857384,https://public.carsprogram.org/cameras/MN/C9023,https://video.dot.state.mn.us/public/C9023.stream/playlist.m3u8,US 169: U.S.169 SB N of Co Rd 9,US 169,45.9896587,-94.6113288
US 169: U.S.169 SB N of 273rd Ave,camera/508910/3875224921,https://public.carsprogram.org/cameras/MN/C9022,https://video.dot.state.mn.us/public/C9022.stream/playlist.m3u8,US 169: U.S.169 SB N of 273rd Ave,US 169,,
US 169: U.S.169 NB @ 247th Ave,camera/510369/1148601902,https://public.carsprogram.org/cameras/MN/C9021,https://video.dot.state.mn.us/public/C9021.stream/playlist.m3u8,US 169: U.S.169 NB @ 247th Ave,US 169,,
US 169: U.S.169 NB S of 237th Ave NE,camera/510905/989775640,https://public.carsprogram.org/cameras/MN/C9020,https://video.dot.state.mn.us/public/C9020.stream/playlist.m3u8,US 169: U.S.169 NB S of 237th Ave NE,US 169,,
US 169: U.S.169 NB N of 197th Ave NW,camera/510625/3424581246,https://public.carsprogram.org/cameras/MN/C30237,https://video.dot.state.mn.us/public/C30237.stream/playlist.m3u8,US 169: U.S.169 NB N of 197th Ave NW,US 169,,
US 169: U.S.169 SB @ 197th Ave NW,camera/510610/882828484,https://public.carsprogram.org/cameras/MN/C30236,https://video.dot.state.mn.us/public/C30236.stream/playlist.m3u8,US 169: U.S.169 SB @ 197th Ave NW,US 169,,
US 169: U.S.169 SB N of Jackson Ave NW,camera/510778/2111322833,https://public.carsprogram.org/cameras/MN/C30235,https://video.dot.state.mn.us/public/C30235.stream/playlist.m3u8,US 169: U.S.169 SB N of Jackson Ave NW,US 169,,
US 169: U.S.169 SB @ Jackson Ave NW (193rd Av),camera/510421/4123816077,https://public.carsprogram.org/cameras/MN/C30234,https://video.dot.state.mn.us/public/C30234.stream/playlist.m3u8,US 169: U.S.169 SB @ Jackson Ave NW (193rd Av),US 169,,
US 169: U.S.169 SB N of School Street NW,camera/511060/1111256935,https://public.carsprogram.org/cameras/MN/C30233,https://video.dot.state.mn.us/public/C30233.stream/playlist.m3u8,US 169: U.S.169 SB N of School Street NW,US 169,,
US 169: U.S.169 SB @ School Street NW (Elk Hills Dr),camera/510911/474324775,https://public.carsprogram.org/cameras/MN/C30232,https://video.dot.state.mn.us/public/C30232.stream/playlist.m3u8,US 169: U.S.169 SB @ School Street NW (Elk Hills Dr),US 169,,
US 169: U.S.169 SB N of Main St,camera/510499/4226037191,https://public.carsprogram.org/cameras/MN/C30231,https://video.dot.state.mn.us/public/C30231.stream/playlist.m3u8,US 169: U.S.169 SB N of Main St,US 169,,
US 169: U.S.169 SB @ Main St,camera/511326/3788083552,https://public.carsprogram.org/cameras/MN/C1652,https://video.dot.state.mn.us/public/C1652.stream/playlist.m3u8,US 169: U.S.169 SB @ Main St,US 169,,
US 169: U.S.169 SB S of Main St,camera/510694/3847614330,https://public.carsprogram.org/cameras/MN/C30230,https://video.dot.state.mn.us/public/C30230.stream/playlist.m3u8,US 169: U.S.169 SB S of Main St,US 169,,
US 169: T.H.10 WB @ T.H.101,camera/510599/3897194881,https://public.carsprogram.org/cameras/MN/C653,https://video.dot.state.mn.us/public/C653.stream/playlist.m3u8,US 169: T.H.10 WB @ T.H.101,US 169,45.9896587,-94.6113288
US 169: U.S.169 NB @ Main St,camera/510857/837172989,https://public.carsprogram.org/cameras/MN/C351,https://video.dot.state.mn.us/public/C351.stream/playlist.m3u8,US 169: U.S.169 NB @ Main St,US 169,,
US 169: U.S.169 SB (Peninsula Point),camera/510401/1061647606,https://public.carsprogram.org/cameras/MN/C349,https://video.dot.state.mn.us/public/C349.stream/playlist.m3u8,US 169: U.S.169 SB (Peninsula Point),US 169,,
US 169: U.S.169 SB @ Dayton Rd (Miller Rd),camera/510768/1759813943,https://public.carsprogram.org/cameras/MN/C347,https://video.dot.state.mn.us/public/C347.stream/playlist.m3u8,US 169: U.S.169 SB @ Dayton Rd (Miller Rd),US 169,,
US 169: U.S.169 SB @ West River Rd (Dean Av),camera/511076/1881897837,https://public.carsprogram.org/cameras/MN/C346,https://video.dot.state.mn.us/public/C346.stream/playlist.m3u8,US 169: U.S.169 SB @ West River Rd (Dean Av),US 169,,
US 169: U.S.169 NB @ Hayden Lake Rd,camera/511240/683508443,https://public.carsprogram.org/cameras/MN/C345,https://video.dot.state.mn.us/public/C345.stream/playlist.m3u8,US 169: U.S.169 NB @ Hayden Lake Rd,US 169,,
US 169: U.S.169 SB @ 120th Ave,camera/511608/3961752753,https://public.carsprogram.org/cameras/MN/C344,https://video.dot.state.mn.us/public/C344.stream/playlist.m3u8,US 169: U.S.169 SB @ 120th Ave,US 169,,
US 169: U.S.169 SB @ 117th Ave,camera/511263/637636565,https://public.carsprogram.org/cameras/MN/C343,https://video.dot.state.mn.us/public/C343.stream/playlist.m3u8,US 169: U.S.169 SB @ 117th Ave,US 169,,
US 169: U.S.169 SB @ 114th Ave (Elm Creek Pkwy),camera/510466/1219067964,https://public.carsprogram.org/cameras/MN/C342,https://video.dot.state.mn.us/public/C342.stream/playlist.m3u8,US 169: U.S.169 SB @ 114th Ave (Elm Creek Pkwy),US 169,,
US 169: U.S.169 SB @ 109th Ave,camera/510677/370150234,https://public.carsprogram.org/cameras/MN/C341,https://video.dot.state.mn.us/public/C341.stream/playlist.m3u8,US 169: U.S.169 SB @ 109th Ave,US 169,,
US 169: U.S.169 SB @ 101st Ave WB,camera/511101/1860184892,https://public.carsprogram.org/cameras/MN/C30138,https://video.dot.state.mn.us/public/C30138.stream/playlist.m3u8,US 169: U.S.169 SB @ 101st Ave WB,US 169,,
US 169: U.S.169 SB @ 101st Ave,camera/510835/3997554505,https://public.carsprogram.org/cameras/MN/C30223,https://video.dot.state.mn.us/public/C30223.stream/playlist.m3u8,US 169: U.S.169 SB @ 101st Ave,US 169,,
US 169: U.S.169 NB @ 101st Ave,camera/510881/832259284,https://public.carsprogram.org/cameras/MN/C30222,https://video.dot.state.mn.us/public/C30222.stream/playlist.m3u8,US 169: U.S.169 NB @ 101st Ave,US 169,,
US 169: U.S.169 NB S of 93rd Ave,camera/510456/1352967397,https://public.carsprogram.org/cameras/MN/C339,https://video.dot.state.mn.us/public/C339.stream/playlist.m3u8,US 169: U.S.169 NB S of 93rd Ave,US 169,,
US 169: U.S.169 SB @ Co Rd 81 (85th Av),camera/508758/2539568504,https://public.carsprogram.org/cameras/MN/C338,https://video.dot.state.mn.us/public/C338.stream/playlist.m3u8,US 169: U.S.169 SB @ Co Rd 81 (85th Av),US 169,,
US 169: U.S.169 SB @ 77th Ave (Brooklyn Blvd),camera/510310/1097567903,https://public.carsprogram.org/cameras/MN/C337,https://video.dot.state.mn.us/public/C337.stream/playlist.m3u8,US 169: U.S.169 SB @ 77th Ave (Brooklyn Blvd),US 169,,
US 169: I-94 EB @ U.S.169,camera/511542/2683196243,https://public.carsprogram.org/cameras/MN/C813,https://video.dot.state.mn.us/public/C813.stream/playlist.m3u8,US 169: I-94 EB @ U.S.169,US 169,45.9896587,-94.6113288
US 169: T.H.169 NB S of I-94,camera/510468/838267128,https://public.carsprogram.org/cameras/MN/C30751,https://video.dot.state.mn.us/public/C30751.stream/playlist.m3u8,US 169: T.H.169 NB S of I-94,US 169,45.9896587,-94.6113288
US 169: U.S.169 SB @ 63rd Ave,camera/508777/4039108429,https://public.carsprogram.org/cameras/MN/C336,https://video.dot.state.mn.us/public/C336.stream/playlist.m3u8,US 169: U.S.169 SB @ 63rd Ave,US 169,,
US 169: U.S.169 SB @ Bass Lake Rd,camera/510381/1913100922,https://public.carsprogram.org/cameras/MN/C335,https://video.dot.state.mn.us/public/C335.stream/playlist.m3u8,US 169: U.S.169 SB @ Bass Lake Rd,US 169,,
US 169: U.S.169 SB @ 49th Ave,camera/510616/340867919,https://public.carsprogram.org/cameras/MN/C334,https://video.dot.state.mn.us/public/C334.stream/playlist.m3u8,US 169: U.S.169 SB @ 49th Ave,US 169,,
US 169: U.S.169 SB @ Rockford Rd,camera/511175/152486096,https://public.carsprogram.org/cameras/MN/C333,https://video.dot.state.mn.us/public/C333.stream/playlist.m3u8,US 169: U.S.169 SB @ Rockford Rd,US 169,,
US 169: T.H.169 SB @ Rockford Rd,camera/510334/152490058,https://public.carsprogram.org/cameras/MN/C30515,https://video.dot.state.mn.us/public/C30515.stream/playlist.m3u8,US 169: T.H.169 SB @ Rockford Rd,US 169,,
US 169: T.H.169 NB @ Rockford Rd EB,camera/508780/3509965936,https://public.carsprogram.org/cameras/MN/C30516,https://video.dot.state.mn.us/public/C30516.stream/playlist.m3u8,US 169: T.H.169 NB @ Rockford Rd EB,US 169,,
US 169: U.S.169 SB @ 36th Ave (W Ramp),camera/509302/4242333855,https://public.carsprogram.org/cameras/MN/C30570,https://video.dot.state.mn.us/public/C30570.stream/playlist.m3u8,US 169: U.S.169 SB @ 36th Ave (W Ramp),US 169,,
US 169: U.S.169 NB @ 36th Ave (E Ramp),camera/509028/2604551376,https://public.carsprogram.org/cameras/MN/C30569,https://video.dot.state.mn.us/public/C30569.stream/playlist.m3u8,US 169: U.S.169 NB @ 36th Ave (E Ramp),US 169,,
US 169: U.S.169 SB @ 36th Ave,camera/510597/2766411495,https://public.carsprogram.org/cameras/MN/C332,https://video.dot.state.mn.us/public/C332.stream/playlist.m3u8,US 169: U.S.169 SB @ 36th Ave,US 169,,
US 169: U.S.169 SB @ Medicine Lake Rd,camera/510569/3181288349,https://public.carsprogram.org/cameras/MN/C331,https://video.dot.state.mn.us/public/C331.stream/playlist.m3u8,US 169: U.S.169 SB @ Medicine Lake Rd,US 169,,
US 169: U.S.169 SB @ Plymouth Ave,camera/511072/2279918640,https://public.carsprogram.org/cameras/MN/C330,https://video.dot.state.mn.us/public/C330.stream/playlist.m3u8,US 169: U.S.169 SB @ Plymouth Ave,US 169,,
US 169: U.S.169 NB @ Betty Crocker Dr (East Intersection),camera/510993/890343831,https://public.carsprogram.org/cameras/MN/C30657,https://video.dot.state.mn.us/public/C30657.stream/playlist.m3u8,US 169: U.S.169 NB @ Betty Crocker Dr (East Intersection),US 169,,
US 169: U.S.169 SB @ Betty Crocker Dr (West Intersection),camera/510674/949542492,https://public.carsprogram.org/cameras/MN/C30658,https://video.dot.state.mn.us/public/C30658.stream/playlist.m3u8,US 169: U.S.169 SB @ Betty Crocker Dr (West Intersection),US 169,,
US 169: I-394 EB @ U.S.169 SB,camera/511137/3926266353,https://public.carsprogram.org/cameras/MN/C906,https://video.dot.state.mn.us/public/C906.stream/playlist.m3u8,US 169: I-394 EB @ U.S.169 SB,US 169,45.9896587,-94.6113288
US 169: U.S.169 NB @ Cedar Lake Rd,camera/510291/1994186773,https://public.carsprogram.org/cameras/MN/C328,https://video.dot.state.mn.us/public/C328.stream/playlist.m3u8,US 169: U.S.169 NB @ Cedar Lake Rd,US 169,,
US 169: U.S.169 SB @ Cedar Lake Rd WB (West Intersection),camera/509014/3313736676,https://public.carsprogram.org/cameras/MN/C30712,https://video.dot.state.mn.us/public/C30712.stream/playlist.m3u8,US 169: U.S.169 SB @ Cedar Lake Rd WB (West Intersection),US 169,,
US 169: U.S.169 NB @ Cedar Lake Rd EB (East Intersection),camera/508746/1596505213,https://public.carsprogram.org/cameras/MN/C30713,https://video.dot.state.mn.us/public/C30713.stream/playlist.m3u8,US 169: U.S.169 NB @ Cedar Lake Rd EB (East Intersection),US 169,,
US 169: U.S.169 SB @ Minnetonka Blvd,camera/511018/851855022,https://public.carsprogram.org/cameras/MN/C327,https://video.dot.state.mn.us/public/C327.stream/playlist.m3u8,US 169: U.S.169 SB @ Minnetonka Blvd,US 169,,
US 169: U.S.169 @ Excelsior Blvd (E Ramp),camera/511611/3402874555,https://public.carsprogram.org/cameras/MN/C30567,https://video.dot.state.mn.us/public/C30567.stream/playlist.m3u8,US 169: U.S.169 @ Excelsior Blvd (E Ramp),US 169,,
US 169: U.S.169 SB @ Excelsior Blvd,camera/511623/1740727168,https://public.carsprogram.org/cameras/MN/C3251,https://video.dot.state.mn.us/public/C3251.stream/playlist.m3u8,US 169: U.S.169 SB @ Excelsior Blvd,US 169,,
US 169: U.S.169 SB @ Excelsior Blvd (W Ramp),camera/509128/420225144,https://public.carsprogram.org/cameras/MN/C30566,https://video.dot.state.mn.us/public/C30566.stream/playlist.m3u8,US 169: U.S.169 SB @ Excelsior Blvd (W Ramp),US 169,,
US 169: U.S.169 SB @ 7th St (5th St/Lincoln Dr),camera/511560/4240809491,https://public.carsprogram.org/cameras/MN/C325,https://video.dot.state.mn.us/public/C325.stream/playlist.m3u8,US 169: U.S.169 SB @ 7th St (5th St/Lincoln Dr),US 169,,
US 169: U.S.169 SB @ Bren Rd (Londonderry Rd),camera/509806/595853958,https://public.carsprogram.org/cameras/MN/C324,https://video.dot.state.mn.us/public/C324.stream/playlist.m3u8,US 169: U.S.169 SB @ Bren Rd (Londonderry Rd),US 169,,
US 169: T.H.62 EB @ U.S.169,camera/510564/1205256258,https://public.carsprogram.org/cameras/MN/C120,https://video.dot.state.mn.us/public/C120.stream/playlist.m3u8,US 169: T.H.62 EB @ U.S.169,US 169,45.9896587,-94.6113288
US 169: U.S.169 SB N of Valley View Rd,camera/511051/1884025435,https://public.carsprogram.org/cameras/MN/C30721,https://video.dot.state.mn.us/public/C30721.stream/playlist.m3u8,US 169: U.S.169 SB N of Valley View Rd,US 169,,
US 169: U.S.169 SB @ Valley View Rd,camera/511094/3000392572,https://public.carsprogram.org/cameras/MN/C323,https://video.dot.state.mn.us/public/C323.stream/playlist.m3u8,US 169: U.S.169 SB @ Valley View Rd,US 169,,
US 169: U.S.169 SB @ I-494 WB,camera/508755/2772554564,https://public.carsprogram.org/cameras/MN/C322,https://video.dot.state.mn.us/public/C322.stream/playlist.m3u8,US 169: U.S.169 SB @ I-494 WB,US 169,45.9896587,-94.6113288
US 169: I-494 EB @ U.S.169,camera/511319/2646102407,https://public.carsprogram.org/cameras/MN/C427,https://video.dot.state.mn.us/public/C427.stream/playlist.m3u8,US 169: I-494 EB @ U.S.169,US 169,45.9896587,-94.6113288
US 169: T.H.169 NB S of I-494,camera/508709/67238284,https://public.carsprogram.org/cameras/MN/C3211,https://video.dot.state.mn.us/public/C3211.stream/playlist.m3u8,US 169: T.H.169 NB S of I-494,US 169,45.9896587,-94.6113288
US 169: U.S.169 NB N of Anderson Lakes Pkwy,camera/511057/2674206173,https://public.carsprogram.org/cameras/MN/C321,https://video.dot.state.mn.us/public/C321.stream/playlist.m3u8,US 169: U.S.169 NB N of Anderson Lakes Pkwy,US 169,,
US 169: U.S.169 NB @ Anderson Lakes Pkwy,camera/510651/767644762,https://public.carsprogram.org/cameras/MN/C320,https://video.dot.state.mn.us/public/C320.stream/playlist.m3u8,US 169: U.S.169 NB @ Anderson Lakes Pkwy,US 169,,
US 169: U.S.169 NB @ Pioneer Tr,camera/509109/171014461,https://public.carsprogram.org/cameras/MN/C319,https://video.dot.state.mn.us/public/C319.stream/playlist.m3u8,US 169: U.S.169 NB @ Pioneer Tr,US 169,,
US 169: U.S.169 NB @ Old Shakopee Rd (MP 117.9),camera/511340/599224850,https://public.carsprogram.org/cameras/MN/C318,https://video.dot.state.mn.us/public/C318.stream/playlist.m3u8,US 169: U.S.169 NB @ Old Shakopee Rd (MP 117.9),US 169,,
US 169: U.S.169 NB @ T.H.101 (MP 116.4),camera/509751/4041377165,https://public.carsprogram.org/cameras/MN/C317,https://video.dot.state.mn.us/public/C317.stream/playlist.m3u8,US 169: U.S.169 NB @ T.H.101 (MP 116.4),US 169,45.9896587,-94.6113288
US 169: U.S.169 NB @ Co Rd 21 (MP 115.8),camera/511633/3347867063,https://public.carsprogram.org/cameras/MN/C315,https://video.dot.state.mn.us/public/C315.stream/playlist.m3u8,US 169: U.S.169 NB @ Co Rd 21 (MP 115.8),US 169,45.9896587,-94.6113288
US 169: U.S.169 NB S of Co Rd 21 (MP 115.4),camera/511474/1126393313,https://public.carsprogram.org/cameras/MN/C314,https://video.dot.state.mn.us/public/C314.stream/playlist.m3u8,US 169: U.S.169 NB S of Co Rd 21 (MP 115.4),US 169,45.9896587,-94.6113288
US 169: U.S.169 NB E of Co Rd 83 (MP 114.5),camera/510970/2786125695,https://public.carsprogram.org/cameras/MN/C313,https://video.dot.state.mn.us/public/C313.stream/playlist.m3u8,US 169: U.S.169 NB E of Co Rd 83 (MP 114.5),US 169,45.9896587,-94.6113288
US 169: U.S.169 SB E of Canterbury Rd (MP 113.5),camera/510979/1411119153,https://public.carsprogram.org/cameras/MN/C30498,https://video.dot.state.mn.us/public/C30498.stream/playlist.m3u8,US 169: U.S.169 SB E of Canterbury Rd (MP 113.5),US 169,,
US 169: U.S.169 NB @ Canterbury Rd (Co Rd 83 - MP 112.9),camera/511115/2979181233,https://public.carsprogram.org/cameras/MN/C312,https://video.dot.state.mn.us/public/C312.stream/playlist.m3u8,US 169: U.S.169 NB @ Canterbury Rd (Co Rd 83 - MP 112.9),US 169,,
US 169: U.S.169 SB @ Eagle Creek Blvd (MP 112.3),camera/510878/1513915315,https://public.carsprogram.org/cameras/MN/C30497,https://video.dot.state.mn.us/public/C30497.stream/playlist.m3u8,US 169: U.S.169 SB @ Eagle Creek Blvd (MP 112.3),US 169,,
US 169: U.S.169 NB E of Marschall Rd (MP 111.5),camera/508643/3284152986,https://public.carsprogram.org/cameras/MN/C30496,https://video.dot.state.mn.us/public/C30496.stream/playlist.m3u8,US 169: U.S.169 NB E of Marschall Rd (MP 111.5),US 169,,
US 169: U.S.169 NB @ Marschall Rd (Co Rd 17 - MP 111),camera/509788/3006906844,https://public.carsprogram.org/cameras/MN/C30495,https://video.dot.state.mn.us/public/C30495.stream/playlist.m3u8,US 169: U.S.169 NB @ Marschall Rd (Co Rd 17 - MP 111),US 169,,
US 169: U.S.169 SB W of Marschall Rd (MP 110.5),camera/510394/583468660,https://public.carsprogram.org/cameras/MN/C30494,https://video.dot.state.mn.us/public/C30494.stream/playlist.m3u8,US 169: U.S.169 SB W of Marschall Rd (MP 110.5),US 169,,
US 169: U.S.169 NB @ Townline Ave (MP 110),camera/510764/1343172451,https://public.carsprogram.org/cameras/MN/C30493,https://video.dot.state.mn.us/public/C30493.stream/playlist.m3u8,US 169: U.S.169 NB @ Townline Ave (MP 110),US 169,,
US 169: U.S.169 NB @ Fuller St S (MP 109.4),camera/510440/2964672031,https://public.carsprogram.org/cameras/MN/C30492,https://video.dot.state.mn.us/public/C30492.stream/playlist.m3u8,US 169: U.S.169 NB @ Fuller St S (MP 109.4),US 169,,
US 169: U.S.169 SB @ Marystown Rd (Co Rd 15 - MP 108.9),camera/510433/1935896909,https://public.carsprogram.org/cameras/MN/C30491,https://video.dot.state.mn.us/public/C30491.stream/playlist.m3u8,US 169: U.S.169 SB @ Marystown Rd (Co Rd 15 - MP 108.9),US 169,,
US 169: U.S.169 NB E of Old Brick Yard Rd (MP 108.1),camera/508705/3880081705,https://public.carsprogram.org/cameras/MN/C30490,https://video.dot.state.mn.us/public/C30490.stream/playlist.m3u8,US 169: U.S.169 NB E of Old Brick Yard Rd (MP 108.1),US 169,,
US 169: U.S.169 SB @ Old Brick Yard Rd (Co Rd 69 - MP 107.8),camera/510761/566205062,https://public.carsprogram.org/cameras/MN/C30489,https://video.dot.state.mn.us/public/C30489.stream/playlist.m3u8,US 169: U.S.169 SB @ Old Brick Yard Rd (Co Rd 69 - MP 107.8),US 169,,
US 169: U.S.169 NB N of T.H.41 (Mobile Manor Tr Prk),camera/510488/2657470430,https://public.carsprogram.org/cameras/MN/C30061,https://video.dot.state.mn.us/public/C30061.stream/playlist.m3u8,US 169: U.S.169 NB N of T.H.41 (Mobile Manor Tr Prk),US 169,,
US 169: U.S.169 SB S of T.H.41 (MP 105.5),camera/510565/2849148028,https://public.carsprogram.org/cameras/MN/C30059,https://video.dot.state.mn.us/public/C30059.stream/playlist.m3u8,US 169: U.S.169 SB S of T.H.41 (MP 105.5),US 169,45.9896587,-94.6113288
US 169: U.S.169 SB @ 150th St W EB (Co Rd 14 - MP 104.2),camera/511089/1658813620,https://public.carsprogram.org/cameras/MN/C30066,https://video.dot.state.mn.us/public/C30066.stream/playlist.m3u8,US 169: U.S.169 SB @ 150th St W EB (Co Rd 14 - MP 104.2),US 169,,
US 169: U.S.169 NB N of Bluff Dr (MP 103),camera/510669/1866246037,https://public.carsprogram.org/cameras/MN/C30525?1791430860000,,US 169: U.S.169 NB N of Bluff Dr (MP 103),US 169,,
US 169: U.S.169 SB @ Jordan Ave (MP 101.8),camera/511626/1222327320,https://public.carsprogram.org/cameras/MN/C30524?1791430860000,,US 169: U.S.169 SB @ Jordan Ave (MP 101.8),US 169,,
US 169: U.S.169 NB S of 173rd St (MP 100.8),camera/510852/3200921236,https://public.carsprogram.org/cameras/MN/C30523?1791430860000,,US 169: U.S.169 NB S of 173rd St (MP 100.8),US 169,,
US 169: U.S.169 SB N of T.H.21 (N of Broadway St - MP100),camera/511555/3690742945,https://public.carsprogram.org/cameras/MN/C30522?1791430860000,,US 169: U.S.169 SB N of T.H.21 (N of Broadway St - MP100),US 169,,
US 169: U.S.169 NB @ Broadway St (T.H.21 - MP 99.5),camera/510615/2686728342,https://public.carsprogram.org/cameras/MN/C30526?1791430860000,,US 169: U.S.169 NB @ Broadway St (T.H.21 - MP 99.5),US 169,,
US 169: U.S.169 (Henderson - MP 86): U.S.169 (Henderson - MP 86) View 1,camera/511290/534308412,https://public.carsprogram.org/cameras/MN/C30447-v1?1791430860000,,US 169: U.S.169 (Henderson - MP 86),US 169,,
US 169: U.S.169 (Henderson - MP 86): U.S.169 (Henderson - MP 86) View 2,camera/511290/1667458783,https://public.carsprogram.org/cameras/MN/C30447-v2?1791430860000,,US 169: U.S.169 (Henderson - MP 86),US 169,,
US 169: U.S.169 (Henderson - MP 86): U.S.169 (Henderson - MP 86) View 3,camera/511290/4030031614,https://public.carsprogram.org/cameras/MN/C30447-v3?1791430860000,,US 169: U.S.169 (Henderson - MP 86),US 169,,
US 169: U.S.169 (Henderson - MP 86): U.S.169 (Henderson - MP 86) View 4,camera/511290/460186009,https://public.carsprogram.org/cameras/MN/C30447-v4?1791430860000,,US 169: U.S.169 (Henderson - MP 86),US 169,,
US 169: U.S.169 (Henderson - MP 86): U.S.169 (Henderson - MP 86) View 5,camera/511290/404742584,https://public.carsprogram.org/cameras/MN/C30447-v5?1791430860000,,US 169: U.S.169 (Henderson - MP 86),US 169,,
US 169: U.S.169 (St. Peter - MP 69): U.S.169 (St. Peter - MP 69) View 1,camera/510495/1686639360,https://public.carsprogram.org/cameras/MN/C30446-v1?1791430860000,,US 169: U.S.169 (St. Peter - MP 69),US 169,,
US 169: U.S.169 (St. Peter - MP 69): U.S.169 (St. Peter - MP 69) View 2,camera/510495/1352084387,https://public.carsprogram.org/cameras/MN/C30446-v2?1791430860000,,US 169: U.S.169 (St. Peter - MP 69),US 169,,
US 169: U.S.169 (St. Peter - MP 69): U.S.169 (St. Peter - MP 69) View 3,camera/510495/3929772994,https://public.carsprogram.org/cameras/MN/C30446-v3?1791430860000,,US 169: U.S.169 (St. Peter - MP 69),US 169,,
US 169: U.S.169 (St. Peter - MP 69): U.S.169 (St. Peter - MP 69) View 4,camera/510495/4059278437,https://public.carsprogram.org/cameras/MN/C30446-v4?1791430860000,,US 169: U.S.169 (St. Peter - MP 69),US 169,,
US 169: U.S.169 SB @ T.H.22,camera/510759/863555888,https://public.carsprogram.org/cameras/MN/C30556?1791430860000,,US 169: U.S.169 SB @ T.H.22,US 169,45.9896587,-94.6113288
US 169: U.S.14 WB @ U.S.169 NB,camera/511155/1177065799,https://public.carsprogram.org/cameras/MN/C30147,https://video.dot.state.mn.us/public/C30147.stream/playlist.m3u8,US 169: U.S.14 WB @ U.S.169 NB,US 169,45.9896587,-94.6113288
US 169: U.S.169 NB S of Webster Ave,camera/511344/4248688537,https://public.carsprogram.org/cameras/MN/C30155,https://video.dot.state.mn.us/public/C30155.stream/playlist.m3u8,US 169: U.S.169 NB S of Webster Ave,US 169,,
US 169: U.S.169 NB @ Belgrade Ave,camera/511427/1911447101,https://public.carsprogram.org/cameras/MN/C30154,https://video.dot.state.mn.us/public/C30154.stream/playlist.m3u8,US 169: U.S.169 NB @ Belgrade Ave,US 169,,
US 169: U.S.169 SB @ Lookout Dr,camera/510419/1942093363,https://public.carsprogram.org/cameras/MN/C30153,https://video.dot.state.mn.us/public/C30153.stream/playlist.m3u8,US 169: U.S.169 SB @ Lookout Dr,US 169,,
US 169: U.S.169 NB @ Riverfront Dr,camera/510972/4230715260,https://public.carsprogram.org/cameras/MN/C30152,https://video.dot.state.mn.us/public/C30152.stream/playlist.m3u8,US 169: U.S.169 NB @ Riverfront Dr,US 169,,
US 169: U.S.169 (Mankato - MP 52): U.S.169 (Mankato - MP 52) View 1,camera/510570/1141185924,https://public.carsprogram.org/cameras/MN/C30445-v1?1791430860000,,US 169: U.S.169 (Mankato - MP 52),US 169,,
US 169: U.S.169 (Mankato - MP 52): U.S.169 (Mankato - MP 52) View 2,camera/510570/2600703079,https://public.carsprogram.org/cameras/MN/C30445-v2?1791430860000,,US 169: U.S.169 (Mankato - MP 52),US 169,,
US 169: U.S.169 (Mankato - MP 52): U.S.169 (Mankato - MP 52) View 3,camera/510570/4171458246,https://public.carsprogram.org/cameras/MN/C30445-v3?1791430860000,,US 169: U.S.169 (Mankato - MP 52),US 169,,
US 75: Main St SB @ 8th St,camera/510364/275458427,https://public.carsprogram.org/cameras/MN/C10-01,https://video.dot.state.mn.us/public/C10-01.stream/playlist.m3u8,US 75: Main St SB @ 8th St,US 75,,
US 75: T.H.75 NB @ 12th Ave,camera/510903/2251665082,https://public.carsprogram.org/cameras/MN/C75-06,https://video.dot.state.mn.us/public/C75-06.stream/playlist.m3u8,US 75: T.H.75 NB @ 12th Ave,US 75,,
US 75: T.H.75 SB @ 20th Ave,camera/511222/1327859910,https://public.carsprogram.org/cameras/MN/C75-05,https://video.dot.state.mn.us/public/C75-05.stream/playlist.m3u8,US 75: T.H.75 SB @ 20th Ave,US 75,,
US 75: T.H.75 SB @ 24th Ave,camera/508839/705268802,https://public.carsprogram.org/cameras/MN/C75-04,https://video.dot.state.mn.us/public/C75-04.stream/playlist.m3u8,US 75: T.H.75 SB @ 24th Ave,US 75,,
US 75: T.H.75 NB @ I-94,camera/508957/4051682846,https://public.carsprogram.org/cameras/MN/C75-03,https://video.dot.state.mn.us/public/C75-03.stream/playlist.m3u8,US 75: T.H.75 NB @ I-94,US 75,45.9896587,-94.6113288
US 75: T.H.75 SB @ I-94,camera/510634/467552291,https://public.carsprogram.org/cameras/MN/C75-02,https://video.dot.state.mn.us/public/C75-02.stream/playlist.m3u8,US 75: T.H.75 SB @ I-94,US 75,45.9896587,-94.6113288
US 75: T.H.75 NB @ 40th Ave,camera/510758/137270269,https://public.carsprogram.org/cameras/MN/C75-01,https://video.dot.state.mn.us/public/C75-01.stream/playlist.m3u8,US 75: T.H.75 NB @ 40th Ave,US 75,,
US 75: U.S.75 (Kent - MP 222): U.S.75 (Kent - MP 222) View 1,camera/509783/2724120138,https://public.carsprogram.org/cameras/MN/C30374-v1?1791430860000,,US 75: U.S.75 (Kent - MP 222),US 75,,
US 75: U.S.75 (Kent - MP 222): U.S.75 (Kent - MP 222) View 2,camera/509783/2505332297,https://public.carsprogram.org/cameras/MN/C30374-v2?1791430860000,,US 75: U.S.75 (Kent - MP 222),US 75,,
US 75: U.S.75 (Kent - MP 222): U.S.75 (Kent - MP 222) View 3,camera/509783/850220232,https://public.carsprogram.org/cameras/MN/C30374-v3?1791430860000,,US 75: U.S.75 (Kent - MP 222),US 75,,
US 75: U.S.75 (Tenney - MP 188): U.S.75 (Tenney - MP 188) View 1,camera/509478/1716413616,https://public.carsprogram.org/cameras/MN/C30387-v1?1791430860000,,US 75: U.S.75 (Tenney - MP 188),US 75,,
US 75: U.S.75 (Tenney - MP 188): U.S.75 (Tenney - MP 188) View 2,camera/509478/3264081267,https://public.carsprogram.org/cameras/MN/C30387-v2?1791430860000,,US 75: U.S.75 (Tenney - MP 188),US 75,,
US 75: U.S.75 (Tenney - MP 188): U.S.75 (Tenney - MP 188) View 3,camera/509478/4013572402,https://public.carsprogram.org/cameras/MN/C30387-v3?1791430860000,,US 75: U.S.75 (Tenney - MP 188),US 75,,
US 75: U.S.75 (Ortonville - MP 132.7): U.S.75 (Ortonville - MP 132.7) View 1,camera/510988/292981719,https://public.carsprogram.org/cameras/MN/C30376-v1?1791430860000,,US 75: U.S.75 (Ortonville - MP 132.7),US 75,,
US 75: U.S.75 (Ortonville - MP 132.7): U.S.75 (Ortonville - MP 132.7) View 2,camera/510988/1116347604,https://public.carsprogram.org/cameras/MN/C30376-v2?1791430860000,,US 75: U.S.75 (Ortonville - MP 132.7),US 75,,
US 75: U.S.75 (Ortonville - MP 132.7): U.S.75 (Ortonville - MP 132.7) View 3,camera/510988/3789704405,https://public.carsprogram.org/cameras/MN/C30376-v3?1791430860000,,US 75: U.S.75 (Ortonville - MP 132.7),US 75,,
US 75: U.S.75 (Canby - MP 84.0): U.S.75 (Canby - MP 84.0) View 1,camera/511188/1990368841,https://public.carsprogram.org/cameras/MN/C30350-v1?1791430860000,,US 75: U.S.75 (Canby - MP 84.0),US 75,,
US 75: U.S.75 (Canby - MP 84.0): U.S.75 (Canby - MP 84.0) View 2,camera/511188/3012108618,https://public.carsprogram.org/cameras/MN/C30350-v2?1791430860000,,US 75: U.S.75 (Canby - MP 84.0),US 75,,
US 75: U.S.75 (Canby - MP 84.0): U.S.75 (Canby - MP 84.0) View 3,camera/511188/3984524491,https://public.carsprogram.org/cameras/MN/C30350-v3?1791430860000,,US 75: U.S.75 (Canby - MP 84.0),US 75,,
US 75: U.S.75 (Trosky - MP 30.3): U.S.75 (Trosky - MP 30.3) View 1,camera/510862/3925621562,https://public.carsprogram.org/cameras/MN/C30346-v1?1791430860000,,US 75: U.S.75 (Trosky - MP 30.3),US 75,,
US 75: U.S.75 (Trosky - MP 30.3): U.S.75 (Trosky - MP 30.3) View 2,camera/510862/678790041,https://public.carsprogram.org/cameras/MN/C30346-v2?1791430860000,,US 75: U.S.75 (Trosky - MP 30.3),US 75,,
US 75: U.S.75 (Trosky - MP 30.3): U.S.75 (Trosky - MP 30.3) View 3,camera/510862/494842360,https://public.carsprogram.org/cameras/MN/C30346-v3?1791430860000,,US 75: U.S.75 (Trosky - MP 30.3),US 75,,
US 75: U.S.75 (Trosky - MP 30.3): U.S.75 (Trosky - MP 30.3) View 4,camera/510862/3170376799,https://public.carsprogram.org/cameras/MN/C30346-v4?1791430860000,,US 75: U.S.75 (Trosky - MP 30.3),US 75,,
US 71: U.S.71 (Margie - MP 379): U.S.71 (Margie - MP 379) View 1,camera/511468/3040780768,https://public.carsprogram.org/cameras/MN/C30444-v1?1791430860000,,US 71: U.S.71 (Margie - MP 379),US 71,,
US 71: U.S.71 (Margie - MP 379): U.S.71 (Margie - MP 379) View 2,camera/511468/3514308643,https://public.carsprogram.org/cameras/MN/C30444-v2?1791430860000,,US 71: U.S.71 (Margie - MP 379),US 71,,
US 71: U.S.71 (Margie - MP 379): U.S.71 (Margie - MP 379) View 3,camera/511468/3787767266,https://public.carsprogram.org/cameras/MN/C30444-v3?1791430860000,,US 71: U.S.71 (Margie - MP 379),US 71,,
US 71: U.S.71 (Lake Itasca - MP 281.1): U.S.71 (Lake Itasca - MP 281.1) View 1,camera/510349/2741951618,https://public.carsprogram.org/cameras/MN/C30402-v1?1791430860000,,US 71: U.S.71 (Lake Itasca - MP 281.1),US 71,,
US 71: U.S.71 (Lake Itasca - MP 281.1): U.S.71 (Lake Itasca - MP 281.1) View 2,camera/510349/3824404705,https://public.carsprogram.org/cameras/MN/C30402-v2?1791430860000,,US 71: U.S.71 (Lake Itasca - MP 281.1),US 71,,
US 71: U.S.71 (Lake Itasca - MP 281.1): U.S.71 (Lake Itasca - MP 281.1) View 3,camera/510349/2409271104,https://public.carsprogram.org/cameras/MN/C30402-v3?1791430860000,,US 71: U.S.71 (Lake Itasca - MP 281.1),US 71,,
US 71: U.S.71 (Clarissa - MP 197.5): U.S.71 (Clarissa - MP 197.5) View 1,camera/510435/3154781080,https://public.carsprogram.org/cameras/MN/C30403-v1?1791430860000,,US 71: U.S.71 (Clarissa - MP 197.5),US 71,,
US 71: U.S.71 (Clarissa - MP 197.5): U.S.71 (Clarissa - MP 197.5) View 2,camera/510435/2138321691,https://public.carsprogram.org/cameras/MN/C30403-v2?1791430860000,,US 71: U.S.71 (Clarissa - MP 197.5),US 71,,
US 71: U.S.71 (Clarissa - MP 197.5): U.S.71 (Clarissa - MP 197.5) View 3,camera/510435/4277371034,https://public.carsprogram.org/cameras/MN/C30403-v3?1791430860000,,US 71: U.S.71 (Clarissa - MP 197.5),US 71,,
US 71: U.S.71 (Clarissa - MP 197.5): U.S.71 (Clarissa - MP 197.5) View 4,camera/510435/1211426333,https://public.carsprogram.org/cameras/MN/C30403-v4?1791430860000,,US 71: U.S.71 (Clarissa - MP 197.5),US 71,,
US 71: U.S.71 (Clarissa - MP 197.5): U.S.71 (Clarissa - MP 197.5) View 5,camera/510435/2073333916,https://public.carsprogram.org/cameras/MN/C30403-v5?1791430860000,,US 71: U.S.71 (Clarissa - MP 197.5),US 71,,
US 71: U.S.71 (Jeffers - MP 43): U.S.71 (Jeffers - MP 43) View 1,camera/510650/3462903236,https://public.carsprogram.org/cameras/MN/C30443-v1?1791430860000,,US 71: U.S.71 (Jeffers - MP 43),US 71,,
US 71: U.S.71 (Jeffers - MP 43): U.S.71 (Jeffers - MP 43) View 2,camera/510650/4065646279,https://public.carsprogram.org/cameras/MN/C30443-v2?1791430860000,,US 71: U.S.71 (Jeffers - MP 43),US 71,,
US 71: U.S.71 (Jeffers - MP 43): U.S.71 (Jeffers - MP 43) View 3,camera/510650/3479497670,https://public.carsprogram.org/cameras/MN/C30443-v3?1791430860000,,US 71: U.S.71 (Jeffers - MP 43),US 71,,
US 63: U.S.63 (Lake City - MP 62.9): U.S.63 (Lake City - MP 62.9) View 1,camera/510812/1364138108,https://public.carsprogram.org/cameras/MN/C30335-v1?1791430860000,,US 63: U.S.63 (Lake City - MP 62.9),US 63,,
US 63: U.S.63 (Lake City - MP 62.9): U.S.63 (Lake City - MP 62.9) View 2,camera/510812/2254555199,https://public.carsprogram.org/cameras/MN/C30335-v2?1791430860000,,US 63: U.S.63 (Lake City - MP 62.9),US 63,,
US 63: U.S.63 (Lake City - MP 62.9): U.S.63 (Lake City - MP 62.9) View 3,camera/510812/1041559038,https://public.carsprogram.org/cameras/MN/C30335-v3?1791430860000,,US 63: U.S.63 (Lake City - MP 62.9),US 63,,
US 63: T.H.52 NB @ 75th St NW (MP 61.7),camera/511502/2408767952,https://public.carsprogram.org/cameras/MN/D6-C002,https://video.dot.state.mn.us/public/D6-C002.stream/playlist.m3u8,US 63: T.H.52 NB @ 75th St NW (MP 61.7),US 63,,
US 63: T.H.63 NB @ 40th St EB (MP 36),camera/510696/3940999249,https://public.carsprogram.org/cameras/MN/C30015,https://video.dot.state.mn.us/public/C30015.stream/playlist.m3u8,US 63: T.H.63 NB @ 40th St EB (MP 36),US 63,,
US 63: T.H.63 SB @ 48th St EB (MP 35),camera/508810/642265447,https://public.carsprogram.org/cameras/MN/C30014,https://video.dot.state.mn.us/public/C30014.stream/playlist.m3u8,US 63: T.H.63 SB @ 48th St EB (MP 35),US 63,,
US 63: T.H.63 NB @ Quarve Rd SE (MP 34.7),camera/511160/1284424566,https://public.carsprogram.org/cameras/MN/C30013,https://video.dot.state.mn.us/public/C30013.stream/playlist.m3u8,US 63: T.H.63 NB @ Quarve Rd SE (MP 34.7),US 63,,
US 63: T.H.63 SB @ Tyrol Lane SE (MP 33.9),camera/511424/1078386986,https://public.carsprogram.org/cameras/MN/C30012,https://video.dot.state.mn.us/public/C30012.stream/playlist.m3u8,US 63: T.H.63 SB @ Tyrol Lane SE (MP 33.9),US 63,,
US 63: T.H.63 SB S of 80th St (MP 32),camera/511075/1977358169,https://public.carsprogram.org/cameras/MN/C30010,https://video.dot.state.mn.us/public/C30010.stream/playlist.m3u8,US 63: T.H.63 SB S of 80th St (MP 32),US 63,,
US 63: U.S.63 (Stewartville - MP 32): U.S.63 (Stewartville - MP 32) View 1,camera/510541/59133122,https://public.carsprogram.org/cameras/MN/C30442-v1?1791430860000,,US 63: U.S.63 (Stewartville - MP 32),US 63,,
US 63: U.S.63 (Stewartville - MP 32): U.S.63 (Stewartville - MP 32) View 2,camera/510541/1181587937,https://public.carsprogram.org/cameras/MN/C30442-v2?1791430860000,,US 63: U.S.63 (Stewartville - MP 32),US 63,,
US 63: U.S.63 (Stewartville - MP 32): U.S.63 (Stewartville - MP 32) View 3,camera/510541/826201856,https://public.carsprogram.org/cameras/MN/C30442-v3?1791430860000,,US 63: U.S.63 (Stewartville - MP 32),US 63,,
US 63: U.S.63 (Stewartville - MP 32): U.S.63 (Stewartville - MP 32) View 4,camera/510541/721174567,https://public.carsprogram.org/cameras/MN/C30442-v4?1791430860000,,US 63: U.S.63 (Stewartville - MP 32),US 63,,
US 63: T.H.63 SB @ T.H.30 (MP 31),camera/510378/1364759276,https://public.carsprogram.org/cameras/MN/C30009,https://video.dot.state.mn.us/public/C30009.stream/playlist.m3u8,US 63: T.H.63 SB @ T.H.30 (MP 31),US 63,45.9896587,-94.6113288
US 63: T.H.63 NB @ I-90 EB (MP 30),camera/510946/3408797445,https://public.carsprogram.org/cameras/MN/C30008,https://video.dot.state.mn.us/public/C30008.stream/playlist.m3u8,US 63: T.H.63 NB @ I-90 EB (MP 30),US 63,45.9896587,-94.6113288
US 63: U.S.63 (Le Roy - MP 0.5): U.S.63 (Le Roy - MP 0.5) View 1,camera/508635/2846904077,https://public.carsprogram.org/cameras/MN/C30337-v1?1791430860000,,US 63: U.S.63 (Le Roy - MP 0.5),US 63,45.9896587,-94.6113288
US 63: U.S.63 (Le Roy - MP 0.5): U.S.63 (Le Roy - MP 0.5) View 2,camera/508635/484278030,https://public.carsprogram.org/cameras/MN/C30337-v2?1791430860000,,US 63: U.S.63 (Le Roy - MP 0.5),US 63,45.9896587,-94.6113288
US 63: U.S.63 (Le Roy - MP 0.5): U.S.63 (Le Roy - MP 0.5) View 3,camera/508635/2182427791,https://public.carsprogram.org/cameras/MN/C30337-v3?1791430860000,,US 63: U.S.63 (Le Roy - MP 0.5),US 63,45.9896587,-94.6113288
US 63: U.S.63 (Le Roy - MP 0.5): U.S.63 (Le Roy - MP 0.5) View 4,camera/508635/736209032,https://public.carsprogram.org/cameras/MN/C30337-v4?1791430860000,,US 63: U.S.63 (Le Roy - MP 0.5),US 63,45.9896587,-94.6113288
US 61: I-35 SB @ Co Rd 22 (Viking Blvd - MP 135.7),camera/510763/2839589147,https://public.carsprogram.org/cameras/MN/C063,https://video.dot.state.mn.us/public/C063.stream/playlist.m3u8,US 61: I-35 SB @ Co Rd 22 (Viking Blvd - MP 135.7),US 61,,
US 61: T.H.61 @ Fallbrook Ave,camera/511518/88152464,https://public.carsprogram.org/cameras/MN/C30206,https://video.dot.state.mn.us/public/C30206.stream/playlist.m3u8,US 61: T.H.61 @ Fallbrook Ave,US 61,,
US 61: U.S.61 NB @ 259th St (MP 164.2),camera/510422/1871921534,https://public.carsprogram.org/cameras/MN/C30256,https://video.dot.state.mn.us/public/C30256.stream/playlist.m3u8,US 61: U.S.61 NB @ 259th St (MP 164.2),US 61,,
US 61: U.S.61 NB @ 257th St (MP 163.9),camera/510700/2115237372,https://public.carsprogram.org/cameras/MN/C30255,https://video.dot.state.mn.us/public/C30255.stream/playlist.m3u8,US 61: U.S.61 NB @ 257th St (MP 163.9),US 61,,
US 61: T.H.61 NB @ U.S.8 (MP 161.8),camera/511004/1021289744,https://public.carsprogram.org/cameras/MN/C30179,https://video.dot.state.mn.us/public/C30179.stream/playlist.m3u8,US 61: T.H.61 NB @ U.S.8 (MP 161.8),US 61,45.9896587,-94.6113288
US 61: U.S.8 WB @ T.H.61 NB,camera/510475/3778316409,https://public.carsprogram.org/cameras/MN/C30178,https://video.dot.state.mn.us/public/C30178.stream/playlist.m3u8,US 61: U.S.8 WB @ T.H.61 NB,US 61,45.9896587,-94.6113288
US 61: T.H.61 SB @ Headwaters Pkwy,camera/510838/1108229076,https://public.carsprogram.org/cameras/MN/C30669?1791430860000,,US 61: T.H.61 SB @ Headwaters Pkwy,US 61,,
US 61: T.H.61 NB @ 152nd St N (MP 153.3),camera/510902/1994006673,https://public.carsprogram.org/cameras/MN/C30480?1791430860000,,US 61: T.H.61 NB @ 152nd St N (MP 153.3),US 61,,
US 61: T.H.61 NB @ 130th St N (MP 151),camera/510644/2174957884,https://public.carsprogram.org/cameras/MN/C30549?1791430860000,,US 61: T.H.61 NB @ 130th St N (MP 151),US 61,,
US 61: T.H.61 NB @ Co Rd J (MP 150),camera/508703/2057231210,https://public.carsprogram.org/cameras/MN/C1731,https://video.dot.state.mn.us/public/C1731.stream/playlist.m3u8,US 61: T.H.61 NB @ Co Rd J (MP 150),US 61,,
US 61: T.H.61 NB @ Buffalo St (MP 148.7),camera/508866/172889272,https://public.carsprogram.org/cameras/MN/C1730,https://video.dot.state.mn.us/public/C1730.stream/playlist.m3u8,US 61: T.H.61 NB @ Buffalo St (MP 148.7),US 61,,
US 61: T.H.61 NB @ T.H.96,camera/511171/3188552001,https://public.carsprogram.org/cameras/MN/C1729,https://video.dot.state.mn.us/public/C1729.stream/playlist.m3u8,US 61: T.H.61 NB @ T.H.96,US 61,45.9896587,-94.6113288
US 61: T.H.61 NB @ 8th St,camera/508911/1811107825,https://public.carsprogram.org/cameras/MN/C30588,https://video.dot.state.mn.us/public/C30588.stream/playlist.m3u8,US 61: T.H.61 NB @ 8th St,US 61,45.9896587,-94.6113288
US 61: T.H.61 NB @ 7th St,camera/510861/3100249982,https://public.carsprogram.org/cameras/MN/C1728,https://video.dot.state.mn.us/public/C1728.stream/playlist.m3u8,US 61: T.H.61 NB @ 7th St,US 61,45.9896587,-94.6113288
US 61: T.H.61 SB @ 4th St,camera/511476/2512510720,https://public.carsprogram.org/cameras/MN/C1727,https://video.dot.state.mn.us/public/C1727.stream/playlist.m3u8,US 61: T.H.61 SB @ 4th St,US 61,45.9896587,-94.6113288
US 61: T.H.61 NB @ 2nd St,camera/510787/2112217133,https://public.carsprogram.org/cameras/MN/C1726,https://video.dot.state.mn.us/public/C1726.stream/playlist.m3u8,US 61: T.H.61 NB @ 2nd St,US 61,45.9896587,-94.6113288
US 61: T.H.61 SB @ Co Rd 96,camera/510747/3043597914,https://public.carsprogram.org/cameras/MN/C1725,https://video.dot.state.mn.us/public/C1725.stream/playlist.m3u8,US 61: T.H.61 SB @ Co Rd 96,US 61,45.9896587,-94.6113288
US 61: T.H.61 SB @ White Bear Ave,camera/510362/517270574,https://public.carsprogram.org/cameras/MN/C1724,https://video.dot.state.mn.us/public/C1724.stream/playlist.m3u8,US 61: T.H.61 SB @ White Bear Ave,US 61,,
US 61: T.H.61 NB @ Co Rd F,camera/510631/2126077966,https://public.carsprogram.org/cameras/MN/C1723,https://video.dot.state.mn.us/public/C1723.stream/playlist.m3u8,US 61: T.H.61 NB @ Co Rd F,US 61,45.9896587,-94.6113288
US 61: T.H.61 SB @ Cedar Ave,camera/511033/450721388,https://public.carsprogram.org/cameras/MN/C1722,https://video.dot.state.mn.us/public/C1722.stream/playlist.m3u8,US 61: T.H.61 SB @ Cedar Ave,US 61,,
US 61: T.H.61 NB @ Co Rd E,camera/510508/3102489741,https://public.carsprogram.org/cameras/MN/C1721,https://video.dot.state.mn.us/public/C1721.stream/playlist.m3u8,US 61: T.H.61 NB @ Co Rd E,US 61,45.9896587,-94.6113288
US 61: T.H.61 NB @ Willow Lake Rd,camera/511127/3561828801,https://public.carsprogram.org/cameras/MN/C1720,https://video.dot.state.mn.us/public/C1720.stream/playlist.m3u8,US 61: T.H.61 NB @ Willow Lake Rd,US 61,,
US 61: T.H.61 NB @ Buerkle Rd,camera/510391/1316487782,https://public.carsprogram.org/cameras/MN/C1719,https://video.dot.state.mn.us/public/C1719.stream/playlist.m3u8,US 61: T.H.61 NB @ Buerkle Rd,US 61,,
US 61: T.H.61 SB @ Co Rd D,camera/511320/935956081,https://public.carsprogram.org/cameras/MN/C1716,https://video.dot.state.mn.us/public/C1716.stream/playlist.m3u8,US 61: T.H.61 SB @ Co Rd D,US 61,45.9896587,-94.6113288
US 61: T.H.61 SB @ Beam Ave,camera/510898/147983862,https://public.carsprogram.org/cameras/MN/C1715,https://video.dot.state.mn.us/public/C1715.stream/playlist.m3u8,US 61: T.H.61 SB @ Beam Ave,US 61,,
US 61: T.H.61 NB @ Co Rd C,camera/511544/3292222475,https://public.carsprogram.org/cameras/MN/C1714,https://video.dot.state.mn.us/public/C1714.stream/playlist.m3u8,US 61: T.H.61 NB @ Co Rd C,US 61,45.9896587,-94.6113288
US 61: T.H.61 NB @ Co Rd B,camera/511601/601059594,https://public.carsprogram.org/cameras/MN/C1713,https://video.dot.state.mn.us/public/C1713.stream/playlist.m3u8,US 61: T.H.61 NB @ Co Rd B,US 61,45.9896587,-94.6113288
US 61: T.H.61 NB @ Roselawn Ave,camera/508806/3622097599,https://public.carsprogram.org/cameras/MN/C1712,https://video.dot.state.mn.us/public/C1712.stream/playlist.m3u8,US 61: T.H.61 NB @ Roselawn Ave,US 61,,
US 61: T.H.61 SB @ Frost Ave (Parkway Dr),camera/508706/2473918449,https://public.carsprogram.org/cameras/MN/C1711,https://video.dot.state.mn.us/public/C1711.stream/playlist.m3u8,US 61: T.H.61 SB @ Frost Ave (Parkway Dr),US 61,,
US 61: T.H.61 NB S of Warner Rd,camera/510556/109786755,https://public.carsprogram.org/cameras/MN/C1685,https://video.dot.state.mn.us/public/C1685.stream/playlist.m3u8,US 61: T.H.61 NB S of Warner Rd,US 61,,
US 61: T.H.61 NB @ Lower Afton Rd,camera/511092/1990766165,https://public.carsprogram.org/cameras/MN/C1684,https://video.dot.state.mn.us/public/C1684.stream/playlist.m3u8,US 61: T.H.61 NB @ Lower Afton Rd,US 61,,
US 61: T.H.61 NB @ Highwood Ave,camera/510721/900003165,https://public.carsprogram.org/cameras/MN/C1683,https://video.dot.state.mn.us/public/C1683.stream/playlist.m3u8,US 61: T.H.61 NB @ Highwood Ave,US 61,,
US 61: T.H.61 NB @ Carver Ave,camera/511221/2827015409,https://public.carsprogram.org/cameras/MN/C1682,https://video.dot.state.mn.us/public/C1682.stream/playlist.m3u8,US 61: T.H.61 NB @ Carver Ave,US 61,,
US 61: T.H.61 NB @ Bailey Rd (Maxwell Av),camera/511034/2042468686,https://public.carsprogram.org/cameras/MN/C1681,https://video.dot.state.mn.us/public/C1681.stream/playlist.m3u8,US 61: T.H.61 NB @ Bailey Rd (Maxwell Av),US 61,,
US 61: T.H.61 NB @ Glen Rd,camera/510948/2016616772,https://public.carsprogram.org/cameras/MN/C1678,https://video.dot.state.mn.us/public/C1678.stream/playlist.m3u8,US 61: T.H.61 NB @ Glen Rd,US 61,,
US 61: T.H.61 NB S of Glen Rd,camera/508756/2732191198,https://public.carsprogram.org/cameras/MN/C1677,https://video.dot.state.mn.us/public/C1677.stream/playlist.m3u8,US 61: T.H.61 NB S of Glen Rd,US 61,,
US 61: T.H.61 NB N of 70th St,camera/508928/1967779849,https://public.carsprogram.org/cameras/MN/C30599,https://video.dot.state.mn.us/public/C30599.stream/playlist.m3u8,US 61: T.H.61 NB N of 70th St,US 61,,
US 61: T.H.61 NB @ 70th St,camera/511388/1915478350,https://public.carsprogram.org/cameras/MN/C30600,https://video.dot.state.mn.us/public/C30600.stream/playlist.m3u8,US 61: T.H.61 NB @ 70th St,US 61,,
US 61: T.H.61 NB S of 70th St,camera/510850/1709380756,https://public.carsprogram.org/cameras/MN/C1676,https://video.dot.state.mn.us/public/C1676.stream/playlist.m3u8,US 61: T.H.61 NB S of 70th St,US 61,,
US 61: T.H.61 SB @ 80th St,camera/510454/3460192508,https://public.carsprogram.org/cameras/MN/C1675,https://video.dot.state.mn.us/public/C1675.stream/playlist.m3u8,US 61: T.H.61 SB @ 80th St,US 61,,
US 61: T.H.61 NB @ 80th St,camera/510473/1307992257,https://public.carsprogram.org/cameras/MN/C30774?1791430860000,,US 61: T.H.61 NB @ 80th St,US 61,,
US 61: T.H.61 NB S of 80th St,camera/511433/1450381755,https://public.carsprogram.org/cameras/MN/C1674,https://video.dot.state.mn.us/public/C1674.stream/playlist.m3u8,US 61: T.H.61 NB S of 80th St,US 61,,
US 61: T.H.61 NB @ Jamaica Ave,camera/511300/4180954540,https://public.carsprogram.org/cameras/MN/C1673,https://video.dot.state.mn.us/public/C1673.stream/playlist.m3u8,US 61: T.H.61 NB @ Jamaica Ave,US 61,,
US 61: T.H.61 NB @ Innovation Rd,camera/510486/3724621609,https://public.carsprogram.org/cameras/MN/C1672,https://video.dot.state.mn.us/public/C1672.stream/playlist.m3u8,US 61: T.H.61 NB @ Innovation Rd,US 61,,
US 61: T.H.61 NB S of Innovation Rd,camera/510581/2581343187,https://public.carsprogram.org/cameras/MN/C1670,https://video.dot.state.mn.us/public/C1670.stream/playlist.m3u8,US 61: T.H.61 NB S of Innovation Rd,US 61,,
US 61: T.H.61 NB N of Kingsborough Tr,camera/508778/3828028513,https://public.carsprogram.org/cameras/MN/C1669,https://video.dot.state.mn.us/public/C1669.stream/playlist.m3u8,US 61: T.H.61 NB N of Kingsborough Tr,US 61,,
US 61: T.H.61 NB @ Kingsborough Tr,camera/508764/199177702,https://public.carsprogram.org/cameras/MN/C1668,https://video.dot.state.mn.us/public/C1668.stream/playlist.m3u8,US 61: T.H.61 NB @ Kingsborough Tr,US 61,,
US 61: T.H.61 NB N of T.H.95,camera/508747/3733470949,https://public.carsprogram.org/cameras/MN/C1667,https://video.dot.state.mn.us/public/C1667.stream/playlist.m3u8,US 61: T.H.61 NB N of T.H.95,US 61,45.9896587,-94.6113288
US 61: T.H.61 SB @ T.H.10,camera/510931/1180604978,https://public.carsprogram.org/cameras/MN/C1665,https://video.dot.state.mn.us/public/C1665.stream/playlist.m3u8,US 61: T.H.61 SB @ T.H.10,US 61,45.9896587,-94.6113288
US 61: T.H.61 NB S of T.H.10,camera/510519/3109241141,https://public.carsprogram.org/cameras/MN/C1664,https://video.dot.state.mn.us/public/C1664.stream/playlist.m3u8,US 61: T.H.61 NB S of T.H.10,US 61,45.9896587,-94.6113288
US 61: T.H.61 NB (N of Mississippi River),camera/511595/3094191683,https://public.carsprogram.org/cameras/MN/C1663,https://video.dot.state.mn.us/public/C1663.stream/playlist.m3u8,US 61: T.H.61 NB (N of Mississippi River),US 61,,
US 61: T.H.61 NB (Mississippi River),camera/511299/357875652,https://public.carsprogram.org/cameras/MN/C1662,https://video.dot.state.mn.us/public/C1662.stream/playlist.m3u8,US 61: T.H.61 NB (Mississippi River),US 61,,
US 61: T.H.61 NB @ 2nd St E,camera/511436/3703118952,https://public.carsprogram.org/cameras/MN/C1661,https://video.dot.state.mn.us/public/C1661.stream/playlist.m3u8,US 61: T.H.61 NB @ 2nd St E,US 61,45.9896587,-94.6113288
US 61: T.H.61 SB @ 4th St E,camera/509517/2269492741,https://public.carsprogram.org/cameras/MN/C1660,https://video.dot.state.mn.us/public/C1660.stream/playlist.m3u8,US 61: T.H.61 SB @ 4th St E,US 61,45.9896587,-94.6113288
US 61: T.H.61 SB @ 10th St EB,camera/511570/945414514,https://public.carsprogram.org/cameras/MN/C30093,https://video.dot.state.mn.us/public/C30093.stream/playlist.m3u8,US 61: T.H.61 SB @ 10th St EB,US 61,,
US 61: T.H.61 SB @ T.H.55 EB,camera/511206/477858676,https://public.carsprogram.org/cameras/MN/C30094,https://video.dot.state.mn.us/public/C30094.stream/playlist.m3u8,US 61: T.H.61 SB @ T.H.55 EB,US 61,45.9896587,-94.6113288
US 61: T.H.61 NB @ 15th St WB,camera/508734/4118160696,https://public.carsprogram.org/cameras/MN/C30095,https://video.dot.state.mn.us/public/C30095.stream/playlist.m3u8,US 61: T.H.61 NB @ 15th St WB,US 61,,
US 61: T.H.61 SB @ C.S.A.H.46 EB (CR-47),camera/511582/1242535149,https://public.carsprogram.org/cameras/MN/C30096,https://video.dot.state.mn.us/public/C30096.stream/playlist.m3u8,US 61: T.H.61 SB @ C.S.A.H.46 EB (CR-47),US 61,45.9896587,-94.6113288
US 61: U.S.61 (Red Wing - MP 101): U.S.61 (Red Wing - MP 101) View 1,camera/510797/3727390589,https://public.carsprogram.org/cameras/MN/C30367-v1?1791430860000,,US 61: U.S.61 (Red Wing - MP 101),US 61,,
US 61: U.S.61 (Red Wing - MP 101): U.S.61 (Red Wing - MP 101) View 2,camera/510797/3043185278,https://public.carsprogram.org/cameras/MN/C30367-v2?1791430860000,,US 61: U.S.61 (Red Wing - MP 101),US 61,,
US 61: U.S.61 (Red Wing - MP 101): U.S.61 (Red Wing - MP 101) View 3,camera/510797/3895180159,https://public.carsprogram.org/cameras/MN/C30367-v3?1791430860000,,US 61: U.S.61 (Red Wing - MP 101),US 61,,
US 61: U.S.61 (Red Wing - MP 101): U.S.61 (Red Wing - MP 101) View 4,camera/510797/2670776184,https://public.carsprogram.org/cameras/MN/C30367-v4?1791430860000,,US 61: U.S.61 (Red Wing - MP 101),US 61,,
US 61: T.H.61 EB @ Tyler Rd,camera/508632/2262963833,https://public.carsprogram.org/cameras/MN/C30803?1791430860000,,US 61: T.H.61 EB @ Tyler Rd,US 61,,
US 61: U.S.61 (Kellogg - MP 53): U.S.61 (Kellogg - MP 53) View 1,camera/508787/3674742990,https://public.carsprogram.org/cameras/MN/C30441-v1?1791430860000,,US 61: U.S.61 (Kellogg - MP 53),US 61,,
US 61: U.S.61 (Kellogg - MP 53): U.S.61 (Kellogg - MP 53) View 2,camera/508787/3374747981,https://public.carsprogram.org/cameras/MN/C30441-v2?1791430860000,,US 61: U.S.61 (Kellogg - MP 53),US 61,,
US 61: U.S.61 (Kellogg - MP 53): U.S.61 (Kellogg - MP 53) View 3,camera/508787/3564270924,https://public.carsprogram.org/cameras/MN/C30441-v3?1791430860000,,US 61: U.S.61 (Kellogg - MP 53),US 61,,
US 61: U.S.61 (Kellogg - MP 53): U.S.61 (Kellogg - MP 53) View 4,camera/508787/216803019,https://public.carsprogram.org/cameras/MN/C30441-v4?1791430860000,,US 61: U.S.61 (Kellogg - MP 53),US 61,,
US 61: U.S.61 SB @ I-90,camera/510893/2077240504,https://public.carsprogram.org/cameras/MN/D6-C339?1791430860000,,US 61: U.S.61 SB @ I-90,US 61,45.9896587,-94.6113288
US 61: U.S.61 NB S of I-90,camera/510754/152568255,https://public.carsprogram.org/cameras/MN/D6-C341?1791430860000,,US 61: U.S.61 NB S of I-90,US 61,45.9896587,-94.6113288
US 59: U.S.59 (Lancaster - MP 421.9): U.S.59 (Lancaster - MP 421.9) View 1,camera/509520/1653972499,https://public.carsprogram.org/cameras/MN/C30393-v1?1791430860000,,US 59: U.S.59 (Lancaster - MP 421.9),US 59,,
US 59: U.S.59 (Lancaster - MP 421.9): U.S.59 (Lancaster - MP 421.9) View 2,camera/509520/247575856,https://public.carsprogram.org/cameras/MN/C30393-v2?1791430860000,,US 59: U.S.59 (Lancaster - MP 421.9),US 59,,
US 59: U.S.59 (Lancaster - MP 421.9): U.S.59 (Lancaster - MP 421.9) View 3,camera/509520/1543617105,https://public.carsprogram.org/cameras/MN/C30393-v3?1791430860000,,US 59: U.S.59 (Lancaster - MP 421.9),US 59,,
US 59: U.S.59 (Thief River F - MP 363.4): U.S.59 (Thief River F - MP 363.4) View 1,camera/510708/3454108772,https://public.carsprogram.org/cameras/MN/C30395-v1?1791430860000,,US 59: U.S.59 (Thief River F - MP 363.4),US 59,,
US 59: U.S.59 (Thief River F - MP 363.4): U.S.59 (Thief River F - MP 363.4) View 2,camera/510708/2178148935,https://public.carsprogram.org/cameras/MN/C30395-v2?1791430860000,,US 59: U.S.59 (Thief River F - MP 363.4),US 59,,
US 59: U.S.59 (Thief River F - MP 363.4): U.S.59 (Thief River F - MP 363.4) View 3,camera/510708/1134484902,https://public.carsprogram.org/cameras/MN/C30395-v3?1791430860000,,US 59: U.S.59 (Thief River F - MP 363.4),US 59,,
US 59: U.S.59 (Brooks - MP 331): U.S.59 (Brooks - MP 331) View 1,camera/510386/2899914779,https://public.carsprogram.org/cameras/MN/C30440-v1?1791430860000,,US 59: U.S.59 (Brooks - MP 331),US 59,,
US 59: U.S.59 (Brooks - MP 331): U.S.59 (Brooks - MP 331) View 2,camera/510386/483401368,https://public.carsprogram.org/cameras/MN/C30440-v2?1791430860000,,US 59: U.S.59 (Brooks - MP 331),US 59,,
US 59: U.S.59 (Brooks - MP 331): U.S.59 (Brooks - MP 331) View 3,camera/510386/3568462617,https://public.carsprogram.org/cameras/MN/C30440-v3?1791430860000,,US 59: U.S.59 (Brooks - MP 331),US 59,,
US 59: U.S.59 (Mahnomen - MP 296): U.S.59 (Mahnomen - MP 296) View 1,camera/511484/1278037148,https://public.carsprogram.org/cameras/MN/C30364-v1?1791430860000,,US 59: U.S.59 (Mahnomen - MP 296),US 59,,
US 59: U.S.59 (Mahnomen - MP 296): U.S.59 (Mahnomen - MP 296) View 2,camera/511484/4288394783,https://public.carsprogram.org/cameras/MN/C30364-v2?1791430860000,,US 59: U.S.59 (Mahnomen - MP 296),US 59,,
US 59: U.S.59 (Mahnomen - MP 296): U.S.59 (Mahnomen - MP 296) View 3,camera/511484/2796334494,https://public.carsprogram.org/cameras/MN/C30364-v3?1791430860000,,US 59: U.S.59 (Mahnomen - MP 296),US 59,,
US 53: U.S.53 (Ash Lake - MP 129): U.S.53 (Ash Lake - MP 129) View 1,camera/508660/2326416235,https://public.carsprogram.org/cameras/MN/C30427-v1?1791430860000,,US 53: U.S.53 (Ash Lake - MP 129),US 53,,
US 53: U.S.53 (Ash Lake - MP 129): U.S.53 (Ash Lake - MP 129) View 2,camera/508660/2364132200,https://public.carsprogram.org/cameras/MN/C30427-v2?1791430860000,,US 53: U.S.53 (Ash Lake - MP 129),US 53,,
US 53: U.S.53 (Ash Lake - MP 129): U.S.53 (Ash Lake - MP 129) View 3,camera/508660/4006751081,https://public.carsprogram.org/cameras/MN/C30427-v3?1791430860000,,US 53: U.S.53 (Ash Lake - MP 129),US 53,,
US 53: T.H.53 (Cook - MP 97.5): T.H.53 (Cook - MP 97.5) View 1,camera/511232/918021967,https://public.carsprogram.org/cameras/MN/C30435-v1?1791430860000,,US 53: T.H.53 (Cook - MP 97.5),US 53,,
US 53: T.H.53 (Cook - MP 97.5): T.H.53 (Cook - MP 97.5) View 2,camera/511232/4205494508,https://public.carsprogram.org/cameras/MN/C30435-v2?1791430860000,,US 53: T.H.53 (Cook - MP 97.5),US 53,,
US 53: T.H.53 (Cook - MP 97.5): T.H.53 (Cook - MP 97.5) View 3,camera/511232/3596142733,https://public.carsprogram.org/cameras/MN/C30435-v3?1791430860000,,US 53: T.H.53 (Cook - MP 97.5),US 53,,
US 53: T.H.53 (Cook - MP 97.5): T.H.53 (Cook - MP 97.5) View 4,camera/511232/434419498,https://public.carsprogram.org/cameras/MN/C30435-v4?1791430860000,,US 53: T.H.53 (Cook - MP 97.5),US 53,,
US 53: T.H.53 (Cook - MP 97.5): T.H.53 (Cook - MP 97.5) View 5,camera/511232/3468509899,https://public.carsprogram.org/cameras/MN/C30435-v5?1791430860000,,US 53: T.H.53 (Cook - MP 97.5),US 53,,
US 53: T.H.53 SB @ 12th Ave NB,camera/510808/1431739151,https://public.carsprogram.org/cameras/MN/C30047,https://video.dot.state.mn.us/public/C30047.stream/playlist.m3u8,US 53: T.H.53 SB @ 12th Ave NB,US 53,,
US 53: T.H.53 NB (N End Virginia Bridge),camera/511606/935056041,https://public.carsprogram.org/cameras/MN/C30019,https://video.dot.state.mn.us/public/C30019.stream/playlist.m3u8,US 53: T.H.53 NB (N End Virginia Bridge),US 53,,
US 53: T.H.53 (S End Virginia Bridge),camera/510624/2090367032,https://public.carsprogram.org/cameras/MN/C30018,https://video.dot.state.mn.us/public/C30018.stream/playlist.m3u8,US 53: T.H.53 (S End Virginia Bridge),US 53,,
US 53: T.H.53 SB N of Progress Park Pkwy,camera/511597/3117161193,https://public.carsprogram.org/cameras/MN/C30672,https://video.dot.state.mn.us/public/C30672.stream/playlist.m3u8,US 53: T.H.53 SB N of Progress Park Pkwy,US 53,,
US 53: T.H.53 NB S of Progress Park Pkwy,camera/511165/3819697737,https://public.carsprogram.org/cameras/MN/C30673,https://video.dot.state.mn.us/public/C30673.stream/playlist.m3u8,US 53: T.H.53 NB S of Progress Park Pkwy,US 53,,
US 53: U.S.52 (Cotton - MP 42): U.S.52 (Cotton - MP 42) View 1,camera/510842/2412325122,https://public.carsprogram.org/cameras/MN/C30426-v1?1791430860000,,US 53: U.S.52 (Cotton - MP 42),US 53,,
US 53: U.S.52 (Cotton - MP 42): U.S.52 (Cotton - MP 42) View 2,camera/510842/525166881,https://public.carsprogram.org/cameras/MN/C30426-v2?1791430860000,,US 53: U.S.52 (Cotton - MP 42),US 53,,
US 53: U.S.52 (Cotton - MP 42): U.S.52 (Cotton - MP 42) View 3,camera/510842/1908787392,https://public.carsprogram.org/cameras/MN/C30426-v3?1791430860000,,US 53: U.S.52 (Cotton - MP 42),US 53,,
US 53: U.S.53 (Twig - MP 20): U.S.53 (Twig - MP 20) View 1,camera/510467/3374479303,https://public.carsprogram.org/cameras/MN/C30463-v1?1791430860000,,US 53: U.S.53 (Twig - MP 20),US 53,,
US 53: U.S.53 (Twig - MP 20): U.S.53 (Twig - MP 20) View 2,camera/510467/3999461732,https://public.carsprogram.org/cameras/MN/C30463-v2?1791430860000,,US 53: U.S.53 (Twig - MP 20),US 53,,
US 53: U.S.53 (Twig - MP 20): U.S.53 (Twig - MP 20) View 3,camera/510467/1040653573,https://public.carsprogram.org/cameras/MN/C30463-v3?1791430860000,,US 53: U.S.53 (Twig - MP 20),US 53,,
US 53: U.S.52 (Anderson Rd - MP 6): U.S.52 (Anderson Rd - MP 6) View 1,camera/508779/1233639687,https://public.carsprogram.org/cameras/MN/C30366-v1?1791430860000,,US 53: U.S.52 (Anderson Rd - MP 6),US 53,,
US 53: U.S.52 (Anderson Rd - MP 6): U.S.52 (Anderson Rd - MP 6) View 2,camera/508779/3298111844,https://public.carsprogram.org/cameras/MN/C30366-v2?1791430860000,,US 53: U.S.52 (Anderson Rd - MP 6),US 53,,
US 53: U.S.52 (Anderson Rd - MP 6): U.S.52 (Anderson Rd - MP 6) View 3,camera/508779/963741637,https://public.carsprogram.org/cameras/MN/C30366-v3?1791430860000,,US 53: U.S.52 (Anderson Rd - MP 6),US 53,,
US 53: U.S.52 (Anderson Rd - MP 6): U.S.52 (Anderson Rd - MP 6) View 4,camera/508779/293118242,https://public.carsprogram.org/cameras/MN/C30366-v4?1791430860000,,US 53: U.S.52 (Anderson Rd - MP 6),US 53,,
US 53: U.S.53 @ Piedmont Ave (MP 2.7): U.S.53 @ Piedmont Ave (MP 2.7) View 1,camera/511277/3460665756,https://public.carsprogram.org/cameras/MN/C30568-v1?1791430860000,,US 53: U.S.53 @ Piedmont Ave (MP 2.7),US 53,,
US 53: U.S.53 @ Piedmont Ave (MP 2.7): U.S.53 @ Piedmont Ave (MP 2.7) View 2,camera/511277/4280074527,https://public.carsprogram.org/cameras/MN/C30568-v2?1791430860000,,US 53: U.S.53 @ Piedmont Ave (MP 2.7),US 53,,
US 53: U.S.53 @ Piedmont Ave (MP 2.7): U.S.53 @ Piedmont Ave (MP 2.7) View 3,camera/511277/2167980702,https://public.carsprogram.org/cameras/MN/C30568-v3?1791430860000,,US 53: U.S.53 @ Piedmont Ave (MP 2.7),US 53,,
US 53: U.S.53 @ Piedmont Ave (MP 2.7): U.S.53 @ Piedmont Ave (MP 2.7) View 4,camera/511277/1996901913,https://public.carsprogram.org/cameras/MN/C30568-v4?1791430860000,,US 53: U.S.53 @ Piedmont Ave (MP 2.7),US 53,,
US 53: U.S.53 @ Piedmont Ave (MP 2.7): U.S.53 @ Piedmont Ave (MP 2.7) View 5,camera/511277/3900509592,https://public.carsprogram.org/cameras/MN/C30568-v5?1791430860000,,US 53: U.S.53 @ Piedmont Ave (MP 2.7),US 53,,
US 53: T.H.53 SB @ 6th St,camera/511440/4223747779,https://public.carsprogram.org/cameras/MN/C30551,https://video.dot.state.mn.us/public/C30551.stream/playlist.m3u8,US 53: T.H.53 SB @ 6th St,US 53,45.9896587,-94.6113288
US 53: T.H.53 NB N of 20th Ave,camera/508754/731281080,https://public.carsprogram.org/cameras/MN/C30550,https://video.dot.state.mn.us/public/C30550.stream/playlist.m3u8,US 53: T.H.53 NB N of 20th Ave,US 53,,
US 52: T.H.52 NB @ I-94 WB,camera/509689/3549162894,https://public.carsprogram.org/cameras/MN/C562,https://video.dot.state.mn.us/public/C562.stream/playlist.m3u8,US 52: T.H.52 NB @ I-94 WB,US 52,45.9896587,-94.6113288
US 52: T.H.52 NB @ Plato Blvd,camera/508651/3913366504,https://public.carsprogram.org/cameras/MN/C561,https://video.dot.state.mn.us/public/C561.stream/playlist.m3u8,US 52: T.H.52 NB @ Plato Blvd,US 52,,
US 52: T.H.52 NB @ Eaton St,camera/511279/4048855844,https://public.carsprogram.org/cameras/MN/C560,https://video.dot.state.mn.us/public/C560.stream/playlist.m3u8,US 52: T.H.52 NB @ Eaton St,US 52,,
US 52: T.H.52 SB @ Concord St,camera/508864/3808503120,https://public.carsprogram.org/cameras/MN/C559,https://video.dot.state.mn.us/public/C559.stream/playlist.m3u8,US 52: T.H.52 SB @ Concord St,US 52,,
US 52: T.H.52 NB N of Butler Ave,camera/511396/3793641183,https://public.carsprogram.org/cameras/MN/C558,https://video.dot.state.mn.us/public/C558.stream/playlist.m3u8,US 52: T.H.52 NB N of Butler Ave,US 52,,
US 52: T.H.52 NB @ Butler Ave,camera/510502/4052080984,https://public.carsprogram.org/cameras/MN/C557,https://video.dot.state.mn.us/public/C557.stream/playlist.m3u8,US 52: T.H.52 NB @ Butler Ave,US 52,,
US 52: T.H.52 NB @ Thompson Ave,camera/510338/1439543356,https://public.carsprogram.org/cameras/MN/C556,https://video.dot.state.mn.us/public/C556.stream/playlist.m3u8,US 52: T.H.52 NB @ Thompson Ave,US 52,,
US 52: T.H.52 SB @ Marie Ave,camera/510938/1752283919,https://public.carsprogram.org/cameras/MN/C30716,https://video.dot.state.mn.us/public/C30716.stream/playlist.m3u8,US 52: T.H.52 SB @ Marie Ave,US 52,,
US 52: T.H.52 SB @ Southview Blvd,camera/510981/1932961675,https://public.carsprogram.org/cameras/MN/C555,https://video.dot.state.mn.us/public/C555.stream/playlist.m3u8,US 52: T.H.52 SB @ Southview Blvd,US 52,,
US 52: T.H.52 SB @ Southview Blvd (West ramps),camera/511197/3058513922,https://public.carsprogram.org/cameras/MN/C30054,https://video.dot.state.mn.us/public/C30054.stream/playlist.m3u8,US 52: T.H.52 SB @ Southview Blvd (West ramps),US 52,,
US 52: T.H.52 NB @ Southview Blvd (East ramps),camera/511567/2664829481,https://public.carsprogram.org/cameras/MN/C30053,https://video.dot.state.mn.us/public/C30053.stream/playlist.m3u8,US 52: T.H.52 NB @ Southview Blvd (East ramps),US 52,,
US 52: T.H.52 NB @ I-494,camera/511198/1741659919,https://public.carsprogram.org/cameras/MN/C554,https://video.dot.state.mn.us/public/C554.stream/playlist.m3u8,US 52: T.H.52 NB @ I-494,US 52,45.9896587,-94.6113288
US 52: T.H.52 NB @ Upper 55th St,camera/511332/2426517259,https://public.carsprogram.org/cameras/MN/C553,https://video.dot.state.mn.us/public/C553.stream/playlist.m3u8,US 52: T.H.52 NB @ Upper 55th St,US 52,,
US 52: T.H.52 NB @ 70th St,camera/509786/2102927854,https://public.carsprogram.org/cameras/MN/C552,https://video.dot.state.mn.us/public/C552.stream/playlist.m3u8,US 52: T.H.52 NB @ 70th St,US 52,,
US 52: T.H.52 SB @ 80th St,camera/509428/3348502428,https://public.carsprogram.org/cameras/MN/C551,https://video.dot.state.mn.us/public/C551.stream/playlist.m3u8,US 52: T.H.52 SB @ 80th St,US 52,,
US 52: Concord Blvd NB @ Broderick Blvd,camera/508753/2162438300,https://public.carsprogram.org/cameras/MN/C30055,https://video.dot.state.mn.us/public/C30055.stream/playlist.m3u8,US 52: Concord Blvd NB @ Broderick Blvd,US 52,,
US 52: T.H.52 NB @ Concord Blvd (MP 120.8),camera/510826/3936899279,https://public.carsprogram.org/cameras/MN/C30137,https://video.dot.state.mn.us/public/C30137.stream/playlist.m3u8,US 52: T.H.52 NB @ Concord Blvd (MP 120.8),US 52,,
US 52: T.H.52 SB @ Briggs Dr (MP 119.5),camera/508624/504684525,https://public.carsprogram.org/cameras/MN/C30136,https://video.dot.state.mn.us/public/C30136.stream/playlist.m3u8,US 52: T.H.52 SB @ Briggs Dr (MP 119.5),US 52,,
US 52: T.H.52 SB @ 117th St WB,camera/508704/1698098422,https://public.carsprogram.org/cameras/MN/C30164,https://video.dot.state.mn.us/public/C30164.stream/playlist.m3u8,US 52: T.H.52 SB @ 117th St WB,US 52,,
US 52: T.H.52 NB @ 117th St (MP 118.3),camera/511630/691155239,https://public.carsprogram.org/cameras/MN/C30135,https://video.dot.state.mn.us/public/C30135.stream/playlist.m3u8,US 52: T.H.52 NB @ 117th St (MP 118.3),US 52,,
US 52: T.H.52 NB @ 117th St WB,camera/510870/2671512843,https://public.carsprogram.org/cameras/MN/C30165,https://video.dot.state.mn.us/public/C30165.stream/playlist.m3u8,US 52: T.H.52 NB @ 117th St WB,US 52,,
US 52: T.H.52 NB @ T.H.55 (MP 117.4),camera/510633/1492535007,https://public.carsprogram.org/cameras/MN/C30134,https://video.dot.state.mn.us/public/C30134.stream/playlist.m3u8,US 52: T.H.52 NB @ T.H.55 (MP 117.4),US 52,45.9896587,-94.6113288
US 52: T.H.52 SB S of Co Rd 42 (145th St - MP 115.2),camera/511045/128153594,https://public.carsprogram.org/cameras/MN/C30133,https://video.dot.state.mn.us/public/C30133.stream/playlist.m3u8,US 52: T.H.52 SB S of Co Rd 42 (145th St - MP 115.2),US 52,,
US 52: T.H.52 SB @ Co Rd 46 (MP 113.4),camera/510399/3980512674,https://public.carsprogram.org/cameras/MN/C30132,https://video.dot.state.mn.us/public/C30132.stream/playlist.m3u8,US 52: T.H.52 SB @ Co Rd 46 (MP 113.4),US 52,45.9896587,-94.6113288
US 52: T.H.52 NB @ 180th St (MP 112),camera/510790/2197469438,https://public.carsprogram.org/cameras/MN/C30131,https://video.dot.state.mn.us/public/C30131.stream/playlist.m3u8,US 52: T.H.52 NB @ 180th St (MP 112),US 52,,
US 52: T.H.52 SB N of 200th St (MP 110.4),camera/511360/2754731959,https://public.carsprogram.org/cameras/MN/C30130,https://video.dot.state.mn.us/public/C30130.stream/playlist.m3u8,US 52: T.H.52 SB N of 200th St (MP 110.4),US 52,,
US 52: T.H.52 (Coates - MP 110.4): T.H.52 (Coates - MP 110.4) View 1,camera/511325/3540185654,https://public.carsprogram.org/cameras/MN/C30378-v1?1791430860000,,US 52: T.H.52 (Coates - MP 110.4),US 52,,
US 52: T.H.52 (Coates - MP 110.4): T.H.52 (Coates - MP 110.4) View 2,camera/511325/3903646197,https://public.carsprogram.org/cameras/MN/C30378-v2?1791430860000,,US 52: T.H.52 (Coates - MP 110.4),US 52,,
US 52: T.H.52 (Coates - MP 110.4): T.H.52 (Coates - MP 110.4) View 3,camera/511325/2538312116,https://public.carsprogram.org/cameras/MN/C30378-v3?1791430860000,,US 52: T.H.52 (Coates - MP 110.4),US 52,,
US 52: T.H.52 (Coates - MP 110.4): T.H.52 (Coates - MP 110.4) View 4,camera/511325/1087458163,https://public.carsprogram.org/cameras/MN/C30378-v4?1791430860000,,US 52: T.H.52 (Coates - MP 110.4),US 52,,
US 52: T.H.52 NB @ 210th St (MP 108.7),camera/510525/2307826662,https://public.carsprogram.org/cameras/MN/C30129,https://video.dot.state.mn.us/public/C30129.stream/playlist.m3u8,US 52: T.H.52 NB @ 210th St (MP 108.7),US 52,,
US 52: T.H.52 SB S of 215th St (MP 108),camera/511363/584699773,https://public.carsprogram.org/cameras/MN/C30128,https://video.dot.state.mn.us/public/C30128.stream/playlist.m3u8,US 52: T.H.52 SB S of 215th St (MP 108),US 52,,
US 52: T.H.52 SB @ T.H.50 (MP 105.8),camera/511258/1763975240,https://public.carsprogram.org/cameras/MN/C30127,https://video.dot.state.mn.us/public/C30127.stream/playlist.m3u8,US 52: T.H.52 SB @ T.H.50 (MP 105.8),US 52,45.9896587,-94.6113288
US 52: T.H.52 NB @ 250th St (MP 104.6),camera/508735/2440828047,https://public.carsprogram.org/cameras/MN/C30126,https://video.dot.state.mn.us/public/C30126.stream/playlist.m3u8,US 52: T.H.52 NB @ 250th St (MP 104.6),US 52,,
US 52: T.H.52 NB @ Fischer Ave (MP 103.8),camera/508795/3228431576,https://public.carsprogram.org/cameras/MN/C30125,https://video.dot.state.mn.us/public/C30125.stream/playlist.m3u8,US 52: T.H.52 NB @ Fischer Ave (MP 103.8),US 52,,
US 52: T.H.52 NB @ Goodwin Ave (MP 102.5),camera/510854/1539416999,https://public.carsprogram.org/cameras/MN/C30124,https://video.dot.state.mn.us/public/C30124.stream/playlist.m3u8,US 52: T.H.52 NB @ Goodwin Ave (MP 102.5),US 52,,
US 52: T.H.52 NB @ Co Rd 86 (MP 100.7),camera/510562/1744949778,https://public.carsprogram.org/cameras/MN/C30123,https://video.dot.state.mn.us/public/C30123.stream/playlist.m3u8,US 52: T.H.52 NB @ Co Rd 86 (MP 100.7),US 52,45.9896587,-94.6113288
US 52: T.H.52 NB N of Co Rd 88 (MP 99.5),camera/511553/755731176,https://public.carsprogram.org/cameras/MN/C30122,https://video.dot.state.mn.us/public/C30122.stream/playlist.m3u8,US 52: T.H.52 NB N of Co Rd 88 (MP 99.5),US 52,45.9896587,-94.6113288
US 52: T.H.52 SB S of T.H.19 (MP 96.8),camera/511519/2034262980,https://public.carsprogram.org/cameras/MN/C30120,https://video.dot.state.mn.us/public/C30120.stream/playlist.m3u8,US 52: T.H.52 SB S of T.H.19 (MP 96.8),US 52,45.9896587,-94.6113288
US 52: T.H.52 SB @ Co Rd 24 EB (MP 96.1),camera/510875/3263815512,https://public.carsprogram.org/cameras/MN/C30119,https://video.dot.state.mn.us/public/C30119.stream/playlist.m3u8,US 52: T.H.52 SB @ Co Rd 24 EB (MP 96.1),US 52,45.9896587,-94.6113288
US 52: T.H.52 SB S of Highview Rd (MP 94.8),camera/510577/348539655,https://public.carsprogram.org/cameras/MN/C30118,https://video.dot.state.mn.us/public/C30118.stream/playlist.m3u8,US 52: T.H.52 SB S of Highview Rd (MP 94.8),US 52,,
US 52: T.H.52 NB @ Skunk Hollow Tr (MP 94),camera/510866/2015186706,https://public.carsprogram.org/cameras/MN/C30117,https://video.dot.state.mn.us/public/C30117.stream/playlist.m3u8,US 52: T.H.52 NB @ Skunk Hollow Tr (MP 94),US 52,,
US 52: T.H.52 NB @ Wagner Hill Way (MP 93),camera/508628/209290498,https://public.carsprogram.org/cameras/MN/C30116,https://video.dot.state.mn.us/public/C30116.stream/playlist.m3u8,US 52: T.H.52 NB @ Wagner Hill Way (MP 93),US 52,,
US 52: T.H.52 NB N of Co Rd 1 (MP 91.8),camera/510969/4119248956,https://public.carsprogram.org/cameras/MN/C30115,https://video.dot.state.mn.us/public/C30115.stream/playlist.m3u8,US 52: T.H.52 NB N of Co Rd 1 (MP 91.8),US 52,45.9896587,-94.6113288
US 52: U.S.52 (Cannon Falls - MP 90): U.S.52 (Cannon Falls - MP 90) View 1,camera/508798/822174807,https://public.carsprogram.org/cameras/MN/C30362-v1?1791430860000,,US 52: U.S.52 (Cannon Falls - MP 90),US 52,,
US 52: U.S.52 (Cannon Falls - MP 90): U.S.52 (Cannon Falls - MP 90) View 2,camera/508798/3048243892,https://public.carsprogram.org/cameras/MN/C30362-v2?1791430860000,,US 52: U.S.52 (Cannon Falls - MP 90),US 52,,
US 52: U.S.52 (Cannon Falls - MP 90): U.S.52 (Cannon Falls - MP 90) View 3,camera/508798/999386645,https://public.carsprogram.org/cameras/MN/C30362-v3?1791430860000,,US 52: U.S.52 (Cannon Falls - MP 90),US 52,,
US 52: U.S.52 (Cannon Falls - MP 90): U.S.52 (Cannon Falls - MP 90) View 4,camera/508798/1252158066,https://public.carsprogram.org/cameras/MN/C30362-v4?1791430860000,,US 52: U.S.52 (Cannon Falls - MP 90),US 52,,
US 52: T.H.52 NB N of 90th Ave (MP 90),camera/511335/4255612551,https://public.carsprogram.org/cameras/MN/C30114,https://video.dot.state.mn.us/public/C30114.stream/playlist.m3u8,US 52: T.H.52 NB N of 90th Ave (MP 90),US 52,,
US 52: T.H.52 NB @ C.S.A.H.9 (MP 89),camera/511477/324180655,https://public.carsprogram.org/cameras/MN/C30113,https://video.dot.state.mn.us/public/C30113.stream/playlist.m3u8,US 52: T.H.52 NB @ C.S.A.H.9 (MP 89),US 52,45.9896587,-94.6113288
US 52: T.H.52 NB @ 100th Ave (MP 88),camera/510949/1981868721,https://public.carsprogram.org/cameras/MN/C30112,https://video.dot.state.mn.us/public/C30112.stream/playlist.m3u8,US 52: T.H.52 NB @ 100th Ave (MP 88),US 52,,
US 52: T.H.52 NB @ 110th Ave (MP 87),camera/511041/1309775231,https://public.carsprogram.org/cameras/MN/C30111,https://video.dot.state.mn.us/public/C30111.stream/playlist.m3u8,US 52: T.H.52 NB @ 110th Ave (MP 87),US 52,,
US 52: T.H.52 SB @ T.H.57 (Co Rd 8 - MP 86),camera/508674/743527276,https://public.carsprogram.org/cameras/MN/C30110,https://video.dot.state.mn.us/public/C30110.stream/playlist.m3u8,US 52: T.H.52 SB @ T.H.57 (Co Rd 8 - MP 86),US 52,45.9896587,-94.6113288
US 52: T.H.52 SB @ 415th St (MP 84),camera/511139/708658484,https://public.carsprogram.org/cameras/MN/C30109,https://video.dot.state.mn.us/public/C30109.stream/playlist.m3u8,US 52: T.H.52 SB @ 415th St (MP 84),US 52,,
US 52: T.H.52 SB @ 142nd Ave Way (MP 83),camera/511269/2188458680,https://public.carsprogram.org/cameras/MN/C30108,https://video.dot.state.mn.us/public/C30108.stream/playlist.m3u8,US 52: T.H.52 SB @ 142nd Ave Way (MP 83),US 52,,
US 52: T.H.52 NB N of C.S.A.H.7 (MP 82),camera/509451/11370957,https://public.carsprogram.org/cameras/MN/C30107,https://video.dot.state.mn.us/public/C30107.stream/playlist.m3u8,US 52: T.H.52 NB N of C.S.A.H.7 (MP 82),US 52,45.9896587,-94.6113288
US 52: T.H.52 NB @ C.S.A.H.7 (MP 81),camera/510617/3661310249,https://public.carsprogram.org/cameras/MN/C30106,https://video.dot.state.mn.us/public/C30106.stream/playlist.m3u8,US 52: T.H.52 NB @ C.S.A.H.7 (MP 81),US 52,45.9896587,-94.6113288
US 52: T.H.52 NB @ 165th Ave (MP 80),camera/511411/3528256698,https://public.carsprogram.org/cameras/MN/C30105,https://video.dot.state.mn.us/public/C30105.stream/playlist.m3u8,US 52: T.H.52 NB @ 165th Ave (MP 80),US 52,,
US 52: T.H.52 NB @ T.H.60 EB (MP 75.9),camera/510765/2066779750,https://public.carsprogram.org/cameras/MN/C30088,https://video.dot.state.mn.us/public/C30088.stream/playlist.m3u8,US 52: T.H.52 NB @ T.H.60 EB (MP 75.9),US 52,45.9896587,-94.6113288
US 52: T.H.52 SB @ 480th St WB (MP 74),camera/508836/1287037986,https://public.carsprogram.org/cameras/MN/C30087,https://video.dot.state.mn.us/public/C30087.stream/playlist.m3u8,US 52: T.H.52 SB @ 480th St WB (MP 74),US 52,,
US 52: T.H.52 (Zumbrota - MP 73.9): T.H.52 (Zumbrota - MP 73.9) View 1,camera/510593/258311560,https://public.carsprogram.org/cameras/MN/C30334-v1?1791430860000,,US 52: T.H.52 (Zumbrota - MP 73.9),US 52,,
US 52: T.H.52 (Zumbrota - MP 73.9): T.H.52 (Zumbrota - MP 73.9) View 2,camera/510593/3728307371,https://public.carsprogram.org/cameras/MN/C30334-v2?1791430860000,,US 52: T.H.52 (Zumbrota - MP 73.9),US 52,,
US 52: T.H.52 (Zumbrota - MP 73.9): T.H.52 (Zumbrota - MP 73.9) View 3,camera/510593/3996980682,https://public.carsprogram.org/cameras/MN/C30334-v3?1791430860000,,US 52: T.H.52 (Zumbrota - MP 73.9),US 52,,
US 52: T.H.52 SB @ 490th St WB (MP 73),camera/510543/106140452,https://public.carsprogram.org/cameras/MN/C30086,https://video.dot.state.mn.us/public/C30086.stream/playlist.m3u8,US 52: T.H.52 SB @ 490th St WB (MP 73),US 52,,
US 52: T.H.52 SB N of Main St (MP 72.5),camera/511613/887404870,https://public.carsprogram.org/cameras/MN/C30085,https://video.dot.state.mn.us/public/C30085.stream/playlist.m3u8,US 52: T.H.52 SB N of Main St (MP 72.5),US 52,,
US 52: T.H.52 SB @ Main St (MP 72.1),camera/508840/516233669,https://public.carsprogram.org/cameras/MN/C30084,https://video.dot.state.mn.us/public/C30084.stream/playlist.m3u8,US 52: T.H.52 SB @ Main St (MP 72.1),US 52,,
US 52: T.H.52 SB @ Co Rd 11 (MP 71.3),camera/510299/3039504914,https://public.carsprogram.org/cameras/MN/C30083,https://video.dot.state.mn.us/public/C30083.stream/playlist.m3u8,US 52: T.H.52 SB @ Co Rd 11 (MP 71.3),US 52,45.9896587,-94.6113288
US 52: T.H.52 NB @ 520th St (MP 69.4),camera/511409/4727927,https://public.carsprogram.org/cameras/MN/C30082,https://video.dot.state.mn.us/public/C30082.stream/playlist.m3u8,US 52: T.H.52 NB @ 520th St (MP 69.4),US 52,,
US 52: T.H.52 NB N Jct C.S.A.H.12 EB (MP 68.0),camera/511216/652610672,https://public.carsprogram.org/cameras/MN/D6-C6027,https://video.dot.state.mn.us/public/D6-C6027.stream/playlist.m3u8,US 52: T.H.52 NB N Jct C.S.A.H.12 EB (MP 68.0),US 52,45.9896587,-94.6113288
US 52: T.H.52 SB S of C.S.A.H.12E (MP 67.2),camera/511236/720338731,https://public.carsprogram.org/cameras/MN/D6-C6026,https://video.dot.state.mn.us/public/D6-C6026.stream/playlist.m3u8,US 52: T.H.52 SB S of C.S.A.H.12E (MP 67.2),US 52,45.9896587,-94.6113288
US 52: T.H.52 NB @ 5th St (MP 66),camera/511271/2548662240,https://public.carsprogram.org/cameras/MN/D6-C6025,https://video.dot.state.mn.us/public/D6-C6025.stream/playlist.m3u8,US 52: T.H.52 NB @ 5th St (MP 66),US 52,45.9896587,-94.6113288
US 52: T.H.52 NB S Jct C.S.A.H.12 (MP 64.2),camera/510418/1117971588,https://public.carsprogram.org/cameras/MN/D6-C6024,https://video.dot.state.mn.us/public/D6-C6024.stream/playlist.m3u8,US 52: T.H.52 NB S Jct C.S.A.H.12 (MP 64.2),US 52,45.9896587,-94.6113288
US 52: T.H.52 SB S of 100th St NW (MP 63.5),camera/510567/4101540132,https://public.carsprogram.org/cameras/MN/D6-C001a,https://video.dot.state.mn.us/public/D6-C001a.stream/playlist.m3u8,US 52: T.H.52 SB S of 100th St NW (MP 63.5),US 52,,
US 52: T.H.52 SB @ 65th St NW (MP 60.7),camera/510657/1102725101,https://public.carsprogram.org/cameras/MN/D6-C002a,https://video.dot.state.mn.us/public/D6-C002a.stream/playlist.m3u8,US 52: T.H.52 SB @ 65th St NW (MP 60.7),US 52,,
US 52: T.H.52 SB @ 55th St NW (MP 59.7),camera/508761/2147969924,https://public.carsprogram.org/cameras/MN/D6-C003,https://video.dot.state.mn.us/public/D6-C003.stream/playlist.m3u8,US 52: T.H.52 SB @ 55th St NW (MP 59.7),US 52,,
US 52: T.H.52 NB @ 41st St NW (MP 58.8),camera/511159/3680988521,https://public.carsprogram.org/cameras/MN/D6-C004,https://video.dot.state.mn.us/public/D6-C004.stream/playlist.m3u8,US 52: T.H.52 NB @ 41st St NW (MP 58.8),US 52,,
US 52: T.H.52 SB @ 37th St NW (MP 58.4),camera/510403/301188162,https://public.carsprogram.org/cameras/MN/D6-C005,https://video.dot.state.mn.us/public/D6-C005.stream/playlist.m3u8,US 52: T.H.52 SB @ 37th St NW (MP 58.4),US 52,,
US 52: T.H.52 NB @ 19th St NW (MP 57),camera/511230/386661094,https://public.carsprogram.org/cameras/MN/D6-C006,https://video.dot.state.mn.us/public/D6-C006.stream/playlist.m3u8,US 52: T.H.52 NB @ 19th St NW (MP 57),US 52,,
US 52: T.H.52 NB @ Civic Center Dr (MP 56.1),camera/508825/998650425,https://public.carsprogram.org/cameras/MN/D6-C007,https://video.dot.state.mn.us/public/D6-C007.stream/playlist.m3u8,US 52: T.H.52 NB @ Civic Center Dr (MP 56.1),US 52,,
US 52: T.H.52 SB @ 2nd St SW (MP 55.5),camera/510731/740103283,https://public.carsprogram.org/cameras/MN/D6-C008,https://video.dot.state.mn.us/public/D6-C008.stream/playlist.m3u8,US 52: T.H.52 SB @ 2nd St SW (MP 55.5),US 52,45.9896587,-94.6113288
US 52: T.H.52 SB @ 6th St SW (MP 55),camera/511373/805921818,https://public.carsprogram.org/cameras/MN/D6-C009,https://video.dot.state.mn.us/public/D6-C009.stream/playlist.m3u8,US 52: T.H.52 SB @ 6th St SW (MP 55),US 52,45.9896587,-94.6113288
US 52: T.H.52 SB @ Mayowood Rd (MP 53.5),camera/510728/1834068561,https://public.carsprogram.org/cameras/MN/D6-C011,https://video.dot.state.mn.us/public/D6-C011.stream/playlist.m3u8,US 52: T.H.52 SB @ Mayowood Rd (MP 53.5),US 52,,
US 52: T.H.52 SB (MP 52.6),camera/508927/2047774796,https://public.carsprogram.org/cameras/MN/D6-C012,https://video.dot.state.mn.us/public/D6-C012.stream/playlist.m3u8,US 52: T.H.52 SB (MP 52.6),US 52,45.9896587,-94.6113288
US 52: T.H.52 NB S Jct U.S.63 (MP 51.9),camera/508860/3520896336,https://public.carsprogram.org/cameras/MN/D6-C013,https://video.dot.state.mn.us/public/D6-C013.stream/playlist.m3u8,US 52: T.H.52 NB S Jct U.S.63 (MP 51.9),US 52,45.9896587,-94.6113288
US 52: U.S.52 (Canton - MP 2): U.S.52 (Canton - MP 2) View 1,camera/511615/1869021026,https://public.carsprogram.org/cameras/MN/C30425-v1?1791430860000,,US 52: U.S.52 (Canton - MP 2),US 52,,
US 52: U.S.52 (Canton - MP 2): U.S.52 (Canton - MP 2) View 2,camera/511615/2414017697,https://public.carsprogram.org/cameras/MN/C30425-v2?1791430860000,,US 52: U.S.52 (Canton - MP 2),US 52,,
US 52: U.S.52 (Canton - MP 2): U.S.52 (Canton - MP 2) View 3,camera/511615/2925034976,https://public.carsprogram.org/cameras/MN/C30425-v3?1791430860000,,US 52: U.S.52 (Canton - MP 2),US 52,,
US 14: U.S.14 EB @ 11th Ave SE,camera/510457/4000604729,https://public.carsprogram.org/cameras/MN/D6-C031?1791430860000,,US 14: U.S.14 EB @ 11th Ave SE,US 14,,
US 14: U.S.14 WB @ Broadway Ave,camera/510587/3859280052,https://public.carsprogram.org/cameras/MN/D6-C030,https://video.dot.state.mn.us/public/D6-C030.stream/playlist.m3u8,US 14: U.S.14 WB @ Broadway Ave,US 14,,
US 14: T.H.52 NB S Jct U.S.14 EB (MP 54.3),camera/511449/2932548632,https://public.carsprogram.org/cameras/MN/D6-C010,https://video.dot.state.mn.us/public/D6-C010.stream/playlist.m3u8,US 14: T.H.52 NB S Jct U.S.14 EB (MP 54.3),US 14,45.9896587,-94.6113288
US 14: U.S.14 EB @ C.S.A.H.22 (W Circle Dr),camera/508717/2343165354,https://public.carsprogram.org/cameras/MN/D6-C015,https://video.dot.state.mn.us/public/D6-C015.stream/playlist.m3u8,US 14: U.S.14 EB @ C.S.A.H.22 (W Circle Dr),US 14,,
US 14: U.S.14 WB E of 60th Ave NW,camera/508770/1910659406,https://public.carsprogram.org/cameras/MN/C30176,https://video.dot.state.mn.us/public/C30176.stream/playlist.m3u8,US 14: U.S.14 WB E of 60th Ave NW,US 14,,
US 14: U.S.14 EB @ 60th Ave NW,camera/508818/2690359344,https://public.carsprogram.org/cameras/MN/C30175,https://video.dot.state.mn.us/public/C30175.stream/playlist.m3u8,US 14: U.S.14 EB @ 60th Ave NW,US 14,,
US 14: U.S.14 EB W of 60th Ave NW,camera/511568/3499299342,https://public.carsprogram.org/cameras/MN/C30174,https://video.dot.state.mn.us/public/C30174.stream/playlist.m3u8,US 14: U.S.14 EB W of 60th Ave NW,US 14,,
US 14: U.S.14 EB @ Co Rd 3,camera/510921/2263263400,https://public.carsprogram.org/cameras/MN/C30173,https://video.dot.state.mn.us/public/C30173.stream/playlist.m3u8,US 14: U.S.14 EB @ Co Rd 3,US 14,45.9896587,-94.6113288
US 14: U.S.14 EB @ 10th Ave SE,camera/508797/664144344,https://public.carsprogram.org/cameras/MN/C30172,https://video.dot.state.mn.us/public/C30172.stream/playlist.m3u8,US 14: U.S.14 EB @ 10th Ave SE,US 14,,
US 14: U.S.14 WB @ Co Rd 34,camera/510847/3775195886,https://public.carsprogram.org/cameras/MN/C30171,https://video.dot.state.mn.us/public/C30171.stream/playlist.m3u8,US 14: U.S.14 WB @ Co Rd 34,US 14,45.9896587,-94.6113288
US 14: U.S.14 EB @ 280th Ave,camera/511125/3564144693,https://public.carsprogram.org/cameras/MN/C30512,https://video.dot.state.mn.us/public/C30512.stream/playlist.m3u8,US 14: U.S.14 EB @ 280th Ave,US 14,,
US 14: U.S.14 EB @ 270th Ave,camera/511086/3277224794,https://public.carsprogram.org/cameras/MN/C30511,https://video.dot.state.mn.us/public/C30511.stream/playlist.m3u8,US 14: U.S.14 EB @ 270th Ave,US 14,,
US 14: U.S.14 (Byron - MP 200): U.S.14 (Byron - MP 200) View 1,camera/510910/1546718577,https://public.carsprogram.org/cameras/MN/C30326-v1?1791430860000,,US 14: U.S.14 (Byron - MP 200),US 14,,
US 14: U.S.14 (Byron - MP 200): U.S.14 (Byron - MP 200) View 2,camera/510910/392312018,https://public.carsprogram.org/cameras/MN/C30326-v2?1791430860000,,US 14: U.S.14 (Byron - MP 200),US 14,,
US 14: U.S.14 (Byron - MP 200): U.S.14 (Byron - MP 200) View 3,camera/510910/3292257075,https://public.carsprogram.org/cameras/MN/C30326-v3?1791430860000,,US 14: U.S.14 (Byron - MP 200),US 14,,
US 14: U.S.14 (Byron - MP 200): U.S.14 (Byron - MP 200) View 4,camera/510910/94202260,https://public.carsprogram.org/cameras/MN/C30326-v4?1791430860000,,US 14: U.S.14 (Byron - MP 200),US 14,,
US 14: U.S.14 EB @ 260th Ave,camera/510727/3505177723,https://public.carsprogram.org/cameras/MN/C30510?1791430860000,,US 14: U.S.14 EB @ 260th Ave,US 14,,
US 14: U.S.14 EB @ T.H.57,camera/508618/4128354815,https://public.carsprogram.org/cameras/MN/C30509,https://video.dot.state.mn.us/public/C30509.stream/playlist.m3u8,US 14: U.S.14 EB @ T.H.57,US 14,45.9896587,-94.6113288
US 14: U.S.14 EB W of T.H.57,camera/511574/3469595681,https://public.carsprogram.org/cameras/MN/C30508,https://video.dot.state.mn.us/public/C30508.stream/playlist.m3u8,US 14: U.S.14 EB W of T.H.57,US 14,45.9896587,-94.6113288
US 14: U.S.14 EB @ 220th Ave,camera/511315/861250047,https://public.carsprogram.org/cameras/MN/C30507,https://video.dot.state.mn.us/public/C30507.stream/playlist.m3u8,US 14: U.S.14 EB @ 220th Ave,US 14,,
US 14: U.S.14 EB @ 210th Ave,camera/508670/3230599196,https://public.carsprogram.org/cameras/MN/C30506?1791430860000,,US 14: U.S.14 EB @ 210th Ave,US 14,,
US 14: U.S.14 WB @ Airport Dr S,camera/510465/598200693,https://public.carsprogram.org/cameras/MN/C30505?1791430860000,,US 14: U.S.14 WB @ Airport Dr S,US 14,,
US 14: U.S.14 EB @ T.H.56,camera/511398/2086219550,https://public.carsprogram.org/cameras/MN/C30504?1791430860000,,US 14: U.S.14 EB @ T.H.56,US 14,45.9896587,-94.6113288
US 14: U.S.14 EB @ 180th Ave,camera/508630/2234738614,https://public.carsprogram.org/cameras/MN/C30503,https://video.dot.state.mn.us/public/C30503.stream/playlist.m3u8,US 14: U.S.14 EB @ 180th Ave,US 14,,
US 14: T.H.14 EB @ T.H.56 SB,camera/511412/785220085,https://public.carsprogram.org/cameras/MN/C30217,https://video.dot.state.mn.us/public/C30217.stream/playlist.m3u8,US 14: T.H.14 EB @ T.H.56 SB,US 14,45.9896587,-94.6113288
US 14: T.H.14 EB @ C.S.A.H.3 NB,camera/511262/1184013277,https://public.carsprogram.org/cameras/MN/C30216,https://video.dot.state.mn.us/public/C30216.stream/playlist.m3u8,US 14: T.H.14 EB @ C.S.A.H.3 NB,US 14,45.9896587,-94.6113288
US 14: T.H.14 EB @ C.S.A.H.16 (84th Av),camera/511384/1884389923,https://public.carsprogram.org/cameras/MN/C30215,https://video.dot.state.mn.us/public/C30215.stream/playlist.m3u8,US 14: T.H.14 EB @ C.S.A.H.16 (84th Av),US 14,,
US 14: T.H.14 EB @ C.S.A.H.43 SB,camera/510846/347110420,https://public.carsprogram.org/cameras/MN/C30142,https://video.dot.state.mn.us/public/C30142.stream/playlist.m3u8,US 14: T.H.14 EB @ C.S.A.H.43 SB,US 14,45.9896587,-94.6113288
US 14: T.H.14 EB @ T.H.218 SB,camera/508633/1989455597,https://public.carsprogram.org/cameras/MN/C30141,https://video.dot.state.mn.us/public/C30141.stream/playlist.m3u8,US 14: T.H.14 EB @ T.H.218 SB,US 14,45.9896587,-94.6113288
US 14: T.H.14 EB E of Co Rd 6,camera/510592/1279885627,https://public.carsprogram.org/cameras/MN/C30140,https://video.dot.state.mn.us/public/C30140.stream/playlist.m3u8,US 14: T.H.14 EB E of Co Rd 6,US 14,45.9896587,-94.6113288
US 14: T.H.14 WB @ C.S.A.H.45 SB,camera/510752/2833292416,https://public.carsprogram.org/cameras/MN/C30139,https://video.dot.state.mn.us/public/C30139.stream/playlist.m3u8,US 14: T.H.14 WB @ C.S.A.H.45 SB,US 14,45.9896587,-94.6113288
US 14: I-35 NB @ U.S.14 EB (MP 40.1),camera/511467/448642088,https://public.carsprogram.org/cameras/MN/D6-C131,https://video.dot.state.mn.us/public/D6-C131.stream/playlist.m3u8,US 14: I-35 NB @ U.S.14 EB (MP 40.1),US 14,45.9896587,-94.6113288
US 14: U.S.14 (Waseca - MP 160): U.S.14 (Waseca - MP 160) View 1,camera/511291/3524009022,https://public.carsprogram.org/cameras/MN/C30359-v1?1791430860000,,US 14: U.S.14 (Waseca - MP 160),US 14,,
US 14: U.S.14 (Waseca - MP 160): U.S.14 (Waseca - MP 160) View 2,camera/511291/3787087869,https://public.carsprogram.org/cameras/MN/C30359-v2?1791430860000,,US 14: U.S.14 (Waseca - MP 160),US 14,,
US 14: U.S.14 (Waseca - MP 160): U.S.14 (Waseca - MP 160) View 3,camera/511291/742261948,https://public.carsprogram.org/cameras/MN/C30359-v3?1791430860000,,US 14: U.S.14 (Waseca - MP 160),US 14,,
US 14: U.S.14 (Waseca - MP 160): U.S.14 (Waseca - MP 160) View 4,camera/511291/2908948347,https://public.carsprogram.org/cameras/MN/C30359-v4?1791430860000,,US 14: U.S.14 (Waseca - MP 160),US 14,,
US 14: U.S.14 WB @ T.H.22 SB,camera/510289/2453918142,https://public.carsprogram.org/cameras/MN/C30150,https://video.dot.state.mn.us/public/C30150.stream/playlist.m3u8,US 14: U.S.14 WB @ T.H.22 SB,US 14,45.9896587,-94.6113288
US 14: U.S.14 WB E of N RivFrnt Dr,camera/510568/690884356,https://public.carsprogram.org/cameras/MN/C30149,https://video.dot.state.mn.us/public/C30149.stream/playlist.m3u8,US 14: U.S.14 WB E of N RivFrnt Dr,US 14,,
US 14: U.S.14 WB E of U.S.169,camera/511182/4009376135,https://public.carsprogram.org/cameras/MN/C30148,https://video.dot.state.mn.us/public/C30148.stream/playlist.m3u8,US 14: U.S.14 WB E of U.S.169,US 14,45.9896587,-94.6113288
US 14: U.S.14 EB W of U.S.169,camera/511093/2407798087,https://public.carsprogram.org/cameras/MN/C30146,https://video.dot.state.mn.us/public/C30146.stream/playlist.m3u8,US 14: U.S.14 EB W of U.S.169,US 14,45.9896587,-94.6113288
US 14: U.S.14 EB @ Lookout Dr,camera/511082/45213886,https://public.carsprogram.org/cameras/MN/C30518,https://video.dot.state.mn.us/public/C30518.stream/playlist.m3u8,US 14: U.S.14 EB @ Lookout Dr,US 14,,
US 14: U.S.14 EB W of C.S.A.H.41,camera/511078/2173891875,https://public.carsprogram.org/cameras/MN/C30519,https://video.dot.state.mn.us/public/C30519.stream/playlist.m3u8,US 14: U.S.14 EB W of C.S.A.H.41,US 14,45.9896587,-94.6113288
US 14: U.S.14 EB W of 551st Ave,camera/510424/3575654587,https://public.carsprogram.org/cameras/MN/C30254?1791430860000,,US 14: U.S.14 EB W of 551st Ave,US 14,,
US 14: U.S.14 EB @ C.S.A.H.37,camera/510853/1359891836,https://public.carsprogram.org/cameras/MN/C30253?1791430860000,,US 14: U.S.14 EB @ C.S.A.H.37,US 14,45.9896587,-94.6113288
US 14: U.S.14 (Springfield - MP 80.7): U.S.14 (Springfield - MP 80.7) View 1,camera/510950/2609536041,https://public.carsprogram.org/cameras/MN/C30343-v1?1791430860000,,US 14: U.S.14 (Springfield - MP 80.7),US 14,,
US 14: U.S.14 (Springfield - MP 80.7): U.S.14 (Springfield - MP 80.7) View 2,camera/510950/204230378,https://public.carsprogram.org/cameras/MN/C30343-v2?1791430860000,,US 14: U.S.14 (Springfield - MP 80.7),US 14,,
US 14: U.S.14 (Springfield - MP 80.7): U.S.14 (Springfield - MP 80.7) View 3,camera/510950/3044425131,https://public.carsprogram.org/cameras/MN/C30343-v3?1791430860000,,US 14: U.S.14 (Springfield - MP 80.7),US 14,,
US 14: U.S.14 (Florence - MP 21.2): U.S.14 (Florence - MP 21.2) View 1,camera/508841/2954841006,https://public.carsprogram.org/cameras/MN/C30352-v1?1791430860000,,US 14: U.S.14 (Florence - MP 21.2),US 14,,
US 14: U.S.14 (Florence - MP 21.2): U.S.14 (Florence - MP 21.2) View 2,camera/508841/193327501,https://public.carsprogram.org/cameras/MN/C30352-v2?1791430860000,,US 14: U.S.14 (Florence - MP 21.2),US 14,,
US 14: U.S.14 (Florence - MP 21.2): U.S.14 (Florence - MP 21.2) View 3,camera/508841/3702750316,https://public.carsprogram.org/cameras/MN/C30352-v3?1791430860000,,US 14: U.S.14 (Florence - MP 21.2),US 14,,
US 14: U.S.14 (Florence - MP 21.2): U.S.14 (Florence - MP 21.2) View 4,camera/508841/738476875,https://public.carsprogram.org/cameras/MN/C30352-v4?1791430860000,,US 14: U.S.14 (Florence - MP 21.2),US 14,,
US 14: U.S.14 (Florence - MP 21.2): U.S.14 (Florence - MP 21.2) View 5,camera/508841/1000540714,https://public.carsprogram.org/cameras/MN/C30352-v5?1791430860000,,US 14: U.S.14 (Florence - MP 21.2),US 14,,
US 14: U.S.14 (Lake Benton - MP 7): U.S.14 (Lake Benton - MP 7) View 1,camera/510573/1303150915,https://public.carsprogram.org/cameras/MN/C30325-v1?1791430860000,,US 14: U.S.14 (Lake Benton - MP 7),US 14,,
US 14: U.S.14 (Lake Benton - MP 7): U.S.14 (Lake Benton - MP 7) View 2,camera/510573/3636272800,https://public.carsprogram.org/cameras/MN/C30325-v2?1791430860000,,US 14: U.S.14 (Lake Benton - MP 7),US 14,,
US 14: U.S.14 (Lake Benton - MP 7): U.S.14 (Lake Benton - MP 7) View 3,camera/510573/56803073,https://public.carsprogram.org/cameras/MN/C30325-v3?1791430860000,,US 14: U.S.14 (Lake Benton - MP 7),US 14,,
US 12: I-394 EB @ I-494 SB,camera/508720/121945908,https://public.carsprogram.org/cameras/MN/C903,https://video.dot.state.mn.us/public/C903.stream/playlist.m3u8,US 12: I-394 EB @ I-494 SB,US 12,45.9896587,-94.6113288
US 12: U.S.12 WB @ Carlson Pkwy WB,camera/511377/1113050619,https://public.carsprogram.org/cameras/MN/C30169,https://video.dot.state.mn.us/public/C30169.stream/playlist.m3u8,US 12: U.S.12 WB @ Carlson Pkwy WB,US 12,,
US 12: U.S.12 EB @ Carlson Pkwy EB,camera/511312/2448491387,https://public.carsprogram.org/cameras/MN/C30168,https://video.dot.state.mn.us/public/C30168.stream/playlist.m3u8,US 12: U.S.12 EB @ Carlson Pkwy EB,US 12,,
US 12: U.S.12 EB E of Co Rd 15,camera/508937/657402069,https://public.carsprogram.org/cameras/MN/C902,https://video.dot.state.mn.us/public/C902.stream/playlist.m3u8,US 12: U.S.12 EB E of Co Rd 15,US 12,45.9896587,-94.6113288
US 12: U.S.12 WB @ Central Ave,camera/510546/914388228,https://public.carsprogram.org/cameras/MN/C901,https://video.dot.state.mn.us/public/C901.stream/playlist.m3u8,US 12: U.S.12 WB @ Central Ave,US 12,,
US 12: U.S.12 EB @ C.S.A.H.6,camera/508857/3210730760,https://public.carsprogram.org/cameras/MN/C30242?1791430860000,,US 12: U.S.12 EB @ C.S.A.H.6,US 12,45.9896587,-94.6113288
US 12: U.S.12 WB @ C.S.A.H.6 SB,camera/511077/2147370315,https://public.carsprogram.org/cameras/MN/C30241?1791430860000,,US 12: U.S.12 WB @ C.S.A.H.6 SB,US 12,45.9896587,-94.6113288
US 12: U.S.12 WB E of Co Rd 90,camera/510469/2521369930,https://public.carsprogram.org/cameras/MN/C30163?1791430860000,,US 12: U.S.12 WB E of Co Rd 90,US 12,45.9896587,-94.6113288
US 12: U.S.12 WB W of Co Rd 90,camera/510863/2129584216,https://public.carsprogram.org/cameras/MN/C30162?1791430860000,,US 12: U.S.12 WB W of Co Rd 90,US 12,45.9896587,-94.6113288
US 12: U.S.12 WB W of Lake Sarah Rd,camera/511204/2188315607,https://public.carsprogram.org/cameras/MN/C30161?1791430860000,,US 12: U.S.12 WB W of Lake Sarah Rd,US 12,,
US 12: U.S.12 WB @ Lake Haughey Rd,camera/508915/2614369839,https://public.carsprogram.org/cameras/MN/C30160?1791430860000,,US 12: U.S.12 WB @ Lake Haughey Rd,US 12,,
US 12: U.S.12 EB E of County Line Rd,camera/510916/235336297,https://public.carsprogram.org/cameras/MN/C30159?1791430860000,,US 12: U.S.12 EB E of County Line Rd,US 12,,
US 12: U.S.12 (Atwater - MP 85.4): U.S.12 (Atwater - MP 85.4) View 1,camera/511074/2222494234,https://public.carsprogram.org/cameras/MN/C30351-v1?1791430860000,,US 12: U.S.12 (Atwater - MP 85.4),US 12,,
US 12: U.S.12 (Atwater - MP 85.4): U.S.12 (Atwater - MP 85.4) View 2,camera/511074/860729497,https://public.carsprogram.org/cameras/MN/C30351-v2?1791430860000,,US 12: U.S.12 (Atwater - MP 85.4),US 12,,
US 12: U.S.12 (Atwater - MP 85.4): U.S.12 (Atwater - MP 85.4) View 3,camera/511074/963731352,https://public.carsprogram.org/cameras/MN/C30351-v3?1791430860000,,US 12: U.S.12 (Atwater - MP 85.4),US 12,,
US 12: U.S.12 (Holloway - MP 27.0): U.S.12 (Holloway - MP 27.0) View 1,camera/510922/2881688113,https://public.carsprogram.org/cameras/MN/C30373-v1?1791430860000,,US 12: U.S.12 (Holloway - MP 27.0),US 12,,
US 12: U.S.12 (Holloway - MP 27.0): U.S.12 (Holloway - MP 27.0) View 2,camera/510922/1562996754,https://public.carsprogram.org/cameras/MN/C30373-v2?1791430860000,,US 12: U.S.12 (Holloway - MP 27.0),US 12,,
US 12: U.S.12 (Holloway - MP 27.0): U.S.12 (Holloway - MP 27.0) View 3,camera/510922/747929715,https://public.carsprogram.org/cameras/MN/C30373-v3?1791430860000,,US 12: U.S.12 (Holloway - MP 27.0),US 12,,
US 12: U.S.12 (Holloway - MP 27.0): U.S.12 (Holloway - MP 27.0) View 4,camera/510922/3397001812,https://public.carsprogram.org/cameras/MN/C30373-v4?1791430860000,,US 12: U.S.12 (Holloway - MP 27.0),US 12,,
US 12: U.S.12 (Holloway - MP 27.0): U.S.12 (Holloway - MP 27.0) View 5,camera/510922/2325934773,https://public.carsprogram.org/cameras/MN/C30373-v5?1791430860000,,US 12: U.S.12 (Holloway - MP 27.0),US 12,,
US 10: T.H.10 WB @ Co Rd 96,camera/508740/1823117112,https://public.carsprogram.org/cameras/MN/C675,https://video.dot.state.mn.us/public/C675.stream/playlist.m3u8,US 10: T.H.10 WB @ Co Rd 96,US 10,45.9896587,-94.6113288
US 10: I-35W SB @ T.H.10,camera/511049/154148700,https://public.carsprogram.org/cameras/MN/C641,https://video.dot.state.mn.us/public/C641.stream/playlist.m3u8,US 10: I-35W SB @ T.H.10,US 10,45.9896587,-94.6113288
US 10: T.H.10 EB E of Co Rd J,camera/508807/1988055299,https://public.carsprogram.org/cameras/MN/C673,https://video.dot.state.mn.us/public/C673.stream/playlist.m3u8,US 10: T.H.10 EB E of Co Rd J,US 10,45.9896587,-94.6113288
US 10: T.H.10 WB @ Airport Rd (93rd Ln Ext),camera/511406/1035762670,https://public.carsprogram.org/cameras/MN/C672,https://video.dot.state.mn.us/public/C672.stream/playlist.m3u8,US 10: T.H.10 WB @ Airport Rd (93rd Ln Ext),US 10,,
US 10: T.H.10 EB @ T.H.65,camera/510534/3373057824,https://public.carsprogram.org/cameras/MN/C671,https://video.dot.state.mn.us/public/C671.stream/playlist.m3u8,US 10: T.H.10 EB @ T.H.65,US 10,45.9896587,-94.6113288
US 10: T.H.10 EB @ University Ave,camera/508855/2272185865,https://public.carsprogram.org/cameras/MN/C670,https://video.dot.state.mn.us/public/C670.stream/playlist.m3u8,US 10: T.H.10 EB @ University Ave,US 10,,
US 10: T.H.10 EB @ Foley Blvd,camera/510382/2001131482,https://public.carsprogram.org/cameras/MN/C668,https://video.dot.state.mn.us/public/C668.stream/playlist.m3u8,US 10: T.H.10 EB @ Foley Blvd,US 10,,
US 10: T.H.10 WB W of Egret Blvd,camera/510517/192700462,https://public.carsprogram.org/cameras/MN/C667,https://video.dot.state.mn.us/public/C667.stream/playlist.m3u8,US 10: T.H.10 WB W of Egret Blvd,US 10,,
US 10: T.H.10 EB @ Hanson Blvd,camera/510748/468443926,https://public.carsprogram.org/cameras/MN/C666,https://video.dot.state.mn.us/public/C666.stream/playlist.m3u8,US 10: T.H.10 EB @ Hanson Blvd,US 10,,
US 10: T.H.10 EB W of Hanson Blvd,camera/510906/2742652840,https://public.carsprogram.org/cameras/MN/C665,https://video.dot.state.mn.us/public/C665.stream/playlist.m3u8,US 10: T.H.10 EB W of Hanson Blvd,US 10,,
US 10: T.H.10 EB @ Main St NW (Co Rd 14),camera/511266/1488033044,https://public.carsprogram.org/cameras/MN/C664,https://video.dot.state.mn.us/public/C664.stream/playlist.m3u8,US 10: T.H.10 EB @ Main St NW (Co Rd 14),US 10,,
US 10: T.H.10 EB @ Round Lake Blvd,camera/511483/4271564930,https://public.carsprogram.org/cameras/MN/C663,https://video.dot.state.mn.us/public/C663.stream/playlist.m3u8,US 10: T.H.10 EB @ Round Lake Blvd,US 10,,
US 10: T.H.10 EB @ Round Lake Blvd NB,camera/511244/608022414,https://public.carsprogram.org/cameras/MN/C30244,https://video.dot.state.mn.us/public/C30244.stream/playlist.m3u8,US 10: T.H.10 EB @ Round Lake Blvd NB,US 10,,
US 10: T.H.10 WB @ Round Lake Blvd NB,camera/511324/3489861084,https://public.carsprogram.org/cameras/MN/C30245,https://video.dot.state.mn.us/public/C30245.stream/playlist.m3u8,US 10: T.H.10 WB @ Round Lake Blvd NB,US 10,,
US 10: T.H.10 WB E of 7th Ave,camera/511145/3430340952,https://public.carsprogram.org/cameras/MN/C662,https://video.dot.state.mn.us/public/C662.stream/playlist.m3u8,US 10: T.H.10 WB E of 7th Ave,US 10,45.9896587,-94.6113288
US 10: T.H.10 EB @ 7th Ave,camera/510943/3833181350,https://public.carsprogram.org/cameras/MN/C30531,https://video.dot.state.mn.us/public/C30531.stream/playlist.m3u8,US 10: T.H.10 EB @ 7th Ave,US 10,45.9896587,-94.6113288
US 10: T.H.10 EB @ Greenhaven Rd (Main St),camera/510783/999784555,https://public.carsprogram.org/cameras/MN/C660,https://video.dot.state.mn.us/public/C660.stream/playlist.m3u8,US 10: T.H.10 EB @ Greenhaven Rd (Main St),US 10,,
US 10: T.H.10 EB @ Thurston Ave EB,camera/511095/1474104119,https://public.carsprogram.org/cameras/MN/C659,https://video.dot.state.mn.us/public/C659.stream/playlist.m3u8,US 10: T.H.10 EB @ Thurston Ave EB,US 10,,
US 10: T.H.10 WB @ Sunfish Lake Blvd,camera/511616/1583139310,https://public.carsprogram.org/cameras/MN/C658,https://video.dot.state.mn.us/public/C658.stream/playlist.m3u8,US 10: T.H.10 WB @ Sunfish Lake Blvd,US 10,,
US 10: T.H.10 EB E of Ramsey Blvd,camera/511587/714973086,https://public.carsprogram.org/cameras/MN/C30521,https://video.dot.state.mn.us/public/C30521.stream/playlist.m3u8,US 10: T.H.10 EB E of Ramsey Blvd,US 10,,
US 10: T.H.10 WB @ C.S.A.H.56 (Ramsey Blvd),camera/511348/2742486043,https://public.carsprogram.org/cameras/MN/C657,https://video.dot.state.mn.us/public/C657.stream/playlist.m3u8,US 10: T.H.10 WB @ C.S.A.H.56 (Ramsey Blvd),US 10,,
US 10: T.H.10 WB @ Armstrong Blvd,camera/511347/646835580,https://public.carsprogram.org/cameras/MN/C656,https://video.dot.state.mn.us/public/C656.stream/playlist.m3u8,US 10: T.H.10 WB @ Armstrong Blvd,US 10,,
US 10: T.H.10 EB @ 171st Ave,camera/511389/168043133,https://public.carsprogram.org/cameras/MN/C654,https://video.dot.state.mn.us/public/C654.stream/playlist.m3u8,US 10: T.H.10 EB @ 171st Ave,US 10,,
US 10: T.H.10 WB E of Main St,camera/511525/1535694285,https://public.carsprogram.org/cameras/MN/C1650,https://video.dot.state.mn.us/public/C1650.stream/playlist.m3u8,US 10: T.H.10 WB E of Main St,US 10,,
US 10: T.H.10 WB @ Jackson Ave NW,camera/510977/3814369687,https://public.carsprogram.org/cameras/MN/C1651,https://video.dot.state.mn.us/public/C1651.stream/playlist.m3u8,US 10: T.H.10 WB @ Jackson Ave NW,US 10,,
US 10: T.H.10 EB @ Proctor Ave,camera/510656/1630751562,https://public.carsprogram.org/cameras/MN/C30229,https://video.dot.state.mn.us/public/C30229.stream/playlist.m3u8,US 10: T.H.10 EB @ Proctor Ave,US 10,,
US 10: T.H.10 EB @ T.H.25,camera/510956/507160612,https://public.carsprogram.org/cameras/MN/C1646?1791430860000,,US 10: T.H.10 EB @ T.H.25,US 10,45.9896587,-94.6113288
US 10: T.H.10 WB @ Co Rd 11,camera/511432/4156056407,https://public.carsprogram.org/cameras/MN/C1645?1791430860000,,US 10: T.H.10 WB @ Co Rd 11,US 10,45.9896587,-94.6113288
US 10: T.H.10 WB @ T.H.24,camera/510441/2536091543,https://public.carsprogram.org/cameras/MN/C1642?1791430860000,,US 10: T.H.10 WB @ T.H.24,US 10,45.9896587,-94.6113288
US 10: T.H.23 WB @ T.H.10 EB (Hwy 10 MP 178),camera/510824/4154482002,https://public.carsprogram.org/cameras/MN/C30297,https://video.dot.state.mn.us/public/C30297.stream/playlist.m3u8,US 10: T.H.23 WB @ T.H.10 EB (Hwy 10 MP 178),US 10,,
US 10: U.S.10 (Rice - MP 162): U.S.10 (Rice - MP 162) View 1,camera/511001/1723501383,https://public.carsprogram.org/cameras/MN/C30424-v1?1791430860000,,US 10: U.S.10 (Rice - MP 162),US 10,,
US 10: U.S.10 (Rice - MP 162): U.S.10 (Rice - MP 162) View 2,camera/511001/444044868,https://public.carsprogram.org/cameras/MN/C30424-v2?1791430860000,,US 10: U.S.10 (Rice - MP 162),US 10,,
US 10: U.S.10 (Rice - MP 162): U.S.10 (Rice - MP 162) View 3,camera/511001/3872296389,https://public.carsprogram.org/cameras/MN/C30424-v3?1791430860000,,US 10: U.S.10 (Rice - MP 162),US 10,,
US 10: U.S.10 (Rice - MP 162): U.S.10 (Rice - MP 162) View 4,camera/511001/1033737410,https://public.carsprogram.org/cameras/MN/C30424-v4?1791430860000,,US 10: U.S.10 (Rice - MP 162),US 10,,
US 10: T.H.10 WB (Royalton),camera/511414/239314416,https://public.carsprogram.org/cameras/MN/C30079?1791430860000,,US 10: T.H.10 WB (Royalton),US 10,,
US 10: U.S.10 (Verndale - MP 94): U.S.10 (Verndale - MP 94) View 1,camera/508812/966538625,https://public.carsprogram.org/cameras/MN/C30423-v1?1791430860000,,US 10: U.S.10 (Verndale - MP 94),US 10,,
US 10: U.S.10 (Verndale - MP 94): U.S.10 (Verndale - MP 94) View 2,camera/508812/4049612066,https://public.carsprogram.org/cameras/MN/C30423-v2?1791430860000,,US 10: U.S.10 (Verndale - MP 94),US 10,,
US 10: U.S.10 (Verndale - MP 94): U.S.10 (Verndale - MP 94) View 3,camera/508812/755019971,https://public.carsprogram.org/cameras/MN/C30423-v3?1791430860000,,US 10: U.S.10 (Verndale - MP 94),US 10,,
US 10: U.S.10 (Verndale - MP 94): U.S.10 (Verndale - MP 94) View 4,camera/508812/2204450660,https://public.carsprogram.org/cameras/MN/C30423-v4?1791430860000,,US 10: U.S.10 (Verndale - MP 94),US 10,,
US 10: T.H.10 @ T.H.71,camera/511140/3450710018,https://public.carsprogram.org/cameras/MN/C30212?1791430860000,,US 10: T.H.10 @ T.H.71,US 10,45.9896587,-94.6113288
US 10: T.H.10 (Frazee - MP 55.2): T.H.10 (Frazee - MP 55.2) View 1,camera/511534/985385382,https://public.carsprogram.org/cameras/MN/C30371-v1?1791430860000,,US 10: T.H.10 (Frazee - MP 55.2),US 10,,
US 10: T.H.10 (Frazee - MP 55.2): T.H.10 (Frazee - MP 55.2) View 2,camera/511534/3827658373,https://public.carsprogram.org/cameras/MN/C30371-v2?1791430860000,,US 10: T.H.10 (Frazee - MP 55.2),US 10,,
US 10: T.H.10 (Frazee - MP 55.2): T.H.10 (Frazee - MP 55.2) View 3,camera/511534/3445466212,https://public.carsprogram.org/cameras/MN/C30371-v3?1791430860000,,US 10: T.H.10 (Frazee - MP 55.2),US 10,,
US 10: T.H.10 (Frazee - MP 55.2): T.H.10 (Frazee - MP 55.2) View 4,camera/511534/3485746755,https://public.carsprogram.org/cameras/MN/C30371-v4?1791430860000,,US 10: T.H.10 (Frazee - MP 55.2),US 10,,
US 10: U.S.10 (Lake Park - MP 32): U.S.10 (Lake Park - MP 32) View 1,camera/510510/3198334661,https://public.carsprogram.org/cameras/MN/C30422-v1?1791430860000,,US 10: U.S.10 (Lake Park - MP 32),US 10,,
US 10: U.S.10 (Lake Park - MP 32): U.S.10 (Lake Park - MP 32) View 2,camera/510510/1244743878,https://public.carsprogram.org/cameras/MN/C30422-v2?1791430860000,,US 10: U.S.10 (Lake Park - MP 32),US 10,,
US 10: U.S.10 (Lake Park - MP 32): U.S.10 (Lake Park - MP 32) View 3,camera/510510/2765977543,https://public.carsprogram.org/cameras/MN/C30422-v3?1791430860000,,US 10: U.S.10 (Lake Park - MP 32),US 10,,
US 10: T.H.10 WB @ 34th St,camera/508646/2156340689,https://public.carsprogram.org/cameras/MN/C10-04,https://video.dot.state.mn.us/public/C10-04.stream/playlist.m3u8,US 10: T.H.10 WB @ 34th St,US 10,,
US 10: T.H.10 WB @ 1st Ave,camera/511120/445081097,https://public.carsprogram.org/cameras/MN/C10-03,https://video.dot.state.mn.us/public/C10-03.stream/playlist.m3u8,US 10: T.H.10 WB @ 1st Ave,US 10,45.9896587,-94.6113288
US 10: T.H.10 WB @ 14th St,camera/510438/3714983635,https://public.carsprogram.org/cameras/MN/C10-02,https://video.dot.state.mn.us/public/C10-02.stream/playlist.m3u8,US 10: T.H.10 WB @ 14th St,US 10,,
US 10: T.H.10 @ 11th St,camera/510462/2293637155,https://public.carsprogram.org/cameras/MN/C30558?1791430860000,,US 10: T.H.10 @ 11th St,US 10,,
US 10: 11th St @ Main Ave,camera/511176/3462960487,https://public.carsprogram.org/cameras/MN/C30557?1791430860000,,US 10: 11th St @ Main Ave,US 10,,
US 8: U.S.8 WB @ T.H.95 (Bench St),camera/510359/207268058,https://public.carsprogram.org/cameras/MN/C30538?1791430860000,,US 8: U.S.8 WB @ T.H.95 (Bench St),US 8,,
US 8: U.S.8 EB @ Akerson St,camera/510672/2285886516,https://public.carsprogram.org/cameras/MN/C30194,https://video.dot.state.mn.us/public/C30194.stream/playlist.m3u8,US 8: U.S.8 EB @ Akerson St,US 8,,
US 8: U.S.8 EB @ Olinda Tr,camera/511053/3303702203,https://public.carsprogram.org/cameras/MN/C30193,https://video.dot.state.mn.us/public/C30193.stream/playlist.m3u8,US 8: U.S.8 EB @ Olinda Tr,US 8,,
US 8: U.S.8 WB @ Oak St,camera/511196/2355325580,https://public.carsprogram.org/cameras/MN/C30191,https://video.dot.state.mn.us/public/C30191.stream/playlist.m3u8,US 8: U.S.8 WB @ Oak St,US 8,45.9896587,-94.6113288
US 8: U.S.8 EB @ Oak St,camera/511336/621792798,https://public.carsprogram.org/cameras/MN/C30192,https://video.dot.state.mn.us/public/C30192.stream/playlist.m3u8,US 8: U.S.8 EB @ Oak St,US 8,45.9896587,-94.6113288
US 8: U.S.8 WB @ Lincoln Rd,camera/508762/1361998813,https://public.carsprogram.org/cameras/MN/C30190,https://video.dot.state.mn.us/public/C30190.stream/playlist.m3u8,US 8: U.S.8 WB @ Lincoln Rd,US 8,,
US 8: U.S.8 WB @ Shoquist Ln,camera/511011/992093234,https://public.carsprogram.org/cameras/MN/C30189,https://video.dot.state.mn.us/public/C30189.stream/playlist.m3u8,US 8: U.S.8 WB @ Shoquist Ln,US 8,,
US 8: U.S.8 EB @ Co Rd 24 SB (Lofton Av/Old Towne Rd),camera/508784/1363520238,https://public.carsprogram.org/cameras/MN/C30188,https://video.dot.state.mn.us/public/C30188.stream/playlist.m3u8,US 8: U.S.8 EB @ Co Rd 24 SB (Lofton Av/Old Towne Rd),US 8,,
US 8: U.S.8 WB @ Karmel Ave,camera/510576/1169181024,https://public.carsprogram.org/cameras/MN/C30187,https://video.dot.state.mn.us/public/C30187.stream/playlist.m3u8,US 8: U.S.8 WB @ Karmel Ave,US 8,,
US 8: U.S.8 WB @ E Viking Blvd,camera/510484/1324883907,https://public.carsprogram.org/cameras/MN/C30186,https://video.dot.state.mn.us/public/C30186.stream/playlist.m3u8,US 8: U.S.8 WB @ E Viking Blvd,US 8,,
US 8: U.S.8 WB W of E Viking Blvd,camera/510958/3630509309,https://public.carsprogram.org/cameras/MN/C30185,https://video.dot.state.mn.us/public/C30185.stream/playlist.m3u8,US 8: U.S.8 WB W of E Viking Blvd,US 8,,
US 8: U.S.8 WB E of Pioneer Rd,camera/511256/1323509118,https://public.carsprogram.org/cameras/MN/C30184,https://video.dot.state.mn.us/public/C30184.stream/playlist.m3u8,US 8: U.S.8 WB E of Pioneer Rd,US 8,,
US 8: U.S.8 EB @ Pioneer Rd,camera/511103/1232079008,https://public.carsprogram.org/cameras/MN/C30183,https://video.dot.state.mn.us/public/C30183.stream/playlist.m3u8,US 8: U.S.8 EB @ Pioneer Rd,US 8,,
US 8: U.S.8 EB W of Pioneer Rd,camera/510442/1371514430,https://public.carsprogram.org/cameras/MN/C30182,https://video.dot.state.mn.us/public/C30182.stream/playlist.m3u8,US 8: U.S.8 EB W of Pioneer Rd,US 8,,
US 8: U.S.8 EB @ Hazel Ave,camera/510306/701600244,https://public.carsprogram.org/cameras/MN/C30181,https://video.dot.state.mn.us/public/C30181.stream/playlist.m3u8,US 8: U.S.8 EB @ Hazel Ave,US 8,,
US 8: U.S.8 WB @ Greenway Ave,camera/510463/545411272,https://public.carsprogram.org/cameras/MN/C30180,https://video.dot.state.mn.us/public/C30180.stream/playlist.m3u8,US 8: U.S.8 WB @ Greenway Ave,US 8,,
US 2: T.H.2 WB (Bong Bridge WI),camera/511551/1313207034,https://public.carsprogram.org/cameras/MN/C2-215,https://video.dot.state.mn.us/public/C2-215.stream/playlist.m3u8,US 2: T.H.2 WB (Bong Bridge WI),US 2,,
US 2: I-35 SB @ T.H.2,camera/511215/2022123960,https://public.carsprogram.org/cameras/MN/C35-084,https://video.dot.state.mn.us/public/C35-084.stream/playlist.m3u8,US 2: I-35 SB @ T.H.2,US 2,45.9896587,-94.6113288
US 2: U.S.2 (Gowan - MP 225.1): U.S.2 (Gowan - MP 225.1) View 1,camera/510604/2362308678,https://public.carsprogram.org/cameras/MN/C30432-v1?1791430860000,,US 2: U.S.2 (Gowan - MP 225.1),US 2,,
US 2: U.S.2 (Gowan - MP 225.1): U.S.2 (Gowan - MP 225.1) View 2,camera/510604/718833925,https://public.carsprogram.org/cameras/MN/C30432-v2?1791430860000,,US 2: U.S.2 (Gowan - MP 225.1),US 2,,
US 2: U.S.2 (Gowan - MP 225.1): U.S.2 (Gowan - MP 225.1) View 3,camera/510604/3219132100,https://public.carsprogram.org/cameras/MN/C30432-v3?1791430860000,,US 2: U.S.2 (Gowan - MP 225.1),US 2,,
US 2: U.S.2 (Gowan - MP 225.1): U.S.2 (Gowan - MP 225.1) View 4,camera/510604/2441209219,https://public.carsprogram.org/cameras/MN/C30432-v4?1791430860000,,US 2: U.S.2 (Gowan - MP 225.1),US 2,,
US 2: U.S.2 (Gowan - MP 225.1): U.S.2 (Gowan - MP 225.1) View 5,camera/510604/823012162,https://public.carsprogram.org/cameras/MN/C30432-v5?1791430860000,,US 2: U.S.2 (Gowan - MP 225.1),US 2,,
US 2: T.H.2 @ Pokegama Ave,camera/508665/1273386402,https://public.carsprogram.org/cameras/MN/C30262?1791430860000,,US 2: T.H.2 @ Pokegama Ave,US 2,,
US 2: U.S.2 (Cohasset MP 174.3): U.S.2 (Cohasset MP 174.3) View 1,camera/510907/2943059850,https://public.carsprogram.org/cameras/MN/C30434-v1?1791430860000,,US 2: U.S.2 (Cohasset MP 174.3),US 2,,
US 2: U.S.2 (Cohasset MP 174.3): U.S.2 (Cohasset MP 174.3) View 2,camera/510907/3486227177,https://public.carsprogram.org/cameras/MN/C30434-v2?1791430860000,,US 2: U.S.2 (Cohasset MP 174.3),US 2,,
US 2: U.S.2 (Cohasset MP 174.3): U.S.2 (Cohasset MP 174.3) View 3,camera/510907/3220201160,https://public.carsprogram.org/cameras/MN/C30434-v3?1791430860000,,US 2: U.S.2 (Cohasset MP 174.3),US 2,,
US 2: U.S.2 (Cohasset MP 174.3): U.S.2 (Cohasset MP 174.3) View 4,camera/510907/1194079279,https://public.carsprogram.org/cameras/MN/C30434-v4?1791430860000,,US 2: U.S.2 (Cohasset MP 174.3),US 2,,
US 2: U.S.2 (Cohasset MP 174.3): U.S.2 (Cohasset MP 174.3) View 5,camera/510907/1336440590,https://public.carsprogram.org/cameras/MN/C30434-v5?1791430860000,,US 2: U.S.2 (Cohasset MP 174.3),US 2,,
US 2: U.S.2 (Cass Lake - MP 131): U.S.2 (Cass Lake - MP 131) View 1,camera/511554/742843342,https://public.carsprogram.org/cameras/MN/C30421-v1?1791430860000,,US 2: U.S.2 (Cass Lake - MP 131),US 2,,
US 2: U.S.2 (Cass Lake - MP 131): U.S.2 (Cass Lake - MP 131) View 2,camera/511554/2404684621,https://public.carsprogram.org/cameras/MN/C30421-v2?1791430860000,,US 2: U.S.2 (Cass Lake - MP 131),US 2,,
US 2: U.S.2 (Cass Lake - MP 131): U.S.2 (Cass Lake - MP 131) View 3,camera/511554/3253580620,https://public.carsprogram.org/cameras/MN/C30421-v3?1791430860000,,US 2: U.S.2 (Cass Lake - MP 131),US 2,,
US 2: U.S.2 (Solway - MP 99.7): U.S.2 (Solway - MP 99.7) View 1,camera/508848/1082244730,https://public.carsprogram.org/cameras/MN/C30438-v1?1791430860000,,US 2: U.S.2 (Solway - MP 99.7),US 2,,
US 2: U.S.2 (Solway - MP 99.7): U.S.2 (Solway - MP 99.7) View 2,camera/508848/3876574585,https://public.carsprogram.org/cameras/MN/C30438-v2?1791430860000,,US 2: U.S.2 (Solway - MP 99.7),US 2,,
US 2: U.S.2 (Solway - MP 99.7): U.S.2 (Solway - MP 99.7) View 3,camera/508848/3792415352,https://public.carsprogram.org/cameras/MN/C30438-v3?1791430860000,,US 2: U.S.2 (Solway - MP 99.7),US 2,,
US 2: U.S.2 (Solway - MP 99.7): U.S.2 (Solway - MP 99.7) View 4,camera/508848/2415689087,https://public.carsprogram.org/cameras/MN/C30438-v4?1791430860000,,US 2: U.S.2 (Solway - MP 99.7),US 2,,
US 2: U.S.2 (Solway - MP 99.7): U.S.2 (Solway - MP 99.7) View 5,camera/508848/1261760382,https://public.carsprogram.org/cameras/MN/C30438-v5?1791430860000,,US 2: U.S.2 (Solway - MP 99.7),US 2,,
US 2: U.S.2 (Lengby - MP 75.7): U.S.2 (Lengby - MP 75.7) View 1,camera/511423/2990048124,https://public.carsprogram.org/cameras/MN/C30401-v1?1791430860000,,US 2: U.S.2 (Lengby - MP 75.7),US 2,,
US 2: U.S.2 (Lengby - MP 75.7): U.S.2 (Lengby - MP 75.7) View 2,camera/511423/898762879,https://public.carsprogram.org/cameras/MN/C30401-v2?1791430860000,,US 2: U.S.2 (Lengby - MP 75.7),US 2,,
US 2: U.S.2 (Lengby - MP 75.7): U.S.2 (Lengby - MP 75.7) View 3,camera/511423/2302704510,https://public.carsprogram.org/cameras/MN/C30401-v3?1791430860000,,US 2: U.S.2 (Lengby - MP 75.7),US 2,,
US 2: U.S.2 (Lengby - MP 75.7): U.S.2 (Lengby - MP 75.7) View 4,camera/511423/1259086457,https://public.carsprogram.org/cameras/MN/C30401-v4?1791430860000,,US 2: U.S.2 (Lengby - MP 75.7),US 2,,
US 2: U.S.2 (East Grand Forks - MP 9): U.S.2 (East Grand Forks - MP 9) View 1,camera/508745/2812002139,https://public.carsprogram.org/cameras/MN/C30420-v1?1791430860000,,US 2: U.S.2 (East Grand Forks - MP 9),US 2,,
US 2: U.S.2 (East Grand Forks - MP 9): U.S.2 (East Grand Forks - MP 9) View 2,camera/508745/1841651768,https://public.carsprogram.org/cameras/MN/C30420-v2?1791430860000,,US 2: U.S.2 (East Grand Forks - MP 9),US 2,,
US 2: U.S.2 (East Grand Forks - MP 9): U.S.2 (East Grand Forks - MP 9) View 3,camera/508745/2695299097,https://public.carsprogram.org/cameras/MN/C30420-v3?1791430860000,,US 2: U.S.2 (East Grand Forks - MP 9),US 2,,
US 2: U.S.2 (East Grand Forks - MP 9): U.S.2 (East Grand Forks - MP 9) View 4,camera/508745/1035592702,https://public.carsprogram.org/cameras/MN/C30420-v4?1791430860000,,US 2: U.S.2 (East Grand Forks - MP 9),US 2,,
US 2: U.S.2 SB @ Business Hwy 2 (2-4.42),camera/510998/3472490672,https://public.carsprogram.org/cameras/MN/C30214?1791430860000,,US 2: U.S.2 SB @ Business Hwy 2 (2-4.42),US 2,,
MN 988A: I-35W NB @ Co Rd 88,camera/511087/902760262,https://public.carsprogram.org/cameras/MN/C636,https://video.dot.state.mn.us/public/C636.stream/playlist.m3u8,MN 988A: I-35W NB @ Co Rd 88,MN 988A,,
MN 913A: T.H.13 SB @ Mendota Heights Rd,camera/510954/3398726952,https://public.carsprogram.org/cameras/MN/C1301,https://video.dot.state.mn.us/public/C1301.stream/playlist.m3u8,MN 913A: T.H.13 SB @ Mendota Heights Rd,MN 913A,,
MN 610: T.H.610 EB @ T.H.47,camera/510876/2010927190,https://public.carsprogram.org/cameras/MN/C669,https://video.dot.state.mn.us/public/C669.stream/playlist.m3u8,MN 610: T.H.610 EB @ T.H.47,MN 610,45.9896587,-94.6113288
MN 610: T.H.610 EB @ Coon Rapids Blvd SB,camera/510779/3209856212,https://public.carsprogram.org/cameras/MN/C30246,https://video.dot.state.mn.us/public/C30246.stream/playlist.m3u8,MN 610: T.H.610 EB @ Coon Rapids Blvd SB,MN 610,,
MN 610: T.H.610 WB @ East River Rd (MP 10.55),camera/510345/1126370983,https://public.carsprogram.org/cameras/MN/C694,https://video.dot.state.mn.us/public/C694.stream/playlist.m3u8,MN 610: T.H.610 WB @ East River Rd (MP 10.55),MN 610,,
MN 610: T.H.610 EB @ West River Rd EB,camera/511586/1365546519,https://public.carsprogram.org/cameras/MN/C30238,https://video.dot.state.mn.us/public/C30238.stream/playlist.m3u8,MN 610: T.H.610 EB @ West River Rd EB,MN 610,,
MN 610: T.H.610 EB @ T.H.252,camera/511400/2603758272,https://public.carsprogram.org/cameras/MN/C693,https://video.dot.state.mn.us/public/C693.stream/playlist.m3u8,MN 610: T.H.610 EB @ T.H.252,MN 610,45.9896587,-94.6113288
MN 610: T.H.610 EB @ Noble Pkwy,camera/510455/2066306006,https://public.carsprogram.org/cameras/MN/C691,https://video.dot.state.mn.us/public/C691.stream/playlist.m3u8,MN 610: T.H.610 EB @ Noble Pkwy,MN 610,,
MN 610: T.H.610 EB @ Zane Ave,camera/511498/4178941515,https://public.carsprogram.org/cameras/MN/C690,https://video.dot.state.mn.us/public/C690.stream/playlist.m3u8,MN 610: T.H.610 EB @ Zane Ave,MN 610,,
MN 610: T.H.610 EB @ W Broadway Ave,camera/511149/909726233,https://public.carsprogram.org/cameras/MN/C689,https://video.dot.state.mn.us/public/C689.stream/playlist.m3u8,MN 610: T.H.610 EB @ W Broadway Ave,MN 610,,
MN 610: T.H.610 WB @ U.S.169,camera/510751/4070729539,https://public.carsprogram.org/cameras/MN/C688,https://video.dot.state.mn.us/public/C688.stream/playlist.m3u8,MN 610: T.H.610 WB @ U.S.169,MN 610,45.9896587,-94.6113288
MN 610: T.H.610 EB @ Revere Ln,camera/510523/3828687704,https://public.carsprogram.org/cameras/MN/C687,https://video.dot.state.mn.us/public/C687.stream/playlist.m3u8,MN 610: T.H.610 EB @ Revere Ln,MN 610,,
MN 610: T.H.610 EB @ Hemlock Ln,camera/511067/1242012128,https://public.carsprogram.org/cameras/MN/C686,https://video.dot.state.mn.us/public/C686.stream/playlist.m3u8,MN 610: T.H.610 EB @ Hemlock Ln,MN 610,,
MN 610: T.H.610 WB @ Elm Creek Blvd,camera/508760/2369654681,https://public.carsprogram.org/cameras/MN/C685,https://video.dot.state.mn.us/public/C685.stream/playlist.m3u8,MN 610: T.H.610 WB @ Elm Creek Blvd,MN 610,,
MN 610: T.H.610 WB E of Fernbrook Ln,camera/509787/3486458705,https://public.carsprogram.org/cameras/MN/C684,https://video.dot.state.mn.us/public/C684.stream/playlist.m3u8,MN 610: T.H.610 WB E of Fernbrook Ln,MN 610,,
MN 610: T.H.610 WB @ Maple Grove Pkwy,camera/511603/1927913970,https://public.carsprogram.org/cameras/MN/C683,https://video.dot.state.mn.us/public/C683.stream/playlist.m3u8,MN 610: T.H.610 WB @ Maple Grove Pkwy,MN 610,,
MN 610: T.H.610 EB E of I-94,camera/510618/1298854028,https://public.carsprogram.org/cameras/MN/C682,https://video.dot.state.mn.us/public/C682.stream/playlist.m3u8,MN 610: T.H.610 EB E of I-94,MN 610,45.9896587,-94.6113288
MN 610: I-94 EB @ Rush Creek Blvd,camera/508750/635869361,https://public.carsprogram.org/cameras/MN/C30552,https://video.dot.state.mn.us/public/C30552.stream/playlist.m3u8,MN 610: I-94 EB @ Rush Creek Blvd,MN 610,,
MN 610: I-94 EB @ T.H.610,camera/508813/1791791200,https://public.carsprogram.org/cameras/MN/C807,https://video.dot.state.mn.us/public/C807.stream/playlist.m3u8,MN 610: I-94 EB @ T.H.610,MN 610,45.9896587,-94.6113288
MN 371: T.H.371 NB @ Co Rd 16 WB,camera/510799/460352584,https://public.carsprogram.org/cameras/MN/C30016?1791430860000,,MN 371: T.H.371 NB @ Co Rd 16 WB,MN 371,45.9896587,-94.6113288
MN 371: T.H.371 (Nisswa - MP 46.2): T.H.371 (Nisswa - MP 46.2) View 1,camera/510952/92018222,https://public.carsprogram.org/cameras/MN/C30405-v1?1791430860000,,MN 371: T.H.371 (Nisswa - MP 46.2),MN 371,,
MN 371: T.H.371 (Nisswa - MP 46.2): T.H.371 (Nisswa - MP 46.2) View 2,camera/510952/814558509,https://public.carsprogram.org/cameras/MN/C30405-v2?1791430860000,,MN 371: T.H.371 (Nisswa - MP 46.2),MN 371,,
MN 371: T.H.371 (Nisswa - MP 46.2): T.H.371 (Nisswa - MP 46.2) View 3,camera/510952/401658668,https://public.carsprogram.org/cameras/MN/C30405-v3?1791430860000,,MN 371: T.H.371 (Nisswa - MP 46.2),MN 371,,
MN 371: T.H.371 (Nisswa - MP 46.2): T.H.371 (Nisswa - MP 46.2) View 4,camera/510952/559730219,https://public.carsprogram.org/cameras/MN/C30405-v4?1791430860000,,MN 371: T.H.371 (Nisswa - MP 46.2),MN 371,,
MN 371: T.H.371 (Nisswa - MP 46.2): T.H.371 (Nisswa - MP 46.2) View 5,camera/510952/1613616426,https://public.carsprogram.org/cameras/MN/C30405-v5?1791430860000,,MN 371: T.H.371 (Nisswa - MP 46.2),MN 371,,
MN 371: T.H.371 SB @ Co Rd 77 WB (CR77 West/CR13 East),camera/510718/1674829896,https://public.carsprogram.org/cameras/MN/C30007,https://video.dot.state.mn.us/public/C30007.stream/playlist.m3u8,MN 371: T.H.371 SB @ Co Rd 77 WB (CR77 West/CR13 East),MN 371,,
MN 371: T.H.371 SB @ Co Rd 77 EB (CR77 West/CR49 East),camera/508782/1856394901,https://public.carsprogram.org/cameras/MN/C30005,https://video.dot.state.mn.us/public/C30005.stream/playlist.m3u8,MN 371: T.H.371 SB @ Co Rd 77 EB (CR77 West/CR49 East),MN 371,,
MN 284: T.H.5 EB @ MN 284,camera/511167/4272748886,https://public.carsprogram.org/cameras/MN/C30537?1791430860000,,MN 284: T.H.5 EB @ MN 284,MN 284,45.9896587,-94.6113288
MN 280: T.H.280 SB @ Broadway St,camera/510749/1637890528,https://public.carsprogram.org/cameras/MN/C283,https://video.dot.state.mn.us/public/C283.stream/playlist.m3u8,MN 280: T.H.280 SB @ Broadway St,MN 280,,
MN 280: T.H.280 SB @ Hennepin Ave (Larpenteur Av),camera/508626/1376653179,https://public.carsprogram.org/cameras/MN/C282,https://video.dot.state.mn.us/public/C282.stream/playlist.m3u8,MN 280: T.H.280 SB @ Hennepin Ave (Larpenteur Av),MN 280,,
MN 280: T.H.280 SB N of Energy Park Dr,camera/510614/4252499273,https://public.carsprogram.org/cameras/MN/C281,https://video.dot.state.mn.us/public/C281.stream/playlist.m3u8,MN 280: T.H.280 SB N of Energy Park Dr,MN 280,,
MN 280: T.H.280 NB @ Energy Park Dr,camera/511401/1320367859,https://public.carsprogram.org/cameras/MN/C30723,https://video.dot.state.mn.us/public/C30723.stream/playlist.m3u8,MN 280: T.H.280 NB @ Energy Park Dr,MN 280,,
MN 280: T.H.280 SB @ University Ave,camera/511354/2930336804,https://public.carsprogram.org/cameras/MN/C280,https://video.dot.state.mn.us/public/C280.stream/playlist.m3u8,MN 280: T.H.280 SB @ University Ave,MN 280,,
MN 252: T.H.252 SB @ 85th Ave,camera/510648/2978145726,https://public.carsprogram.org/cameras/MN/C2527,https://video.dot.state.mn.us/public/C2527.stream/playlist.m3u8,MN 252: T.H.252 SB @ 85th Ave,MN 252,,
MN 252: T.H.252 SB @ Humboldt Ave (81st Av),camera/511368/328957142,https://public.carsprogram.org/cameras/MN/C2526,https://video.dot.state.mn.us/public/C2526.stream/playlist.m3u8,MN 252: T.H.252 SB @ Humboldt Ave (81st Av),MN 252,,
MN 252: T.H.252 NB @ Brookdale Dr,camera/510659/17291393,https://public.carsprogram.org/cameras/MN/C2524,https://video.dot.state.mn.us/public/C2524.stream/playlist.m3u8,MN 252: T.H.252 NB @ Brookdale Dr,MN 252,,
MN 252: T.H.252 NB @ 73rd Ave,camera/511061/4055130560,https://public.carsprogram.org/cameras/MN/C2523,https://video.dot.state.mn.us/public/C2523.stream/playlist.m3u8,MN 252: T.H.252 NB @ 73rd Ave,MN 252,,
MN 252: T.H.252 SB @ 70th Ave,camera/510815/4069423956,https://public.carsprogram.org/cameras/MN/C2522,https://video.dot.state.mn.us/public/C2522.stream/playlist.m3u8,MN 252: T.H.252 SB @ 70th Ave,MN 252,,
MN 252: T.H.252 SB @ 66th Ave,camera/510738/1412692275,https://public.carsprogram.org/cameras/MN/C2521,https://video.dot.state.mn.us/public/C2521.stream/playlist.m3u8,MN 252: T.H.252 SB @ 66th Ave,MN 252,,
MN 252: I-694 WB @ T.H.252,camera/510626/204163142,https://public.carsprogram.org/cameras/MN/C7011,https://video.dot.state.mn.us/public/C7011.stream/playlist.m3u8,MN 252: I-694 WB @ T.H.252,MN 252,45.9896587,-94.6113288
MN 251: I-35 SB @ T.H.251 (MP18.7),camera/510967/1508770928,https://public.carsprogram.org/cameras/MN/C30579,https://video.dot.state.mn.us/public/C30579.stream/playlist.m3u8,MN 251: I-35 SB @ T.H.251 (MP18.7),MN 251,,
MN 241: I-94 WB @ T.H.241 (MP 205.1),camera/510704/2661128902,https://public.carsprogram.org/cameras/MN/C799,https://video.dot.state.mn.us/public/C799.stream/playlist.m3u8,MN 241: I-94 WB @ T.H.241 (MP 205.1),MN 241,45.9896587,-94.6113288
MN 238: I-94 WB @ MN 238 (Albany MM147),camera/511459/1824580425,https://public.carsprogram.org/cameras/MN/C30665,https://video.dot.state.mn.us/public/C30665.stream/playlist.m3u8,MN 238: I-94 WB @ MN 238 (Albany MM147),MN 238,,
MN 225: T.H.34 (Osage - MP 65.0): T.H.34 (Osage - MP 65.0) View 1,camera/510451/3260520913,https://public.carsprogram.org/cameras/MN/C30377-v1?1791430860000,,MN 225: T.H.34 (Osage - MP 65.0),MN 225,,
MN 225: T.H.34 (Osage - MP 65.0): T.H.34 (Osage - MP 65.0) View 2,camera/510451/4097725906,https://public.carsprogram.org/cameras/MN/C30377-v2?1791430860000,,MN 225: T.H.34 (Osage - MP 65.0),MN 225,,
MN 225: T.H.34 (Osage - MP 65.0): T.H.34 (Osage - MP 65.0) View 3,camera/510451/1879888467,https://public.carsprogram.org/cameras/MN/C30377-v3?1791430860000,,MN 225: T.H.34 (Osage - MP 65.0),MN 225,,
MN 225: T.H.34 (Osage - MP 65.0): T.H.34 (Osage - MP 65.0) View 4,camera/510451/3180857940,https://public.carsprogram.org/cameras/MN/C30377-v4?1791430860000,,MN 225: T.H.34 (Osage - MP 65.0),MN 225,,
MN 225: T.H.34 (Osage - MP 65.0): T.H.34 (Osage - MP 65.0) View 5,camera/510451/928319701,https://public.carsprogram.org/cameras/MN/C30377-v5?1791430860000,,MN 225: T.H.34 (Osage - MP 65.0),MN 225,,
MN 210: T.H.210 (Jay Cooke - MP 224.9): T.H.210 (Jay Cooke - MP 224.9) View 1,camera/510478/862290203,https://public.carsprogram.org/cameras/MN/C30466-v1?1791430860000,,MN 210: T.H.210 (Jay Cooke - MP 224.9),MN 210,,
MN 210: T.H.210 (Jay Cooke - MP 224.9): T.H.210 (Jay Cooke - MP 224.9) View 2,camera/510478/1139185752,https://public.carsprogram.org/cameras/MN/C30466-v2?1791430860000,,MN 210: T.H.210 (Jay Cooke - MP 224.9),MN 210,,
MN 210: T.H.210 (Jay Cooke - MP 224.9): T.H.210 (Jay Cooke - MP 224.9) View 3,camera/510478/198684697,https://public.carsprogram.org/cameras/MN/C30466-v3?1791430860000,,MN 210: T.H.210 (Jay Cooke - MP 224.9),MN 210,,
MN 210: T.H.210 (Jay Cooke - MP 224.9): T.H.210 (Jay Cooke - MP 224.9) View 4,camera/510478/610715230,https://public.carsprogram.org/cameras/MN/C30466-v4?1791430860000,,MN 210: T.H.210 (Jay Cooke - MP 224.9),MN 210,,
MN 210: T.H.210 (Tamarack - MP 186.3): T.H.210 (Tamarack - MP 186.3) View 1,camera/508714/1209016583,https://public.carsprogram.org/cameras/MN/C30430-v1?1791430860000,,MN 210: T.H.210 (Tamarack - MP 186.3),MN 210,,
MN 210: T.H.210 (Tamarack - MP 186.3): T.H.210 (Tamarack - MP 186.3) View 2,camera/508714/3324663524,https://public.carsprogram.org/cameras/MN/C30430-v2?1791430860000,,MN 210: T.H.210 (Tamarack - MP 186.3),MN 210,,
MN 210: T.H.210 (Tamarack - MP 186.3): T.H.210 (Tamarack - MP 186.3) View 3,camera/508714/1495853509,https://public.carsprogram.org/cameras/MN/C30430-v3?1791430860000,,MN 210: T.H.210 (Tamarack - MP 186.3),MN 210,,
MN 210: T.H.210 (Tamarack - MP 186.3): T.H.210 (Tamarack - MP 186.3) View 4,camera/508714/1894368162,https://public.carsprogram.org/cameras/MN/C30430-v4?1791430860000,,MN 210: T.H.210 (Tamarack - MP 186.3),MN 210,,
MN 210: T.H.210 (Tamarack - MP 186.3): T.H.210 (Tamarack - MP 186.3) View 5,camera/508714/1159780227,https://public.carsprogram.org/cameras/MN/C30430-v5?1791430860000,,MN 210: T.H.210 (Tamarack - MP 186.3),MN 210,,
MN 210: T.H.210 WB @ 6th St SB,camera/509031/1842661507,https://public.carsprogram.org/cameras/MN/C30002,https://video.dot.state.mn.us/public/C30002.stream/playlist.m3u8,MN 210: T.H.210 WB @ 6th St SB,MN 210,45.9896587,-94.6113288
MN 210: T.H.210 WB @ 4th St NB,camera/508771/1536782748,https://public.carsprogram.org/cameras/MN/C30001,https://video.dot.state.mn.us/public/C30001.stream/playlist.m3u8,MN 210: T.H.210 WB @ 4th St NB,MN 210,45.9896587,-94.6113288
MN 210: T.H.210 EB @ T.H.371 NB,camera/508654/3116652104,https://public.carsprogram.org/cameras/MN/C30000,https://video.dot.state.mn.us/public/C30000.stream/playlist.m3u8,MN 210: T.H.210 EB @ T.H.371 NB,MN 210,45.9896587,-94.6113288
MN 210: T.H.210 WB @ Highland Scenic Dr,camera/510645/557868241,https://public.carsprogram.org/cameras/MN/C30655?1791430860000,,MN 210: T.H.210 WB @ Highland Scenic Dr,MN 210,,
MN 210: T.H.210 (Motley - MP 101.0): T.H.210 (Motley - MP 101.0) View 1,camera/511104/2773051983,https://public.carsprogram.org/cameras/MN/C30406-v1?1791430860000,,MN 210: T.H.210 (Motley - MP 101.0),MN 210,,
MN 210: T.H.210 (Motley - MP 101.0): T.H.210 (Motley - MP 101.0) View 2,camera/511104/1118453676,https://public.carsprogram.org/cameras/MN/C30406-v2?1791430860000,,MN 210: T.H.210 (Motley - MP 101.0),MN 210,,
MN 210: T.H.210 (Motley - MP 101.0): T.H.210 (Motley - MP 101.0) View 3,camera/511104/1418884877,https://public.carsprogram.org/cameras/MN/C30406-v3?1791430860000,,MN 210: T.H.210 (Motley - MP 101.0),MN 210,,
MN 210: T.H.210 (Motley - MP 101.0): T.H.210 (Motley - MP 101.0) View 4,camera/511104/1792634986,https://public.carsprogram.org/cameras/MN/C30406-v4?1791430860000,,MN 210: T.H.210 (Motley - MP 101.0),MN 210,,
MN 210: T.H.210 (Motley - MP 101.0): T.H.210 (Motley - MP 101.0) View 5,camera/511104/2777147851,https://public.carsprogram.org/cameras/MN/C30406-v5?1791430860000,,MN 210: T.H.210 (Motley - MP 101.0),MN 210,,
MN 200: T.H.200 (Longville - MP 144.0): T.H.200 (Longville - MP 144.0) View 1,camera/511461/2540808313,https://public.carsprogram.org/cameras/MN/C30404-v1?1791430860000,,MN 200: T.H.200 (Longville - MP 144.0),MN 200,,
MN 200: T.H.200 (Longville - MP 144.0): T.H.200 (Longville - MP 144.0) View 2,camera/511461/3829129722,https://public.carsprogram.org/cameras/MN/C30404-v2?1791430860000,,MN 200: T.H.200 (Longville - MP 144.0),MN 200,,
MN 200: T.H.200 (Longville - MP 144.0): T.H.200 (Longville - MP 144.0) View 3,camera/511461/2195944315,https://public.carsprogram.org/cameras/MN/C30404-v3?1791430860000,,MN 200: T.H.200 (Longville - MP 144.0),MN 200,,
MN 200: T.H.200 (Longville - MP 144.0): T.H.200 (Longville - MP 144.0) View 4,camera/511461/1088590332,https://public.carsprogram.org/cameras/MN/C30404-v4?1791430860000,,MN 200: T.H.200 (Longville - MP 144.0),MN 200,,
MN 200: T.H.200 (Longville - MP 144.0): T.H.200 (Longville - MP 144.0) View 5,camera/511461/3589596541,https://public.carsprogram.org/cameras/MN/C30404-v5?1791430860000,,MN 200: T.H.200 (Longville - MP 144.0),MN 200,,
MN 200: T.H.200 (Halstad - MP 9): T.H.200 (Halstad - MP 9) View 1,camera/510580/1006877976,https://public.carsprogram.org/cameras/MN/C30391-v1?1791430860000,,MN 200: T.H.200 (Halstad - MP 9),MN 200,,
MN 200: T.H.200 (Halstad - MP 9): T.H.200 (Halstad - MP 9) View 2,camera/510580/572721627,https://public.carsprogram.org/cameras/MN/C30391-v2?1791430860000,,MN 200: T.H.200 (Halstad - MP 9),MN 200,,
MN 200: T.H.200 (Halstad - MP 9): T.H.200 (Halstad - MP 9) View 3,camera/510580/1297323674,https://public.carsprogram.org/cameras/MN/C30391-v3?1791430860000,,MN 200: T.H.200 (Halstad - MP 9),MN 200,,
MN 194: Mesaba Ave NB @ Michigan St,camera/509141/815009515,https://public.carsprogram.org/cameras/MN/C30218,https://video.dot.state.mn.us/public/C30218.stream/playlist.m3u8,MN 194: Mesaba Ave NB @ Michigan St,MN 194,,
MN 194: T.H.194 WB @ 2nd Ave W,camera/511472/566328365,https://public.carsprogram.org/cameras/MN/C194-211,https://video.dot.state.mn.us/public/C194-211.stream/playlist.m3u8,MN 194: T.H.194 WB @ 2nd Ave W,MN 194,45.9896587,-94.6113288
MN 171: T.H.171 (St. Vincent - MP 2): T.H.171 (St. Vincent - MP 2) View 1,camera/511391/259806421,https://public.carsprogram.org/cameras/MN/C30390-v1?1791430860000,,MN 171: T.H.171 (St. Vincent - MP 2),MN 171,,
MN 171: T.H.171 (St. Vincent - MP 2): T.H.171 (St. Vincent - MP 2) View 2,camera/511391/2257040918,https://public.carsprogram.org/cameras/MN/C30390-v2?1791430860000,,MN 171: T.H.171 (St. Vincent - MP 2),MN 171,,
MN 171: T.H.171 (St. Vincent - MP 2): T.H.171 (St. Vincent - MP 2) View 3,camera/511391/1231563863,https://public.carsprogram.org/cameras/MN/C30390-v3?1791430860000,,MN 171: T.H.171 (St. Vincent - MP 2),MN 171,,
MN 149: T.H.149 NB @ Smith Ave,camera/511365/1869653360,https://public.carsprogram.org/cameras/MN/C30775?1791430860000,,MN 149: T.H.149 NB @ Smith Ave,MN 149,,
MN 149: T.H.62 WB @ Dodd Rd,camera/510872/2925068725,https://public.carsprogram.org/cameras/MN/C1115,https://video.dot.state.mn.us/public/C1115.stream/playlist.m3u8,MN 149: T.H.62 WB @ Dodd Rd,MN 149,,
MN 149: T.H.149 NB N of I-494,camera/508774/878716403,https://public.carsprogram.org/cameras/MN/C4954,https://video.dot.state.mn.us/public/C4954.stream/playlist.m3u8,MN 149: T.H.149 NB N of I-494,MN 149,45.9896587,-94.6113288
MN 149: I-494 EB @ Dodd Rd,camera/511330/3377931458,https://public.carsprogram.org/cameras/MN/C412,https://video.dot.state.mn.us/public/C412.stream/playlist.m3u8,MN 149: I-494 EB @ Dodd Rd,MN 149,,
MN 149: T.H.149 SB S of I-494,camera/511337/3310788179,https://public.carsprogram.org/cameras/MN/C30545,https://video.dot.state.mn.us/public/C30545.stream/playlist.m3u8,MN 149: T.H.149 SB S of I-494,MN 149,45.9896587,-94.6113288
MN 149: T.H.149 NB @ Vikings Pkwy,camera/508619/3994425755,https://public.carsprogram.org/cameras/MN/C4952,https://video.dot.state.mn.us/public/C4952.stream/playlist.m3u8,MN 149: T.H.149 NB @ Vikings Pkwy,MN 149,,
MN 149: T.H.149 SB @ Lone Oak Pkwy,camera/510914/2984043820,https://public.carsprogram.org/cameras/MN/C4951,https://video.dot.state.mn.us/public/C4951.stream/playlist.m3u8,MN 149: T.H.149 SB @ Lone Oak Pkwy,MN 149,,
MN 149: T.H.149 SB @ Yankee Doodle Rd,camera/511482/849427478,https://public.carsprogram.org/cameras/MN/C4946,https://video.dot.state.mn.us/public/C4946.stream/playlist.m3u8,MN 149: T.H.149 SB @ Yankee Doodle Rd,MN 149,,
MN 149: T.H.149 NB @ Opperman Dr,camera/508847/224448805,https://public.carsprogram.org/cameras/MN/C4945,https://video.dot.state.mn.us/public/C4945.stream/playlist.m3u8,MN 149: T.H.149 NB @ Opperman Dr,MN 149,,
MN 149: T.H.149 NB @ Wescott Rd (Argenta Trl),camera/508767/1094484915,https://public.carsprogram.org/cameras/MN/C4944,https://video.dot.state.mn.us/public/C4944.stream/playlist.m3u8,MN 149: T.H.149 NB @ Wescott Rd (Argenta Trl),MN 149,,
MN 121: T.H.62 WB @ Lyndale Ave,camera/510460/3756137133,https://public.carsprogram.org/cameras/MN/C112,https://video.dot.state.mn.us/public/C112.stream/playlist.m3u8,MN 121: T.H.62 WB @ Lyndale Ave,MN 121,,
MN 120: T.H.120 NB @ Woodland Dr,camera/511039/4254230756,https://public.carsprogram.org/cameras/MN/C30078,https://video.dot.state.mn.us/public/C30078.stream/playlist.m3u8,MN 120: T.H.120 NB @ Woodland Dr,MN 120,,
MN 120: T.H.120 NB (Century College),camera/511020/658331342,https://public.carsprogram.org/cameras/MN/C30077,https://video.dot.state.mn.us/public/C30077.stream/playlist.m3u8,MN 120: T.H.120 NB (Century College),MN 120,,
MN 120: T.H.120 SB @ Co Rd D EB (Long Lake Rd),camera/510712/1673708764,https://public.carsprogram.org/cameras/MN/C30076,https://video.dot.state.mn.us/public/C30076.stream/playlist.m3u8,MN 120: T.H.120 SB @ Co Rd D EB (Long Lake Rd),MN 120,,
MN 120: I-694 WB @ Century Ave (T.H.120),camera/511385/191105105,https://public.carsprogram.org/cameras/MN/C718,https://video.dot.state.mn.us/public/C718.stream/playlist.m3u8,MN 120: I-694 WB @ Century Ave (T.H.120),MN 120,,
MN 120: T.H.120 SB @ Hadley Ave N (Joy Rd),camera/510711/3688997617,https://public.carsprogram.org/cameras/MN/C30075,https://video.dot.state.mn.us/public/C30075.stream/playlist.m3u8,MN 120: T.H.120 SB @ Hadley Ave N (Joy Rd),MN 120,,
MN 120: T.H.36 WB @ T.H.120,camera/508642/4114490886,https://public.carsprogram.org/cameras/MN/C3613,https://video.dot.state.mn.us/public/C3613.stream/playlist.m3u8,MN 120: T.H.36 WB @ T.H.120,MN 120,45.9896587,-94.6113288
MN 120: T.H.120 SB @ 7th Ave (47th st),camera/511098/999046299,https://public.carsprogram.org/cameras/MN/C1230,https://video.dot.state.mn.us/public/C1230.stream/playlist.m3u8,MN 120: T.H.120 SB @ 7th Ave (47th st),MN 120,,
MN 120: T.H.120 NB @ 40th St WB (Co Rd B),camera/511066/1482696373,https://public.carsprogram.org/cameras/MN/C30074,https://video.dot.state.mn.us/public/C30074.stream/playlist.m3u8,MN 120: T.H.120 NB @ 40th St WB (Co Rd B),MN 120,,
MN 120: T.H.120 NB @ C.S.A.H.14 (34th St),camera/511575/2664213095,https://public.carsprogram.org/cameras/MN/C30073,https://video.dot.state.mn.us/public/C30073.stream/playlist.m3u8,MN 120: T.H.120 NB @ C.S.A.H.14 (34th St),MN 120,,
MN 120: T.H.120 SB @ Larpenteur Ave,camera/511631/291436347,https://public.carsprogram.org/cameras/MN/C30072,https://video.dot.state.mn.us/public/C30072.stream/playlist.m3u8,MN 120: T.H.120 SB @ Larpenteur Ave,MN 120,,
MN 120: T.H.120 NB @ T.H.5 EB (Stillwater Blvd),camera/510588/4089773870,https://public.carsprogram.org/cameras/MN/C30071,https://video.dot.state.mn.us/public/C30071.stream/playlist.m3u8,MN 120: T.H.120 NB @ T.H.5 EB (Stillwater Blvd),MN 120,,
MN 120: T.H.120 NB @ 15th St N WB (Harverster Av),camera/511607/3458557726,https://public.carsprogram.org/cameras/MN/C30070,https://video.dot.state.mn.us/public/C30070.stream/playlist.m3u8,MN 120: T.H.120 NB @ 15th St N WB (Harverster Av),MN 120,,
MN 120: T.H.120 SB @ 10th St EB (Minnehaha Av),camera/511224/2408811601,https://public.carsprogram.org/cameras/MN/C30069,https://video.dot.state.mn.us/public/C30069.stream/playlist.m3u8,MN 120: T.H.120 SB @ 10th St EB (Minnehaha Av),MN 120,,
MN 120: T.H.120 NB @ 7th St WB,camera/510423/1017670239,https://public.carsprogram.org/cameras/MN/C30068,https://video.dot.state.mn.us/public/C30068.stream/playlist.m3u8,MN 120: T.H.120 NB @ 7th St WB,MN 120,45.9896587,-94.6113288
MN 120: T.H.120 SB @ Conway Ave EB,camera/511558/512668835,https://public.carsprogram.org/cameras/MN/C30067,https://video.dot.state.mn.us/public/C30067.stream/playlist.m3u8,MN 120: T.H.120 SB @ Conway Ave EB,MN 120,,
MN 120: T.H.120 SB @ Innovation Blvd,camera/510311/1081486314,https://public.carsprogram.org/cameras/MN/C1203,https://video.dot.state.mn.us/public/C1203.stream/playlist.m3u8,MN 120: T.H.120 SB @ Innovation Blvd,MN 120,,
MN 120: T.H.120 NB N of I-94 WB,camera/511223/3135370429,https://public.carsprogram.org/cameras/MN/C1202,https://video.dot.state.mn.us/public/C1202.stream/playlist.m3u8,MN 120: T.H.120 NB N of I-94 WB,MN 120,45.9896587,-94.6113288
MN 120: T.H.120 SB S of I-94 EB,camera/510788/2625343887,https://public.carsprogram.org/cameras/MN/C1201,https://video.dot.state.mn.us/public/C1201.stream/playlist.m3u8,MN 120: T.H.120 SB S of I-94 EB,MN 120,45.9896587,-94.6113288
MN 101: T.H.101 NB @ Co Rd 38,camera/510912/938801332,https://public.carsprogram.org/cameras/MN/C205,https://video.dot.state.mn.us/public/C205.stream/playlist.m3u8,MN 101: T.H.101 NB @ Co Rd 38,MN 101,45.9896587,-94.6113288
MN 101: T.H.101 NB @ Co Rd 36,camera/511264/1368995130,https://public.carsprogram.org/cameras/MN/C203,https://video.dot.state.mn.us/public/C203.stream/playlist.m3u8,MN 101: T.H.101 NB @ Co Rd 36,MN 101,45.9896587,-94.6113288
MN 101: T.H.101 SB @ C.S.A.H.144,camera/508786/1011554736,https://public.carsprogram.org/cameras/MN/C201,https://video.dot.state.mn.us/public/C201.stream/playlist.m3u8,MN 101: T.H.101 SB @ C.S.A.H.144,MN 101,45.9896587,-94.6113288
MN 101: T.H.101 @ Diamond Lake Rd,camera/511157/2384246488,https://public.carsprogram.org/cameras/MN/C200,https://video.dot.state.mn.us/public/C200.stream/playlist.m3u8,MN 101: T.H.101 @ Diamond Lake Rd,MN 101,,
MN 101: I-94 WB @ T.H.101,camera/508803/3903998805,https://public.carsprogram.org/cameras/MN/C802,https://video.dot.state.mn.us/public/C802.stream/playlist.m3u8,MN 101: I-94 WB @ T.H.101,MN 101,45.9896587,-94.6113288
MN 101: T.H.5 WB @ T.H.101 NB (Dakota Av),camera/510887/3131622299,https://public.carsprogram.org/cameras/MN/C5014,https://video.dot.state.mn.us/public/C5014.stream/playlist.m3u8,MN 101: T.H.5 WB @ T.H.101 NB (Dakota Av),MN 101,,
MN 101: T.H.212 WB @ Co Rd 101,camera/510864/2384373367,https://public.carsprogram.org/cameras/MN/C387,https://video.dot.state.mn.us/public/C387.stream/playlist.m3u8,MN 101: T.H.212 WB @ Co Rd 101,MN 101,45.9896587,-94.6113288
MN 101: Co Rd 101 EB E of U.S.169,camera/511218/1249409884,https://public.carsprogram.org/cameras/MN/C316,https://video.dot.state.mn.us/public/C316.stream/playlist.m3u8,MN 101: Co Rd 101 EB E of U.S.169,MN 101,45.9896587,-94.6113288
MN 101: T.H.13 E-W @ T.H.101,camera/510833/3997569928,https://public.carsprogram.org/cameras/MN/C1317,https://video.dot.state.mn.us/public/C1317.stream/playlist.m3u8,MN 101: T.H.13 E-W @ T.H.101,MN 101,45.9896587,-94.6113288
MN 100: I-94 EB @ Humboldt Ave,camera/511383/2897557624,https://public.carsprogram.org/cameras/MN/C819,https://video.dot.state.mn.us/public/C819.stream/playlist.m3u8,MN 100: I-94 EB @ Humboldt Ave,MN 100,,
MN 100: T.H.100 NB @ 57th Ave,camera/511019/396584104,https://public.carsprogram.org/cameras/MN/C226,https://video.dot.state.mn.us/public/C226.stream/playlist.m3u8,MN 100: T.H.100 NB @ 57th Ave,MN 100,,
MN 100: T.H.100 NB @ Brooklyn Blvd,camera/510770/398261016,https://public.carsprogram.org/cameras/MN/C30080,https://video.dot.state.mn.us/public/C30080.stream/playlist.m3u8,MN 100: T.H.100 NB @ Brooklyn Blvd,MN 100,,
MN 100: T.H.100 SB N of France Ave,camera/511504/902865393,https://public.carsprogram.org/cameras/MN/C225,https://video.dot.state.mn.us/public/C225.stream/playlist.m3u8,MN 100: T.H.100 SB N of France Ave,MN 100,,
MN 100: T.H.100 NB @ France Ave,camera/511488/3565646251,https://public.carsprogram.org/cameras/MN/C224,https://video.dot.state.mn.us/public/C224.stream/playlist.m3u8,MN 100: T.H.100 NB @ France Ave,MN 100,,
MN 100: T.H.100 SB @ Co Rd 81,camera/508641/3984018186,https://public.carsprogram.org/cameras/MN/C223,https://video.dot.state.mn.us/public/C223.stream/playlist.m3u8,MN 100: T.H.100 SB @ Co Rd 81,MN 100,45.9896587,-94.6113288
MN 100: T.H.100 SB @ 42nd Ave,camera/510571/3116250823,https://public.carsprogram.org/cameras/MN/C222,https://video.dot.state.mn.us/public/C222.stream/playlist.m3u8,MN 100: T.H.100 SB @ 42nd Ave,MN 100,,
MN 100: T.H.100 NB @ 36th Ave,camera/511112/2080508463,https://public.carsprogram.org/cameras/MN/C221,https://video.dot.state.mn.us/public/C221.stream/playlist.m3u8,MN 100: T.H.100 NB @ 36th Ave,MN 100,,
MN 100: T.H.100 NB N of Duluth St,camera/510603/87969264,https://public.carsprogram.org/cameras/MN/C220,https://video.dot.state.mn.us/public/C220.stream/playlist.m3u8,MN 100: T.H.100 NB N of Duluth St,MN 100,,
MN 100: T.H.100 SB @ Duluth St,camera/510681/3048384810,https://public.carsprogram.org/cameras/MN/C219,https://video.dot.state.mn.us/public/C219.stream/playlist.m3u8,MN 100: T.H.100 SB @ Duluth St,MN 100,,
MN 100: T.H.100 SB @ T.H.55,camera/509504/1592334789,https://public.carsprogram.org/cameras/MN/C218,https://video.dot.state.mn.us/public/C218.stream/playlist.m3u8,MN 100: T.H.100 SB @ T.H.55,MN 100,45.9896587,-94.6113288
MN 100: T.H.100 SB @ Glenwood Ave,camera/511289/695274552,https://public.carsprogram.org/cameras/MN/C217,https://video.dot.state.mn.us/public/C217.stream/playlist.m3u8,MN 100: T.H.100 SB @ Glenwood Ave,MN 100,,
MN 100: I-394 WB @ T.H.100,camera/510809/3855029415,https://public.carsprogram.org/cameras/MN/C912,https://video.dot.state.mn.us/public/C912.stream/playlist.m3u8,MN 100: I-394 WB @ T.H.100,MN 100,45.9896587,-94.6113288
MN 100: T.H.100 NB S of I-394,camera/508856/2390021764,https://public.carsprogram.org/cameras/MN/C30718,https://video.dot.state.mn.us/public/C30718.stream/playlist.m3u8,MN 100: T.H.100 NB S of I-394,MN 100,45.9896587,-94.6113288
MN 100: T.H.100 NB @ 25.5 St W (Barry St),camera/508823/736893044,https://public.carsprogram.org/cameras/MN/C216,https://video.dot.state.mn.us/public/C216.stream/playlist.m3u8,MN 100: T.H.100 NB @ 25.5 St W (Barry St),MN 100,,
MN 100: T.H.100 SB @ Minnetonka Blvd EB,camera/511357/4266030044,https://public.carsprogram.org/cameras/MN/C2151,https://video.dot.state.mn.us/public/C2151.stream/playlist.m3u8,MN 100: T.H.100 SB @ Minnetonka Blvd EB,MN 100,,
MN 100: T.H.100 NB @ T.H.7 EB,camera/508652/2310449192,https://public.carsprogram.org/cameras/MN/C215,https://video.dot.state.mn.us/public/C215.stream/playlist.m3u8,MN 100: T.H.100 NB @ T.H.7 EB,MN 100,45.9896587,-94.6113288
MN 100: T.H.100 NB @ 36th St EB,camera/510477/787346589,https://public.carsprogram.org/cameras/MN/C2141,https://video.dot.state.mn.us/public/C2141.stream/playlist.m3u8,MN 100: T.H.100 NB @ 36th St EB,MN 100,,
MN 100: T.H.100 SB @ Excelsior Blvd,camera/510304/166009301,https://public.carsprogram.org/cameras/MN/C214,https://video.dot.state.mn.us/public/C214.stream/playlist.m3u8,MN 100: T.H.100 SB @ Excelsior Blvd,MN 100,,
MN 100: T.H.100 NB N of 50th St,camera/509503/2357731165,https://public.carsprogram.org/cameras/MN/C30564,https://video.dot.state.mn.us/public/C30564.stream/playlist.m3u8,MN 100: T.H.100 NB N of 50th St,MN 100,,
MN 100: T.H.100 SB @ 50th St,camera/510527/1571112487,https://public.carsprogram.org/cameras/MN/C213,https://video.dot.state.mn.us/public/C213.stream/playlist.m3u8,MN 100: T.H.100 SB @ 50th St,MN 100,,
MN 100: T.H.100 SB @ Vernon Ave (W ramp),camera/510555/3945170717,https://public.carsprogram.org/cameras/MN/C30520,https://video.dot.state.mn.us/public/C30520.stream/playlist.m3u8,MN 100: T.H.100 SB @ Vernon Ave (W ramp),MN 100,,
MN 100: T.H.100 NB @ Vernon Ave (E ramp),camera/510533/2644302418,https://public.carsprogram.org/cameras/MN/C30654,https://video.dot.state.mn.us/public/C30654.stream/playlist.m3u8,MN 100: T.H.100 NB @ Vernon Ave (E ramp),MN 100,,
MN 100: T.H.100 SB @ Windsor Ave,camera/511405/2743206513,https://public.carsprogram.org/cameras/MN/C30710,https://video.dot.state.mn.us/public/C30710.stream/playlist.m3u8,MN 100: T.H.100 SB @ Windsor Ave,MN 100,,
MN 100: T.H.100 SB @ Benton Ave,camera/511437/167823959,https://public.carsprogram.org/cameras/MN/C212,https://video.dot.state.mn.us/public/C212.stream/playlist.m3u8,MN 100: T.H.100 SB @ Benton Ave,MN 100,,
MN 100: T.H.62 WB @ T.H.100,camera/510855/2898419141,https://public.carsprogram.org/cameras/MN/C117,https://video.dot.state.mn.us/public/C117.stream/playlist.m3u8,MN 100: T.H.62 WB @ T.H.100,MN 100,45.9896587,-94.6113288
MN 100: T.H.100 SB @ 66th St,camera/510729/2016119362,https://public.carsprogram.org/cameras/MN/C210,https://video.dot.state.mn.us/public/C210.stream/playlist.m3u8,MN 100: T.H.100 SB @ 66th St,MN 100,,
MN 100: T.H.100 NB @ W 70th St WB,camera/510578/2723782810,https://public.carsprogram.org/cameras/MN/C30145,https://video.dot.state.mn.us/public/C30145.stream/playlist.m3u8,MN 100: T.H.100 NB @ W 70th St WB,MN 100,,
MN 100: T.H.100 NB @ 77th St (Edina Industrial Blvd),camera/509462/2427680098,https://public.carsprogram.org/cameras/MN/C209,https://video.dot.state.mn.us/public/C209.stream/playlist.m3u8,MN 100: T.H.100 NB @ 77th St (Edina Industrial Blvd),MN 100,,
MN 97: T.H.97 EB @ Everton Ave,camera/510867/928177491,https://public.carsprogram.org/cameras/MN/C30663?1791430860000,,MN 97: T.H.97 EB @ Everton Ave,MN 97,,
MN 97: T.H.97 WB @ Hornsby St,camera/510739/2319741846,https://public.carsprogram.org/cameras/MN/C30208,https://video.dot.state.mn.us/public/C30208.stream/playlist.m3u8,MN 97: T.H.97 WB @ Hornsby St,MN 97,,
MN 97: I-35 SB @ T.H.97 (Lake Dr NE),camera/510676/3021486331,https://public.carsprogram.org/cameras/MN/C057,https://video.dot.state.mn.us/public/C057.stream/playlist.m3u8,MN 97: I-35 SB @ T.H.97 (Lake Dr NE),MN 97,,
MN 95: T.H.61 NB @ T.H.95,camera/511203/874065890,https://public.carsprogram.org/cameras/MN/C1666,https://video.dot.state.mn.us/public/C1666.stream/playlist.m3u8,MN 95: T.H.61 NB @ T.H.95,MN 95,45.9896587,-94.6113288
MN 95: T.H.95 NB @ Hudson Rd (Manning Av S),camera/510848/3765968589,https://public.carsprogram.org/cameras/MN/C30479,https://video.dot.state.mn.us/public/C30479.stream/playlist.m3u8,MN 95: T.H.95 NB @ Hudson Rd (Manning Av S),MN 95,,
MN 95: I-94 WB @ Manning Ave (T.H.95 South),camera/510942/3949907619,https://public.carsprogram.org/cameras/MN/C865,https://video.dot.state.mn.us/public/C865.stream/playlist.m3u8,MN 95: I-94 WB @ Manning Ave (T.H.95 South),MN 95,,
MN 95: T.H.95 SB S of Quant Ave N,camera/510662/362367645,https://public.carsprogram.org/cameras/MN/C9501?1791430860000,,MN 95: T.H.95 SB S of Quant Ave N,MN 95,,
MN 95: T.H.95 NB @ 8th Ave N,camera/510929/2703632833,https://public.carsprogram.org/cameras/MN/C9502?1791430860000,,MN 95: T.H.95 NB @ 8th Ave N,MN 95,45.9896587,-94.6113288
MN 95: T.H.95 NB @ C.S.A.H.21 (King Plant Dr/56th St),camera/510601/3438110831,https://public.carsprogram.org/cameras/MN/C9503,https://video.dot.state.mn.us/public/C9503.stream/playlist.m3u8,MN 95: T.H.95 NB @ C.S.A.H.21 (King Plant Dr/56th St),MN 95,,
MN 95: T.H.95 NB S of T.H.36,camera/511380/2140042234,https://public.carsprogram.org/cameras/MN/C9504,https://video.dot.state.mn.us/public/C9504.stream/playlist.m3u8,MN 95: T.H.95 NB S of T.H.36,MN 95,45.9896587,-94.6113288
MN 95: T.H.36 EB @ T.H.95,camera/511069/63984235,https://public.carsprogram.org/cameras/MN/C3629,https://video.dot.state.mn.us/public/C3629.stream/playlist.m3u8,MN 95: T.H.36 EB @ T.H.95,MN 95,45.9896587,-94.6113288
MN 95: T.H.95 @ Nelson St,camera/508925/2074521191,https://public.carsprogram.org/cameras/MN/C9506,https://video.dot.state.mn.us/public/C9506.stream/playlist.m3u8,MN 95: T.H.95 @ Nelson St,MN 95,,
MN 95: T.H.95 NB @ Chestnut St,camera/511532/229758296,https://public.carsprogram.org/cameras/MN/C9507,https://video.dot.state.mn.us/public/C9507.stream/playlist.m3u8,MN 95: T.H.95 NB @ Chestnut St,MN 95,,
MN 95: T.H.95 SB @ Myrtle St,camera/511235/2265473816,https://public.carsprogram.org/cameras/MN/C9508,https://video.dot.state.mn.us/public/C9508.stream/playlist.m3u8,MN 95: T.H.95 SB @ Myrtle St,MN 95,,
MN 95: I-35 NB @ T.H.95 (MP 147.8),camera/510595/3587989155,https://public.carsprogram.org/cameras/MN/C30539,https://video.dot.state.mn.us/public/C30539.stream/playlist.m3u8,MN 95: I-35 NB @ T.H.95 (MP 147.8),MN 95,45.9896587,-94.6113288
MN 95: I-35 SB @ T.H.95 (MP 147.9),camera/510804/1264099455,https://public.carsprogram.org/cameras/MN/C30625,https://video.dot.state.mn.us/public/C30625.stream/playlist.m3u8,MN 95: I-35 SB @ T.H.95 (MP 147.9),MN 95,45.9896587,-94.6113288
MN 89: T.H.89 (Gatzke - MP 96): T.H.89 (Gatzke - MP 96) View 1,camera/511550/1349538012,https://public.carsprogram.org/cameras/MN/C30389-v1?1791430860000,,MN 89: T.H.89 (Gatzke - MP 96),MN 89,,
MN 89: T.H.89 (Gatzke - MP 96): T.H.89 (Gatzke - MP 96) View 2,camera/511550/3490342783,https://public.carsprogram.org/cameras/MN/C30389-v2?1791430860000,,MN 89: T.H.89 (Gatzke - MP 96),MN 89,,
MN 89: T.H.89 (Gatzke - MP 96): T.H.89 (Gatzke - MP 96) View 3,camera/511550/2796744606,https://public.carsprogram.org/cameras/MN/C30389-v3?1791430860000,,MN 89: T.H.89 (Gatzke - MP 96),MN 89,,
MN 89: T.H.89 (Gatzke - MP 96): T.H.89 (Gatzke - MP 96) View 4,camera/511550/949880889,https://public.carsprogram.org/cameras/MN/C30389-v4?1791430860000,,MN 89: T.H.89 (Gatzke - MP 96),MN 89,,
MN 89: T.H.89 (Red Lake - MP 19.13): T.H.89 (Red Lake - MP 19.13) View 1,camera/510807/3229257953,https://public.carsprogram.org/cameras/MN/C30399-v1?1791430860000,,MN 89: T.H.89 (Red Lake - MP 19.13),MN 89,,
MN 89: T.H.89 (Red Lake - MP 19.13): T.H.89 (Red Lake - MP 19.13) View 2,camera/510807/326188898,https://public.carsprogram.org/cameras/MN/C30399-v2?1791430860000,,MN 89: T.H.89 (Red Lake - MP 19.13),MN 89,,
MN 89: T.H.89 (Red Lake - MP 19.13): T.H.89 (Red Lake - MP 19.13) View 3,camera/510807/3245657059,https://public.carsprogram.org/cameras/MN/C30399-v3?1791430860000,,MN 89: T.H.89 (Red Lake - MP 19.13),MN 89,,
MN 78: T.H.78 (Ottertail - MP 34): T.H.78 (Ottertail - MP 34) View 1,camera/511460/2419643700,https://public.carsprogram.org/cameras/MN/C30388-v1?1791430860000,,MN 78: T.H.78 (Ottertail - MP 34),MN 78,,
MN 78: T.H.78 (Ottertail - MP 34): T.H.78 (Ottertail - MP 34) View 2,camera/511460/2374353783,https://public.carsprogram.org/cameras/MN/C30388-v2?1791430860000,,MN 78: T.H.78 (Ottertail - MP 34),MN 78,,
MN 78: T.H.78 (Ottertail - MP 34): T.H.78 (Ottertail - MP 34) View 3,camera/511460/3958309302,https://public.carsprogram.org/cameras/MN/C30388-v3?1791430860000,,MN 78: T.H.78 (Ottertail - MP 34),MN 78,,
MN 77: T.H.77 NB @ 66th St,camera/509738/320105038,https://public.carsprogram.org/cameras/MN/C512,https://video.dot.state.mn.us/public/C512.stream/playlist.m3u8,MN 77: T.H.77 NB @ 66th St,MN 77,,
MN 77: T.H.77 SB N of Diagonal Blvd,camera/510802/3341380244,https://public.carsprogram.org/cameras/MN/C30747,https://video.dot.state.mn.us/public/C30747.stream/playlist.m3u8,MN 77: T.H.77 SB N of Diagonal Blvd,MN 77,,
MN 77: T.H.77 N-S @ American Blvd,camera/510675/2907996715,https://public.carsprogram.org/cameras/MN/C30686,https://video.dot.state.mn.us/public/C30686.stream/playlist.m3u8,MN 77: T.H.77 N-S @ American Blvd,MN 77,,
MN 77: T.H.77 SB @ 84th St,camera/511002/3865115711,https://public.carsprogram.org/cameras/MN/C511,https://video.dot.state.mn.us/public/C511.stream/playlist.m3u8,MN 77: T.H.77 SB @ 84th St,MN 77,,
MN 77: T.H.77 SB S of Killebrew Dr,camera/510302/4264463041,https://public.carsprogram.org/cameras/MN/C5111,https://video.dot.state.mn.us/public/C5111.stream/playlist.m3u8,MN 77: T.H.77 SB S of Killebrew Dr,MN 77,,
MN 77: T.H.77 SB N of Old Shakopee Rd,camera/510789/2736558512,https://public.carsprogram.org/cameras/MN/C30603,https://video.dot.state.mn.us/public/C30603.stream/playlist.m3u8,MN 77: T.H.77 SB N of Old Shakopee Rd,MN 77,,
MN 77: T.H.77 SB @ Old Shakopee Rd,camera/510880/3020839383,https://public.carsprogram.org/cameras/MN/C510,https://video.dot.state.mn.us/public/C510.stream/playlist.m3u8,MN 77: T.H.77 SB @ Old Shakopee Rd,MN 77,,
MN 77: T.H.77 SB S of Old Shakopee Rd (Minnesota River),camera/511000/1101836638,https://public.carsprogram.org/cameras/MN/C30604,https://video.dot.state.mn.us/public/C30604.stream/playlist.m3u8,MN 77: T.H.77 SB S of Old Shakopee Rd (Minnesota River),MN 77,,
MN 77: T.H.77 SB (Minnesota River),camera/510798/278753563,https://public.carsprogram.org/cameras/MN/C509,https://video.dot.state.mn.us/public/C509.stream/playlist.m3u8,MN 77: T.H.77 SB (Minnesota River),MN 77,,
MN 77: T.H.77 SB @ T.H.13,camera/511583/440897494,https://public.carsprogram.org/cameras/MN/C508,https://video.dot.state.mn.us/public/C508.stream/playlist.m3u8,MN 77: T.H.77 SB @ T.H.13,MN 77,45.9896587,-94.6113288
MN 77: T.H.77 S of T.H.13,camera/510971/3497255485,https://public.carsprogram.org/cameras/MN/C5071,https://video.dot.state.mn.us/public/C5071.stream/playlist.m3u8,MN 77: T.H.77 S of T.H.13,MN 77,45.9896587,-94.6113288
MN 77: T.H.77 SB @ Diffley Rd,camera/511228/518894051,https://public.carsprogram.org/cameras/MN/C507,https://video.dot.state.mn.us/public/C507.stream/playlist.m3u8,MN 77: T.H.77 SB @ Diffley Rd,MN 77,,
MN 77: T.H.77 SB @ Cliff Rd,camera/511349/611233080,https://public.carsprogram.org/cameras/MN/C506,https://video.dot.state.mn.us/public/C506.stream/playlist.m3u8,MN 77: T.H.77 SB @ Cliff Rd,MN 77,,
MN 77: T.H.77 SB @ I-35E,camera/510737/1471904815,https://public.carsprogram.org/cameras/MN/C505,https://video.dot.state.mn.us/public/C505.stream/playlist.m3u8,MN 77: T.H.77 SB @ I-35E,MN 77,45.9896587,-94.6113288
MN 77: I-35E NB @ T.H.77,camera/510706/287080018,https://public.carsprogram.org/cameras/MN/C014,https://video.dot.state.mn.us/public/C014.stream/playlist.m3u8,MN 77: I-35E NB @ T.H.77,MN 77,45.9896587,-94.6113288
MN 77: T.H.77 SB @ 127th St (Palomino Dr),camera/508737/637185959,https://public.carsprogram.org/cameras/MN/C504,https://video.dot.state.mn.us/public/C504.stream/playlist.m3u8,MN 77: T.H.77 SB @ 127th St (Palomino Dr),MN 77,,
MN 77: T.H.77 SB @ Co Rd 38 (McAndrews Rd),camera/511452/1405177080,https://public.carsprogram.org/cameras/MN/C503,https://video.dot.state.mn.us/public/C503.stream/playlist.m3u8,MN 77: T.H.77 SB @ Co Rd 38 (McAndrews Rd),MN 77,,
MN 72: T.H.72 (Baudette - MP 67.85): T.H.72 (Baudette - MP 67.85) View 1,camera/510521/31495009,https://public.carsprogram.org/cameras/MN/C30398-v1?1791430860000,,MN 72: T.H.72 (Baudette - MP 67.85),MN 72,,
MN 72: T.H.72 (Baudette - MP 67.85): T.H.72 (Baudette - MP 67.85) View 2,camera/510521/2654208930,https://public.carsprogram.org/cameras/MN/C30398-v2?1791430860000,,MN 72: T.H.72 (Baudette - MP 67.85),MN 72,,
MN 72: T.H.72 (Baudette - MP 67.85): T.H.72 (Baudette - MP 67.85) View 3,camera/510521/589707747,https://public.carsprogram.org/cameras/MN/C30398-v3?1791430860000,,MN 72: T.H.72 (Baudette - MP 67.85),MN 72,,
MN 72: T.H.72 (Waskish - MP 40): T.H.72 (Waskish - MP 40) View 1,camera/511499/568708329,https://public.carsprogram.org/cameras/MN/C30386-v1?1791430860000,,MN 72: T.H.72 (Waskish - MP 40),MN 72,,
MN 72: T.H.72 (Waskish - MP 40): T.H.72 (Waskish - MP 40) View 2,camera/511499/2256550954,https://public.carsprogram.org/cameras/MN/C30386-v2?1791430860000,,MN 72: T.H.72 (Waskish - MP 40),MN 72,,
MN 72: T.H.72 (Waskish - MP 40): T.H.72 (Waskish - MP 40) View 3,camera/511499/4171126891,https://public.carsprogram.org/cameras/MN/C30386-v3?1791430860000,,MN 72: T.H.72 (Waskish - MP 40),MN 72,,
MN 68: T.H.68 (Milroy - MP 59.0): T.H.68 (Milroy - MP 59.0) View 1,camera/511124/3182910020,https://public.carsprogram.org/cameras/MN/C30347-v1?1791430860000,,MN 68: T.H.68 (Milroy - MP 59.0),MN 68,,
MN 68: T.H.68 (Milroy - MP 59.0): T.H.68 (Milroy - MP 59.0) View 2,camera/511124/2985555431,https://public.carsprogram.org/cameras/MN/C30347-v2?1791430860000,,MN 68: T.H.68 (Milroy - MP 59.0),MN 68,,
MN 68: T.H.68 (Milroy - MP 59.0): T.H.68 (Milroy - MP 59.0) View 3,camera/511124/2776006150,https://public.carsprogram.org/cameras/MN/C30347-v3?1791430860000,,MN 68: T.H.68 (Milroy - MP 59.0),MN 68,,
MN 68: T.H.68 (Taunton - MP 22.9): T.H.68 (Taunton - MP 22.9) View 1,camera/510987/3281317846,https://public.carsprogram.org/cameras/MN/C30348-v1?1791430860000,,MN 68: T.H.68 (Taunton - MP 22.9),MN 68,,
MN 68: T.H.68 (Taunton - MP 22.9): T.H.68 (Taunton - MP 22.9) View 2,camera/510987/2332772053,https://public.carsprogram.org/cameras/MN/C30348-v2?1791430860000,,MN 68: T.H.68 (Taunton - MP 22.9),MN 68,,
MN 68: T.H.68 (Taunton - MP 22.9): T.H.68 (Taunton - MP 22.9) View 3,camera/510987/3360915796,https://public.carsprogram.org/cameras/MN/C30348-v3?1791430860000,,MN 68: T.H.68 (Taunton - MP 22.9),MN 68,,
MN 65: T.H.65 (Buck Lake - MP 192.9): T.H.65 (Buck Lake - MP 192.9) View 1,camera/510742/674837382,https://public.carsprogram.org/cameras/MN/C30437-v1?1791430860000,,MN 65: T.H.65 (Buck Lake - MP 192.9),MN 65,,
MN 65: T.H.65 (Buck Lake - MP 192.9): T.H.65 (Buck Lake - MP 192.9) View 2,camera/510742/3979729381,https://public.carsprogram.org/cameras/MN/C30437-v2?1791430860000,,MN 65: T.H.65 (Buck Lake - MP 192.9),MN 65,,
MN 65: T.H.65 (Buck Lake - MP 192.9): T.H.65 (Buck Lake - MP 192.9) View 3,camera/510742/2804321988,https://public.carsprogram.org/cameras/MN/C30437-v3?1791430860000,,MN 65: T.H.65 (Buck Lake - MP 192.9),MN 65,,
MN 65: T.H.65 (Buck Lake - MP 192.9): T.H.65 (Buck Lake - MP 192.9) View 4,camera/510742/1007799843,https://public.carsprogram.org/cameras/MN/C30437-v4?1791430860000,,MN 65: T.H.65 (Buck Lake - MP 192.9),MN 65,,
MN 65: T.H.65 (Buck Lake - MP 192.9): T.H.65 (Buck Lake - MP 192.9) View 5,camera/510742/3786228226,https://public.carsprogram.org/cameras/MN/C30437-v5?1791430860000,,MN 65: T.H.65 (Buck Lake - MP 192.9),MN 65,,
MN 65: T.H.65 (Jacobson - MP 145): T.H.65 (Jacobson - MP 145) View 1,camera/510932/799741328,https://public.carsprogram.org/cameras/MN/C30384-v1?1791430860000,,MN 65: T.H.65 (Jacobson - MP 145),MN 65,,
MN 65: T.H.65 (Jacobson - MP 145): T.H.65 (Jacobson - MP 145) View 2,camera/510932/2926331411,https://public.carsprogram.org/cameras/MN/C30384-v2?1791430860000,,MN 65: T.H.65 (Jacobson - MP 145),MN 65,,
MN 65: T.H.65 (Jacobson - MP 145): T.H.65 (Jacobson - MP 145) View 3,camera/510932/2942703634,https://public.carsprogram.org/cameras/MN/C30384-v3?1791430860000,,MN 65: T.H.65 (Jacobson - MP 145),MN 65,,
MN 65: T.H.65 (McGrath - MP 98): T.H.65 (McGrath - MP 98) View 1,camera/508819/2585822992,https://public.carsprogram.org/cameras/MN/C30383-v1?1791430860000,,MN 65: T.H.65 (McGrath - MP 98),MN 65,,
MN 65: T.H.65 (McGrath - MP 98): T.H.65 (McGrath - MP 98) View 2,camera/508819/1120472147,https://public.carsprogram.org/cameras/MN/C30383-v2?1791430860000,,MN 65: T.H.65 (McGrath - MP 98),MN 65,,
MN 65: T.H.65 (McGrath - MP 98): T.H.65 (McGrath - MP 98) View 3,camera/508819/3929354002,https://public.carsprogram.org/cameras/MN/C30383-v3?1791430860000,,MN 65: T.H.65 (McGrath - MP 98),MN 65,,
MN 65: T.H.65 NB @ C.S.A.H.24 (237th Av),camera/510959/4136196501,https://public.carsprogram.org/cameras/MN/C1503,https://video.dot.state.mn.us/public/C1503.stream/playlist.m3u8,MN 65: T.H.65 NB @ C.S.A.H.24 (237th Av),MN 65,,
MN 65: T.H.65 SB @ Co Rd 74 (221st Av),camera/511617/2781073810,https://public.carsprogram.org/cameras/MN/C1507,https://video.dot.state.mn.us/public/C1507.stream/playlist.m3u8,MN 65: T.H.65 SB @ Co Rd 74 (221st Av),MN 65,,
MN 65: T.H.65 N-S @ 213th Ave (Sims Rd/Co Rd 86),camera/511345/682916988,https://public.carsprogram.org/cameras/MN/C1502,https://video.dot.state.mn.us/public/C1502.stream/playlist.m3u8,MN 65: T.H.65 N-S @ 213th Ave (Sims Rd/Co Rd 86),MN 65,,
MN 65: T.H.65 (East Bethel - MP 25.8): T.H.65 (East Bethel - MP 25.8) View 1,camera/511168/470171415,https://public.carsprogram.org/cameras/MN/C30379-v1?1791430860000,,MN 65: T.H.65 (East Bethel - MP 25.8),MN 65,,
MN 65: T.H.65 (East Bethel - MP 25.8): T.H.65 (East Bethel - MP 25.8) View 2,camera/511168/4265683476,https://public.carsprogram.org/cameras/MN/C30379-v2?1791430860000,,MN 65: T.H.65 (East Bethel - MP 25.8),MN 65,,
MN 65: T.H.65 (East Bethel - MP 25.8): T.H.65 (East Bethel - MP 25.8) View 3,camera/511168/1153655829,https://public.carsprogram.org/cameras/MN/C30379-v3?1791430860000,,MN 65: T.H.65 (East Bethel - MP 25.8),MN 65,,
MN 65: T.H.65 SB N of Viking Blvd,camera/511346/3911435524,https://public.carsprogram.org/cameras/MN/C30058,https://video.dot.state.mn.us/public/C30058.stream/playlist.m3u8,MN 65: T.H.65 SB N of Viking Blvd,MN 65,,
MN 65: T.H.65 NB @ Viking Blvd,camera/510653/1742454526,https://public.carsprogram.org/cameras/MN/C30057,https://video.dot.state.mn.us/public/C30057.stream/playlist.m3u8,MN 65: T.H.65 NB @ Viking Blvd,MN 65,,
MN 65: T.H.65 S of Viking Blvd,camera/511438/2897836712,https://public.carsprogram.org/cameras/MN/C30056,https://video.dot.state.mn.us/public/C30056.stream/playlist.m3u8,MN 65: T.H.65 S of Viking Blvd,MN 65,,
MN 65: T.H.65 NB @ Crosstown Blvd,camera/510305/3142799766,https://public.carsprogram.org/cameras/MN/C1500,https://video.dot.state.mn.us/public/C1500.stream/playlist.m3u8,MN 65: T.H.65 NB @ Crosstown Blvd,MN 65,,
MN 65: T.H.65 NB @ Constance Blvd,camera/510811/4286638470,https://public.carsprogram.org/cameras/MN/C1499,https://video.dot.state.mn.us/public/C1499.stream/playlist.m3u8,MN 65: T.H.65 NB @ Constance Blvd,MN 65,,
MN 65: T.H.65 N-S @ 147th Ave (Andover Blvd),camera/511428/923222286,https://public.carsprogram.org/cameras/MN/C1498,https://video.dot.state.mn.us/public/C1498.stream/playlist.m3u8,MN 65: T.H.65 N-S @ 147th Ave (Andover Blvd),MN 65,,
MN 65: T.H.65 NB @ Bunker Lake Blvd,camera/510999/1846594892,https://public.carsprogram.org/cameras/MN/C1497,https://video.dot.state.mn.us/public/C1497.stream/playlist.m3u8,MN 65: T.H.65 NB @ Bunker Lake Blvd,MN 65,,
MN 65: T.H.65 SB @ 117th Ave,camera/510937/2787210034,https://public.carsprogram.org/cameras/MN/C1495,https://video.dot.state.mn.us/public/C1495.stream/playlist.m3u8,MN 65: T.H.65 SB @ 117th Ave,MN 65,,
MN 65: T.H.65 SB @ 109th Ave,camera/510980/3619553629,https://public.carsprogram.org/cameras/MN/C1494,https://video.dot.state.mn.us/public/C1494.stream/playlist.m3u8,MN 65: T.H.65 SB @ 109th Ave,MN 65,,
MN 65: T.H.65 NB @ 105th Ave,camera/511285/2504714604,https://public.carsprogram.org/cameras/MN/C1493,https://video.dot.state.mn.us/public/C1493.stream/playlist.m3u8,MN 65: T.H.65 NB @ 105th Ave,MN 65,,
MN 65: T.H.65 SB @ 99th Ave,camera/510528/974608421,https://public.carsprogram.org/cameras/MN/C1492,https://video.dot.state.mn.us/public/C1492.stream/playlist.m3u8,MN 65: T.H.65 SB @ 99th Ave,MN 65,,
MN 65: T.H.65 N-S @ 93rd Ln (Clover Leaf Pkwy),camera/510934/3771339055,https://public.carsprogram.org/cameras/MN/C1491,https://video.dot.state.mn.us/public/C1491.stream/playlist.m3u8,MN 65: T.H.65 N-S @ 93rd Ln (Clover Leaf Pkwy),MN 65,,
MN 65: T.H.65 NB @ 85th Ave NE,camera/510426/3604472862,https://public.carsprogram.org/cameras/MN/C1490,https://video.dot.state.mn.us/public/C1490.stream/playlist.m3u8,MN 65: T.H.65 NB @ 85th Ave NE,MN 65,,
MN 65: T.H.65 SB @ 81st Ave NE,camera/511351/861466876,https://public.carsprogram.org/cameras/MN/C1488,https://video.dot.state.mn.us/public/C1488.stream/playlist.m3u8,MN 65: T.H.65 SB @ 81st Ave NE,MN 65,,
MN 65: T.H.65 NB @ Osborne Rd,camera/510443/2908148616,https://public.carsprogram.org/cameras/MN/C1487,https://video.dot.state.mn.us/public/C1487.stream/playlist.m3u8,MN 65: T.H.65 NB @ Osborne Rd,MN 65,,
MN 65: T.H.65 SB @ 73rd Ave,camera/510540/3786471403,https://public.carsprogram.org/cameras/MN/C1486,https://video.dot.state.mn.us/public/C1486.stream/playlist.m3u8,MN 65: T.H.65 SB @ 73rd Ave,MN 65,,
MN 65: T.H.65 NB @ Mississippi St,camera/511366/2388396124,https://public.carsprogram.org/cameras/MN/C1485,https://video.dot.state.mn.us/public/C1485.stream/playlist.m3u8,MN 65: T.H.65 NB @ Mississippi St,MN 65,,
MN 65: T.H.65 SB @ Medtronic Pkwy,camera/510889/3356841503,https://public.carsprogram.org/cameras/MN/C1483,https://video.dot.state.mn.us/public/C1483.stream/playlist.m3u8,MN 65: T.H.65 SB @ Medtronic Pkwy,MN 65,,
MN 65: T.H.65 SB @ 53rd Ave,camera/510358/2150160873,https://public.carsprogram.org/cameras/MN/C1482,https://video.dot.state.mn.us/public/C1482.stream/playlist.m3u8,MN 65: T.H.65 SB @ 53rd Ave,MN 65,,
MN 65: T.H.65 SB @ 52nd Ave,camera/508808/674279636,https://public.carsprogram.org/cameras/MN/C1481,https://video.dot.state.mn.us/public/C1481.stream/playlist.m3u8,MN 65: T.H.65 SB @ 52nd Ave,MN 65,,
MN 65: T.H.65 SB @ 50th Ave,camera/511251/3618872320,https://public.carsprogram.org/cameras/MN/C1480,https://video.dot.state.mn.us/public/C1480.stream/playlist.m3u8,MN 65: T.H.65 SB @ 50th Ave,MN 65,,
MN 65: T.H.65 SB @ 49th Ave,camera/510524/331946728,https://public.carsprogram.org/cameras/MN/C1479,https://video.dot.state.mn.us/public/C1479.stream/playlist.m3u8,MN 65: T.H.65 SB @ 49th Ave,MN 65,,
MN 65: T.H.65 NB @ 47th Ave,camera/511073/2689769115,https://public.carsprogram.org/cameras/MN/C1478,https://video.dot.state.mn.us/public/C1478.stream/playlist.m3u8,MN 65: T.H.65 NB @ 47th Ave,MN 65,,
MN 65: T.H.65 NB @ 45th Ave,camera/508793/2239918425,https://public.carsprogram.org/cameras/MN/C1477,https://video.dot.state.mn.us/public/C1477.stream/playlist.m3u8,MN 65: T.H.65 NB @ 45th Ave,MN 65,,
MN 65: T.H.65 SB @ 44th Ave,camera/511535/1530680005,https://public.carsprogram.org/cameras/MN/C1476,https://video.dot.state.mn.us/public/C1476.stream/playlist.m3u8,MN 65: T.H.65 SB @ 44th Ave,MN 65,,
MN 65: T.H.65 SB @ 41st Ave,camera/510518/2807490939,https://public.carsprogram.org/cameras/MN/C1475,https://video.dot.state.mn.us/public/C1475.stream/playlist.m3u8,MN 65: T.H.65 SB @ 41st Ave,MN 65,,
MN 65: T.H.65 NB @ 40th Ave,camera/511333/133786492,https://public.carsprogram.org/cameras/MN/C1474,https://video.dot.state.mn.us/public/C1474.stream/playlist.m3u8,MN 65: T.H.65 NB @ 40th Ave,MN 65,,
MN 64: T.H.64 (Chamberlain - MP 42): T.H.64 (Chamberlain - MP 42) View 1,camera/511208/3761674216,https://public.carsprogram.org/cameras/MN/C30382-v1?1791430860000,,MN 64: T.H.64 (Chamberlain - MP 42),MN 64,,
MN 64: T.H.64 (Chamberlain - MP 42): T.H.64 (Chamberlain - MP 42) View 2,camera/511208/2847840811,https://public.carsprogram.org/cameras/MN/C30382-v2?1791430860000,,MN 64: T.H.64 (Chamberlain - MP 42),MN 64,,
MN 64: T.H.64 (Chamberlain - MP 42): T.H.64 (Chamberlain - MP 42) View 3,camera/511208/1760190698,https://public.carsprogram.org/cameras/MN/C30382-v3?1791430860000,,MN 64: T.H.64 (Chamberlain - MP 42),MN 64,,
MN 62: I-494 WB @ T.H.62,camera/510658/3370451605,https://public.carsprogram.org/cameras/MN/C409,https://video.dot.state.mn.us/public/C409.stream/playlist.m3u8,MN 62: I-494 WB @ T.H.62,MN 62,45.9896587,-94.6113288
MN 62: T.H.62 EB @ Mendota Rd,camera/511133/2430384116,https://public.carsprogram.org/cameras/MN/C1117,https://video.dot.state.mn.us/public/C1117.stream/playlist.m3u8,MN 62: T.H.62 EB @ Mendota Rd,MN 62,,
MN 62: T.H.62 EB @ Delaware Ave,camera/510342/463390853,https://public.carsprogram.org/cameras/MN/C1116,https://video.dot.state.mn.us/public/C1116.stream/playlist.m3u8,MN 62: T.H.62 EB @ Delaware Ave,MN 62,,
MN 62: I-35E SB @ T.H.62,camera/508721/4101784747,https://public.carsprogram.org/cameras/MN/C023,https://video.dot.state.mn.us/public/C023.stream/playlist.m3u8,MN 62: I-35E SB @ T.H.62,MN 62,45.9896587,-94.6113288
MN 62: T.H.62 EB @ Lexington Ave,camera/510725/1968463820,https://public.carsprogram.org/cameras/MN/C30529,https://video.dot.state.mn.us/public/C30529.stream/playlist.m3u8,MN 62: T.H.62 EB @ Lexington Ave,MN 62,,
MN 62: T.H.62 EB @ T.H.55,camera/511180/1356894310,https://public.carsprogram.org/cameras/MN/C104,https://video.dot.state.mn.us/public/C104.stream/playlist.m3u8,MN 62: T.H.62 EB @ T.H.55,MN 62,45.9896587,-94.6113288
MN 62: T.H.62 WB @ T.H.5,camera/510992/4159605697,https://public.carsprogram.org/cameras/MN/C105,https://video.dot.state.mn.us/public/C105.stream/playlist.m3u8,MN 62: T.H.62 WB @ T.H.5,MN 62,45.9896587,-94.6113288
MN 62: T.H.62 EB @ Bloomington Rd,camera/510436/4001808218,https://public.carsprogram.org/cameras/MN/C30598,https://video.dot.state.mn.us/public/C30598.stream/playlist.m3u8,MN 62: T.H.62 EB @ Bloomington Rd,MN 62,,
MN 62: T.H.62 WB @ 43rd Ave,camera/510803/4213258187,https://public.carsprogram.org/cameras/MN/C107,https://video.dot.state.mn.us/public/C107.stream/playlist.m3u8,MN 62: T.H.62 WB @ 43rd Ave,MN 62,,
MN 62: T.H.62 WB @ 28th Ave,camera/511234/593555500,https://public.carsprogram.org/cameras/MN/C108,https://video.dot.state.mn.us/public/C108.stream/playlist.m3u8,MN 62: T.H.62 WB @ 28th Ave,MN 62,,
MN 62: T.H.62 EB @ T.H.77,camera/510515/3381002278,https://public.carsprogram.org/cameras/MN/C513,https://video.dot.state.mn.us/public/C513.stream/playlist.m3u8,MN 62: T.H.62 EB @ T.H.77,MN 62,45.9896587,-94.6113288
MN 62: T.H.62 WB @ Bloomington Ave,camera/510331/3239757196,https://public.carsprogram.org/cameras/MN/C109,https://video.dot.state.mn.us/public/C109.stream/playlist.m3u8,MN 62: T.H.62 WB @ Bloomington Ave,MN 62,,
MN 62: T.H.62 EB E of Portland Ave,camera/508644/2847496090,https://public.carsprogram.org/cameras/MN/C30693,https://video.dot.state.mn.us/public/C30693.stream/playlist.m3u8,MN 62: T.H.62 EB E of Portland Ave,MN 62,,
MN 62: T.H.62 WB @ Portland Ave,camera/510575/752249476,https://public.carsprogram.org/cameras/MN/C30499,https://video.dot.state.mn.us/public/C30499.stream/playlist.m3u8,MN 62: T.H.62 WB @ Portland Ave,MN 62,,
MN 62: T.H.62 EB @ Portland Ave,camera/510434/2157083094,https://public.carsprogram.org/cameras/MN/C110,https://video.dot.state.mn.us/public/C110.stream/playlist.m3u8,MN 62: T.H.62 EB @ Portland Ave,MN 62,,
MN 62: I-35W NB E Jct T.H.62,camera/511508/2864886204,https://public.carsprogram.org/cameras/MN/C616,https://video.dot.state.mn.us/public/C616.stream/playlist.m3u8,MN 62: I-35W NB E Jct T.H.62,MN 62,45.9896587,-94.6113288
MN 62: T.H.62 EB @ I-35W,camera/510800/4223833039,https://public.carsprogram.org/cameras/MN/C111,https://video.dot.state.mn.us/public/C111.stream/playlist.m3u8,MN 62: T.H.62 EB @ I-35W,MN 62,45.9896587,-94.6113288
MN 62: T.H.62 EB E of Penn Ave,camera/511386/4060677137,https://public.carsprogram.org/cameras/MN/C113,https://video.dot.state.mn.us/public/C113.stream/playlist.m3u8,MN 62: T.H.62 EB E of Penn Ave,MN 62,,
MN 62: T.H.62 WB @ Penn Ave,camera/510782/191676975,https://public.carsprogram.org/cameras/MN/C114,https://video.dot.state.mn.us/public/C114.stream/playlist.m3u8,MN 62: T.H.62 WB @ Penn Ave,MN 62,,
MN 62: T.H.62 WB @ Xerxes Ave,camera/510439/211169499,https://public.carsprogram.org/cameras/MN/C115,https://video.dot.state.mn.us/public/C115.stream/playlist.m3u8,MN 62: T.H.62 WB @ Xerxes Ave,MN 62,,
MN 62: T.H.62 EB @ France Ave,camera/511054/1197844533,https://public.carsprogram.org/cameras/MN/C116,https://video.dot.state.mn.us/public/C116.stream/playlist.m3u8,MN 62: T.H.62 EB @ France Ave,MN 62,,
MN 62: T.H.62 EB E of T.H.100,camera/508768/909261115,https://public.carsprogram.org/cameras/MN/C30482,https://video.dot.state.mn.us/public/C30482.stream/playlist.m3u8,MN 62: T.H.62 EB E of T.H.100,MN 62,45.9896587,-94.6113288
MN 62: T.H.62 WB E of Tracy Ave,camera/510680/2712419723,https://public.carsprogram.org/cameras/MN/C30694,https://video.dot.state.mn.us/public/C30694.stream/playlist.m3u8,MN 62: T.H.62 WB E of Tracy Ave,MN 62,,
MN 62: T.H.62 EB @ Tracy Ave,camera/511604/2651909173,https://public.carsprogram.org/cameras/MN/C118,https://video.dot.state.mn.us/public/C118.stream/playlist.m3u8,MN 62: T.H.62 EB @ Tracy Ave,MN 62,,
MN 62: T.H.62 EB @ Gleason Rd,camera/510723/3914638801,https://public.carsprogram.org/cameras/MN/C119,https://video.dot.state.mn.us/public/C119.stream/playlist.m3u8,MN 62: T.H.62 EB @ Gleason Rd,MN 62,,
MN 62: T.H.62 WB E of Shady Oak Rd,camera/511003/61520784,https://public.carsprogram.org/cameras/MN/C121,https://video.dot.state.mn.us/public/C121.stream/playlist.m3u8,MN 62: T.H.62 WB E of Shady Oak Rd,MN 62,,
MN 62: T.H.62 EB @ Shady Oak Rd,camera/510620/1584361998,https://public.carsprogram.org/cameras/MN/C30750,https://video.dot.state.mn.us/public/C30750.stream/playlist.m3u8,MN 62: T.H.62 EB @ Shady Oak Rd,MN 62,,
MN 62: T.H.62 EB E of Clearwater Dr,camera/511211/3018973772,https://public.carsprogram.org/cameras/MN/C122,https://video.dot.state.mn.us/public/C122.stream/playlist.m3u8,MN 62: T.H.62 EB E of Clearwater Dr,MN 62,,
MN 61: T.H.61 (Grand Portage - MP 146): T.H.61 (Grand Portage - MP 146) View 1,camera/511274/878298564,https://public.carsprogram.org/cameras/MN/C30381-v1?1791430860000,,MN 61: T.H.61 (Grand Portage - MP 146),MN 61,,
MN 61: T.H.61 (Grand Portage - MP 146): T.H.61 (Grand Portage - MP 146) View 2,camera/511274/3468944359,https://public.carsprogram.org/cameras/MN/C30381-v2?1791430860000,,MN 61: T.H.61 (Grand Portage - MP 146),MN 61,,
MN 61: T.H.61 (Grand Portage - MP 146): T.H.61 (Grand Portage - MP 146) View 3,camera/511274/2343379462,https://public.carsprogram.org/cameras/MN/C30381-v3?1791430860000,,MN 61: T.H.61 (Grand Portage - MP 146),MN 61,,
MN 61: T.H.61 (Grand Marais - MP 110.8): T.H.61 (Grand Marais - MP 110.8) View 1,camera/510692/4172070734,https://public.carsprogram.org/cameras/MN/C30428-v1?1791430860000,,MN 61: T.H.61 (Grand Marais - MP 110.8),MN 61,,
MN 61: T.H.61 (Grand Marais - MP 110.8): T.H.61 (Grand Marais - MP 110.8) View 2,camera/510692/66429453,https://public.carsprogram.org/cameras/MN/C30428-v2?1791430860000,,MN 61: T.H.61 (Grand Marais - MP 110.8),MN 61,,
MN 61: T.H.61 (Grand Marais - MP 110.8): T.H.61 (Grand Marais - MP 110.8) View 3,camera/510692/3810158412,https://public.carsprogram.org/cameras/MN/C30428-v3?1791430860000,,MN 61: T.H.61 (Grand Marais - MP 110.8),MN 61,,
MN 61: T.H.61 (Grand Marais - MP 110.8): T.H.61 (Grand Marais - MP 110.8) View 4,camera/510692/1626383627,https://public.carsprogram.org/cameras/MN/C30428-v4?1791430860000,,MN 61: T.H.61 (Grand Marais - MP 110.8),MN 61,,
MN 61: T.H.61 (Grand Marais - MP 110.8): T.H.61 (Grand Marais - MP 110.8) View 5,camera/510692/2630920778,https://public.carsprogram.org/cameras/MN/C30428-v5?1791430860000,,MN 61: T.H.61 (Grand Marais - MP 110.8),MN 61,,
MN 61: T.H.61 @ Broadway Ave,camera/511439/4073174489,https://public.carsprogram.org/cameras/MN/C30209?1791430860000,,MN 61: T.H.61 @ Broadway Ave,MN 61,,
MN 61: T.H.61 (Schroeder - MP 78.9): T.H.61 (Schroeder - MP 78.9) View 1,camera/510735/3157357112,https://public.carsprogram.org/cameras/MN/C30436-v1?1791430860000,,MN 61: T.H.61 (Schroeder - MP 78.9),MN 61,,
MN 61: T.H.61 (Schroeder - MP 78.9): T.H.61 (Schroeder - MP 78.9) View 2,camera/510735/2791346043,https://public.carsprogram.org/cameras/MN/C30436-v2?1791430860000,,MN 61: T.H.61 (Schroeder - MP 78.9),MN 61,,
MN 61: T.H.61 (Schroeder - MP 78.9): T.H.61 (Schroeder - MP 78.9) View 3,camera/510735/4113693370,https://public.carsprogram.org/cameras/MN/C30436-v3?1791430860000,,MN 61: T.H.61 (Schroeder - MP 78.9),MN 61,,
MN 61: T.H.61 (Schroeder - MP 78.9): T.H.61 (Schroeder - MP 78.9) View 4,camera/510735/1830714365,https://public.carsprogram.org/cameras/MN/C30436-v4?1791430860000,,MN 61: T.H.61 (Schroeder - MP 78.9),MN 61,,
MN 61: T.H.61 (Schroeder - MP 78.9): T.H.61 (Schroeder - MP 78.9) View 5,camera/510735/1149167420,https://public.carsprogram.org/cameras/MN/C30436-v5?1791430860000,,MN 61: T.H.61 (Schroeder - MP 78.9),MN 61,,
MN 61: T.H.61 NB (Silver Cliff Tunnel 2),camera/510314/4203654904,https://public.carsprogram.org/cameras/MN/C61-052?1791430860000,,MN 61: T.H.61 NB (Silver Cliff Tunnel 2),MN 61,,
MN 61: T.H.61 NB (Silver Cliff Tunnel 1),camera/510990/1278743515,https://public.carsprogram.org/cameras/MN/C61-053?1791430860000,,MN 61: T.H.61 NB (Silver Cliff Tunnel 1),MN 61,,
MN 61: T.H.61 EB @ 4th St,camera/510491/4064685782,https://public.carsprogram.org/cameras/MN/C30102?1791430860000,,MN 61: T.H.61 EB @ 4th St,MN 61,45.9896587,-94.6113288
MN 60: T.H.52 SB @ T.H.60 WB (MP 78),camera/510385/955892691,https://public.carsprogram.org/cameras/MN/C30090,https://video.dot.state.mn.us/public/C30090.stream/playlist.m3u8,MN 60: T.H.52 SB @ T.H.60 WB (MP 78),MN 60,45.9896587,-94.6113288
MN 60: I-35 SB @ T.H.60 (MP 56.9),camera/511529/3110875172,https://public.carsprogram.org/cameras/MN/D6-C114,https://video.dot.state.mn.us/public/D6-C114.stream/playlist.m3u8,MN 60: I-35 SB @ T.H.60 (MP 56.9),MN 60,45.9896587,-94.6113288
MN 60: U.S.61 (Madelia - MP 86): U.S.61 (Madelia - MP 86) View 1,camera/511589/3260849486,https://public.carsprogram.org/cameras/MN/C30365-v1?1791430860000,,MN 60: U.S.61 (Madelia - MP 86),MN 60,,
MN 60: U.S.61 (Madelia - MP 86): U.S.61 (Madelia - MP 86) View 2,camera/511589/4067925325,https://public.carsprogram.org/cameras/MN/C30365-v2?1791430860000,,MN 60: U.S.61 (Madelia - MP 86),MN 60,,
MN 60: U.S.61 (Madelia - MP 86): U.S.61 (Madelia - MP 86) View 3,camera/511589/360072012,https://public.carsprogram.org/cameras/MN/C30365-v3?1791430860000,,MN 60: U.S.61 (Madelia - MP 86),MN 60,,
MN 60: U.S.61 (Madelia - MP 86): U.S.61 (Madelia - MP 86) View 4,camera/511589/3905611339,https://public.carsprogram.org/cameras/MN/C30365-v4?1791430860000,,MN 60: U.S.61 (Madelia - MP 86),MN 60,,
MN 60: T.H.60 (Mountain Lake - MP 48.2): T.H.60 (Mountain Lake - MP 48.2) View 1,camera/510390/1965451274,https://public.carsprogram.org/cameras/MN/C30342-v1?1791430860000,,MN 60: T.H.60 (Mountain Lake - MP 48.2),MN 60,,
MN 60: T.H.60 (Mountain Lake - MP 48.2): T.H.60 (Mountain Lake - MP 48.2) View 2,camera/510390/3847110921,https://public.carsprogram.org/cameras/MN/C30342-v2?1791430860000,,MN 60: T.H.60 (Mountain Lake - MP 48.2),MN 60,,
MN 60: T.H.60 (Mountain Lake - MP 48.2): T.H.60 (Mountain Lake - MP 48.2) View 3,camera/510390/3204417032,https://public.carsprogram.org/cameras/MN/C30342-v3?1791430860000,,MN 60: T.H.60 (Mountain Lake - MP 48.2),MN 60,,
MN 60: T.H.60 (Mountain Lake - MP 48.2): T.H.60 (Mountain Lake - MP 48.2) View 4,camera/510390/1043044367,https://public.carsprogram.org/cameras/MN/C30342-v4?1791430860000,,MN 60: T.H.60 (Mountain Lake - MP 48.2),MN 60,,
MN 58: T.H.52 SB @ T.H.58 (MP 77),camera/509439/2390541378,https://public.carsprogram.org/cameras/MN/C30089,https://video.dot.state.mn.us/public/C30089.stream/playlist.m3u8,MN 58: T.H.52 SB @ T.H.58 (MP 77),MN 58,45.9896587,-94.6113288
MN 55: T.H.55 WB @ Pine St SB,camera/508638/2699332872,https://public.carsprogram.org/cameras/MN/C30097,https://video.dot.state.mn.us/public/C30097.stream/playlist.m3u8,MN 55: T.H.55 WB @ Pine St SB,MN 55,,
MN 55: T.H.55 WB @ River St SB,camera/511153/1747086208,https://public.carsprogram.org/cameras/MN/C30098,https://video.dot.state.mn.us/public/C30098.stream/playlist.m3u8,MN 55: T.H.55 WB @ River St SB,MN 55,,
MN 55: T.H.55 WB @ Westview Dr NB,camera/511392/104229070,https://public.carsprogram.org/cameras/MN/C30099,https://video.dot.state.mn.us/public/C30099.stream/playlist.m3u8,MN 55: T.H.55 WB @ Westview Dr NB,MN 55,,
MN 55: T.H.55 EB @ Pleasant Dr NB,camera/508757/3258408116,https://public.carsprogram.org/cameras/MN/C30100,https://video.dot.state.mn.us/public/C30100.stream/playlist.m3u8,MN 55: T.H.55 EB @ Pleasant Dr NB,MN 55,,
MN 55: T.H.55 EB @ General Sieben Dr NB,camera/511028/361582212,https://public.carsprogram.org/cameras/MN/C30101,https://video.dot.state.mn.us/public/C30101.stream/playlist.m3u8,MN 55: T.H.55 EB @ General Sieben Dr NB,MN 55,,
MN 55: T.H.55 WB @ Jacob Ave (MP 217.80),camera/510337/1928777013,https://public.carsprogram.org/cameras/MN/C30646,https://video.dot.state.mn.us/public/C30646.stream/playlist.m3u8,MN 55: T.H.55 WB @ Jacob Ave (MP 217.80),MN 55,,
MN 55: T.H.55 WB @ Goodwin Ave (MP 215.31),camera/511152/3500822667,https://public.carsprogram.org/cameras/MN/C30645,https://video.dot.state.mn.us/public/C30645.stream/playlist.m3u8,MN 55: T.H.55 WB @ Goodwin Ave (MP 215.31),MN 55,,
MN 55: T.H.55 WB E of Co Rd 42 (MP 213.68),camera/511025/1948749648,https://public.carsprogram.org/cameras/MN/C30644,https://video.dot.state.mn.us/public/C30644.stream/playlist.m3u8,MN 55: T.H.55 WB E of Co Rd 42 (MP 213.68),MN 55,45.9896587,-94.6113288
MN 55: T.H.55 WB @ Doyle Path (MP 212.2),camera/511415/644029547,https://public.carsprogram.org/cameras/MN/C30643,https://video.dot.state.mn.us/public/C30643.stream/playlist.m3u8,MN 55: T.H.55 WB @ Doyle Path (MP 212.2),MN 55,,
MN 55: T.H.52 SB @ T.H.55,camera/511480/1435116595,https://public.carsprogram.org/cameras/MN/C550,https://video.dot.state.mn.us/public/C550.stream/playlist.m3u8,MN 55: T.H.52 SB @ T.H.55,MN 55,45.9896587,-94.6113288
MN 55: T.H.55 EB @ Argenta Tr,camera/511252/492876626,https://public.carsprogram.org/cameras/MN/C101,https://video.dot.state.mn.us/public/C101.stream/playlist.m3u8,MN 55: T.H.55 EB @ Argenta Tr,MN 55,,
MN 55: T.H.149 SB S Jct T.H.55,camera/510613/4228758982,https://public.carsprogram.org/cameras/MN/C4949,https://video.dot.state.mn.us/public/C4949.stream/playlist.m3u8,MN 55: T.H.149 SB S Jct T.H.55,MN 55,45.9896587,-94.6113288
MN 55: T.H.55 EB @ Lone Oak Rd,camera/510673/1274251525,https://public.carsprogram.org/cameras/MN/C30541,https://video.dot.state.mn.us/public/C30541.stream/playlist.m3u8,MN 55: T.H.55 EB @ Lone Oak Rd,MN 55,,
MN 55: T.H.149 SB N Jct T.H.55,camera/510724/2794766267,https://public.carsprogram.org/cameras/MN/C4950,https://video.dot.state.mn.us/public/C4950.stream/playlist.m3u8,MN 55: T.H.149 SB N Jct T.H.55,MN 55,45.9896587,-94.6113288
MN 55: T.H.55 EB @ Lexington Ave,camera/511524/1856773992,https://public.carsprogram.org/cameras/MN/C102,https://video.dot.state.mn.us/public/C102.stream/playlist.m3u8,MN 55: T.H.55 EB @ Lexington Ave,MN 55,,
MN 55: T.H.55 WB @ Mendota Heights Rd,camera/508769/659031406,https://public.carsprogram.org/cameras/MN/C103,https://video.dot.state.mn.us/public/C103.stream/playlist.m3u8,MN 55: T.H.55 WB @ Mendota Heights Rd,MN 55,,
MN 55: T.H.62 WB @ T.H.55,camera/510425/95284532,https://public.carsprogram.org/cameras/MN/C106,https://video.dot.state.mn.us/public/C106.stream/playlist.m3u8,MN 55: T.H.62 WB @ T.H.55,MN 55,45.9896587,-94.6113288
MN 55: I-35W NB @ Hiawatha Ave,camera/510444/208431141,https://public.carsprogram.org/cameras/MN/C626,https://video.dot.state.mn.us/public/C626.stream/playlist.m3u8,MN 55: I-35W NB @ Hiawatha Ave,MN 55,,
MN 55: T.H.55 WB @ Theodore Wirth Pkwy,camera/511141/2520349475,https://public.carsprogram.org/cameras/MN/C1546,https://video.dot.state.mn.us/public/C1546.stream/playlist.m3u8,MN 55: T.H.55 WB @ Theodore Wirth Pkwy,MN 55,,
MN 55: T.H.55 WB @ Meadow Ln,camera/510461/1774204091,https://public.carsprogram.org/cameras/MN/C1545,https://video.dot.state.mn.us/public/C1545.stream/playlist.m3u8,MN 55: T.H.55 WB @ Meadow Ln,MN 55,,
MN 55: T.H.55 WB @ Schaper Rd,camera/511186/2681798660,https://public.carsprogram.org/cameras/MN/C1544,https://video.dot.state.mn.us/public/C1544.stream/playlist.m3u8,MN 55: T.H.55 WB @ Schaper Rd,MN 55,,
MN 55: T.H.55 WB W of T.H.100,camera/510679/3198509151,https://public.carsprogram.org/cameras/MN/C1218,https://video.dot.state.mn.us/public/C1218.stream/playlist.m3u8,MN 55: T.H.55 WB W of T.H.100,MN 55,45.9896587,-94.6113288
MN 55: T.H.55 WB @ Douglas Dr,camera/508648/2316908381,https://public.carsprogram.org/cameras/MN/C5533,https://video.dot.state.mn.us/public/C5533.stream/playlist.m3u8,MN 55: T.H.55 WB @ Douglas Dr,MN 55,,
MN 55: T.H.55 WB @ Glenwood Ave,camera/511581/2033458317,https://public.carsprogram.org/cameras/MN/C1543,https://video.dot.state.mn.us/public/C1543.stream/playlist.m3u8,MN 55: T.H.55 WB @ Glenwood Ave,MN 55,,
MN 55: T.H.55 EB @ Rhode Island Ave,camera/510516/4086441029,https://public.carsprogram.org/cameras/MN/C1542,https://video.dot.state.mn.us/public/C1542.stream/playlist.m3u8,MN 55: T.H.55 EB @ Rhode Island Ave,MN 55,,
MN 55: T.H.55 WB @ Winnetka Ave,camera/508858/392400123,https://public.carsprogram.org/cameras/MN/C5530,https://video.dot.state.mn.us/public/C5530.stream/playlist.m3u8,MN 55: T.H.55 WB @ Winnetka Ave,MN 55,,
MN 55: T.H.55 WB @ Boone Ave (General Mills Blvd),camera/511260/1722527787,https://public.carsprogram.org/cameras/MN/C1541,https://video.dot.state.mn.us/public/C1541.stream/playlist.m3u8,MN 55: T.H.55 WB @ Boone Ave (General Mills Blvd),MN 55,,
MN 55: U.S.169 NB @ T.H.55,camera/511442/4161351693,https://public.carsprogram.org/cameras/MN/C329,https://video.dot.state.mn.us/public/C329.stream/playlist.m3u8,MN 55: U.S.169 NB @ T.H.55,MN 55,45.9896587,-94.6113288
MN 55: T.H.55 WB @ Revere Ln,camera/510627/1736092189,https://public.carsprogram.org/cameras/MN/C1540,https://video.dot.state.mn.us/public/C1540.stream/playlist.m3u8,MN 55: T.H.55 WB @ Revere Ln,MN 55,,
MN 55: T.H.55 WB @ South Shore Dr,camera/511322/2316609708,https://public.carsprogram.org/cameras/MN/C1539,https://video.dot.state.mn.us/public/C1539.stream/playlist.m3u8,MN 55: T.H.55 WB @ South Shore Dr,MN 55,,
MN 55: T.H.55 WB @ W Medicine Lake Dr,camera/510347/3563042314,https://public.carsprogram.org/cameras/MN/C5525,https://video.dot.state.mn.us/public/C5525.stream/playlist.m3u8,MN 55: T.H.55 WB @ W Medicine Lake Dr,MN 55,,
MN 55: T.H.55 EB @ Co Rd 6,camera/508719/3738672018,https://public.carsprogram.org/cameras/MN/C1538,https://video.dot.state.mn.us/public/C1538.stream/playlist.m3u8,MN 55: T.H.55 EB @ Co Rd 6,MN 55,45.9896587,-94.6113288
MN 55: T.H.55 WB @ Industrial Park Blvd,camera/511270/1824051871,https://public.carsprogram.org/cameras/MN/C5523,https://video.dot.state.mn.us/public/C5523.stream/playlist.m3u8,MN 55: T.H.55 WB @ Industrial Park Blvd,MN 55,,
MN 55: T.H.55 EB @ Xenium Ln (Northwest Blvd),camera/511013/1434555033,https://public.carsprogram.org/cameras/MN/C1537,https://video.dot.state.mn.us/public/C1537.stream/playlist.m3u8,MN 55: T.H.55 EB @ Xenium Ln (Northwest Blvd),MN 55,,
MN 55: I-494 NB @ T.H.55 EB,camera/511136/2719052783,https://public.carsprogram.org/cameras/MN/C30530,https://video.dot.state.mn.us/public/C30530.stream/playlist.m3u8,MN 55: I-494 NB @ T.H.55 EB,MN 55,45.9896587,-94.6113288
MN 55: I-494 SB @ T.H.55 EB,camera/511556/659358066,https://public.carsprogram.org/cameras/MN/C1438,https://video.dot.state.mn.us/public/C1438.stream/playlist.m3u8,MN 55: I-494 SB @ T.H.55 EB,MN 55,45.9896587,-94.6113288
MN 55: T.H.55 EB @ Fernbrook Ln,camera/511539/3644595896,https://public.carsprogram.org/cameras/MN/C1535,https://video.dot.state.mn.us/public/C1535.stream/playlist.m3u8,MN 55: T.H.55 EB @ Fernbrook Ln,MN 55,,
MN 55: T.H.55 WB @ Niagara Ln,camera/511220/741718013,https://public.carsprogram.org/cameras/MN/C30528,https://video.dot.state.mn.us/public/C30528.stream/playlist.m3u8,MN 55: T.H.55 WB @ Niagara Ln,MN 55,,
MN 55: T.H.55 EB @ Vicksburg Ln,camera/511493/434124218,https://public.carsprogram.org/cameras/MN/C1534,https://video.dot.state.mn.us/public/C1534.stream/playlist.m3u8,MN 55: T.H.55 EB @ Vicksburg Ln,MN 55,,
MN 55: T.H.55 WB @ Rockford Rd,camera/510655/3649554576,https://public.carsprogram.org/cameras/MN/C1533,https://video.dot.state.mn.us/public/C1533.stream/playlist.m3u8,MN 55: T.H.55 WB @ Rockford Rd,MN 55,,
MN 55: T.H.55 EB @ Peony Ln (CR-101 South),camera/508861/1280241513,https://public.carsprogram.org/cameras/MN/C1532,https://video.dot.state.mn.us/public/C1532.stream/playlist.m3u8,MN 55: T.H.55 EB @ Peony Ln (CR-101 South),MN 55,,
MN 55: T.H.55 WB @ Sioux Dr (CR-101 North),camera/510429/586552640,https://public.carsprogram.org/cameras/MN/C1531,https://video.dot.state.mn.us/public/C1531.stream/playlist.m3u8,MN 55: T.H.55 WB @ Sioux Dr (CR-101 North),MN 55,,
MN 55: T.H.55 WB @ Clydesdale Tr,camera/508620/2708316418,https://public.carsprogram.org/cameras/MN/C5520,https://video.dot.state.mn.us/public/C5520.stream/playlist.m3u8,MN 55: T.H.55 WB @ Clydesdale Tr,MN 55,,
MN 55: T.H.55 EB @ Pinto Dr,camera/510829/3761365380,https://public.carsprogram.org/cameras/MN/C1530,https://video.dot.state.mn.us/public/C1530.stream/playlist.m3u8,MN 55: T.H.55 EB @ Pinto Dr,MN 55,,
MN 55: T.H.55 EB @ Arrowhead Dr,camera/510579/3148039033,https://public.carsprogram.org/cameras/MN/C1529,https://video.dot.state.mn.us/public/C1529.stream/playlist.m3u8,MN 55: T.H.55 EB @ Arrowhead Dr,MN 55,,
MN 55: T.H.55 WB @ Willow Dr,camera/508649/4085412412,https://public.carsprogram.org/cameras/MN/C30532?1791430860000,,MN 55: T.H.55 WB @ Willow Dr,MN 55,,
MN 55: T.H.55 EB @ C.S.A.H.19,camera/508832/978288207,https://public.carsprogram.org/cameras/MN/C30533?1791430860000,,MN 55: T.H.55 EB @ C.S.A.H.19,MN 55,45.9896587,-94.6113288
MN 55: T.H.55 EB @ T.H.25 NB,camera/510459/4112672841,https://public.carsprogram.org/cameras/MN/C30017?1791430860000,,MN 55: T.H.55 EB @ T.H.25 NB,MN 55,45.9896587,-94.6113288
MN 55: T.H.55 (Regal - 98): T.H.55 (Regal - 98) View 1,camera/511257/942638421,https://public.carsprogram.org/cameras/MN/C30363-v1?1791430860000,,MN 55: T.H.55 (Regal - 98),MN 55,,
MN 55: T.H.55 (Regal - 98): T.H.55 (Regal - 98) View 2,camera/511257/2563090358,https://public.carsprogram.org/cameras/MN/C30363-v2?1791430860000,,MN 55: T.H.55 (Regal - 98),MN 55,,
MN 55: T.H.55 (Regal - 98): T.H.55 (Regal - 98) View 3,camera/511257/70899607,https://public.carsprogram.org/cameras/MN/C30363-v3?1791430860000,,MN 55: T.H.55 (Regal - 98),MN 55,,
MN 51: T.H.51 @ Co Rd E,camera/509710/166241634,https://public.carsprogram.org/cameras/MN/C30540?1791430860000,,MN 51: T.H.51 @ Co Rd E,MN 51,45.9896587,-94.6113288
MN 51: T.H.51 SB @ Lydia Ave,camera/510883/2477080423,https://public.carsprogram.org/cameras/MN/C5158,https://video.dot.state.mn.us/public/C5158.stream/playlist.m3u8,MN 51: T.H.51 SB @ Lydia Ave,MN 51,,
MN 51: T.H.51 NB @ Co Rd C2,camera/511374/2853889242,https://public.carsprogram.org/cameras/MN/C5157,https://video.dot.state.mn.us/public/C5157.stream/playlist.m3u8,MN 51: T.H.51 NB @ Co Rd C2,MN 51,45.9896587,-94.6113288
MN 51: T.H.51 NB @ Co Rd C,camera/510406/3291106184,https://public.carsprogram.org/cameras/MN/C5156,https://video.dot.state.mn.us/public/C5156.stream/playlist.m3u8,MN 51: T.H.51 NB @ Co Rd C,MN 51,45.9896587,-94.6113288
MN 51: T.H.36 WB @ Snelling Ave,camera/510492/667707587,https://public.carsprogram.org/cameras/MN/C002,https://video.dot.state.mn.us/public/C002.stream/playlist.m3u8,MN 51: T.H.36 WB @ Snelling Ave,MN 51,,
MN 51: T.H.51 SB @ Co Rd B,camera/511005/2560860276,https://public.carsprogram.org/cameras/MN/C5155,https://video.dot.state.mn.us/public/C5155.stream/playlist.m3u8,MN 51: T.H.51 SB @ Co Rd B,MN 51,45.9896587,-94.6113288
MN 51: T.H.51 SB (Har-Mar),camera/510498/3744098021,https://public.carsprogram.org/cameras/MN/C5154,https://video.dot.state.mn.us/public/C5154.stream/playlist.m3u8,MN 51: T.H.51 SB (Har-Mar),MN 51,,
MN 51: T.H.51 NB @ Roselawn Ave,camera/511327/3616385596,https://public.carsprogram.org/cameras/MN/C5153,https://video.dot.state.mn.us/public/C5153.stream/playlist.m3u8,MN 51: T.H.51 NB @ Roselawn Ave,MN 51,,
MN 51: T.H.51 NB @ Larpenteur Ave,camera/511379/2624899409,https://public.carsprogram.org/cameras/MN/C5152,https://video.dot.state.mn.us/public/C5152.stream/playlist.m3u8,MN 51: T.H.51 NB @ Larpenteur Ave,MN 51,,
MN 51: T.H.51 NB @ Hoyt Ave,camera/508713/571104809,https://public.carsprogram.org/cameras/MN/C5151,https://video.dot.state.mn.us/public/C5151.stream/playlist.m3u8,MN 51: T.H.51 NB @ Hoyt Ave,MN 51,,
MN 51: T.H.51 SB @ Midway Pkwy,camera/510756/1796002934,https://public.carsprogram.org/cameras/MN/C5150,https://video.dot.state.mn.us/public/C5150.stream/playlist.m3u8,MN 51: T.H.51 SB @ Midway Pkwy,MN 51,,
MN 48: I-35 NB @ T.H.48,camera/511323/1855134683,https://public.carsprogram.org/cameras/MN/C30275?1791430860000,,MN 48: I-35 NB @ T.H.48,MN 48,45.9896587,-94.6113288
MN 47: T.H.47 (Isle - MP 89.0): T.H.47 (Isle - MP 89.0) View 1,camera/510849/3664686075,https://public.carsprogram.org/cameras/MN/C30409-v1?1791430860000,,MN 47: T.H.47 (Isle - MP 89.0),MN 47,,
MN 47: T.H.47 (Isle - MP 89.0): T.H.47 (Isle - MP 89.0) View 2,camera/510849/3544715992,https://public.carsprogram.org/cameras/MN/C30409-v2?1791430860000,,MN 47: T.H.47 (Isle - MP 89.0),MN 47,,
MN 47: T.H.47 (Isle - MP 89.0): T.H.47 (Isle - MP 89.0) View 3,camera/510849/1177565497,https://public.carsprogram.org/cameras/MN/C30409-v3?1791430860000,,MN 47: T.H.47 (Isle - MP 89.0),MN 47,,
MN 47: T.H.47 (Isle - MP 89.0): T.H.47 (Isle - MP 89.0) View 4,camera/510849/1877089822,https://public.carsprogram.org/cameras/MN/C30409-v4?1791430860000,,MN 47: T.H.47 (Isle - MP 89.0),MN 47,,
MN 47: T.H.47 (Isle - MP 89.0): T.H.47 (Isle - MP 89.0) View 5,camera/510849/3153381503,https://public.carsprogram.org/cameras/MN/C30409-v5?1791430860000,,MN 47: T.H.47 (Isle - MP 89.0),MN 47,,
MN 47: T.H.47 SB @ Pederson Dr NW,camera/510566/278844080,https://public.carsprogram.org/cameras/MN/C30144?1791430860000,,MN 47: T.H.47 SB @ Pederson Dr NW,MN 47,,
MN 47: T.H.47 NB @ Bunker Lake Blvd,camera/511253/1770556428,https://public.carsprogram.org/cameras/MN/C30261?1791430860000,,MN 47: T.H.47 NB @ Bunker Lake Blvd,MN 47,,
MN 47: T.H.47 SB @ McKinley St,camera/511513/2149294878,https://public.carsprogram.org/cameras/MN/C30475?1791430860000,,MN 47: T.H.47 SB @ McKinley St,MN 47,,
MN 47: T.H.47 NB @ Pleasant St NB,camera/508623/11061805,https://public.carsprogram.org/cameras/MN/C30476,https://video.dot.state.mn.us/public/C30476.stream/playlist.m3u8,MN 47: T.H.47 NB @ Pleasant St NB,MN 47,,
MN 47: T.H.10 WB @ T.H.47 N-S (U.S. 169/Ferry St),camera/511179/2158245609,https://public.carsprogram.org/cameras/MN/C30591,https://video.dot.state.mn.us/public/C30591.stream/playlist.m3u8,MN 47: T.H.10 WB @ T.H.47 N-S (U.S. 169/Ferry St),MN 47,,
MN 47: T.H.10 WB @ U.S.169 WB (Ferry St),camera/511070/3909171388,https://public.carsprogram.org/cameras/MN/C661,https://video.dot.state.mn.us/public/C661.stream/playlist.m3u8,MN 47: T.H.10 WB @ U.S.169 WB (Ferry St),MN 47,,
MN 47: T.H.47 NB @ University Ave,camera/510730/3704544512,https://public.carsprogram.org/cameras/MN/C4716,https://video.dot.state.mn.us/public/C4716.stream/playlist.m3u8,MN 47: T.H.47 NB @ University Ave,MN 47,,
MN 47: T.H.47 SB @ 85th Ave,camera/511108/500112168,https://public.carsprogram.org/cameras/MN/C4715,https://video.dot.state.mn.us/public/C4715.stream/playlist.m3u8,MN 47: T.H.47 SB @ 85th Ave,MN 47,,
MN 47: T.H.47 SB @ 81st Ave NE,camera/511517/785428412,https://public.carsprogram.org/cameras/MN/C4714,https://video.dot.state.mn.us/public/C4714.stream/playlist.m3u8,MN 47: T.H.47 SB @ 81st Ave NE,MN 47,,
MN 47: T.H.47 SB @ Osborne Rd,camera/510904/3465578549,https://public.carsprogram.org/cameras/MN/C4713,https://video.dot.state.mn.us/public/C4713.stream/playlist.m3u8,MN 47: T.H.47 SB @ Osborne Rd,MN 47,,
MN 47: T.H.47 NB @ 73rd Ave,camera/511605/1329075286,https://public.carsprogram.org/cameras/MN/C4712,https://video.dot.state.mn.us/public/C4712.stream/playlist.m3u8,MN 47: T.H.47 NB @ 73rd Ave,MN 47,,
MN 47: T.H.47 SB @ 69th Ave,camera/508640/3148486954,https://public.carsprogram.org/cameras/MN/C4711,https://video.dot.state.mn.us/public/C4711.stream/playlist.m3u8,MN 47: T.H.47 SB @ 69th Ave,MN 47,,
MN 47: T.H.47 SB @ Mississippi St,camera/511040/3839963617,https://public.carsprogram.org/cameras/MN/C4710,https://video.dot.state.mn.us/public/C4710.stream/playlist.m3u8,MN 47: T.H.47 SB @ Mississippi St,MN 47,,
MN 47: T.H.47 SB @ 61st Ave,camera/511193/1095141945,https://public.carsprogram.org/cameras/MN/C4709,https://video.dot.state.mn.us/public/C4709.stream/playlist.m3u8,MN 47: T.H.47 SB @ 61st Ave,MN 47,,
MN 47: T.H.47 SB @ 57th Ave,camera/508859/1744701479,https://public.carsprogram.org/cameras/MN/C4708,https://video.dot.state.mn.us/public/C4708.stream/playlist.m3u8,MN 47: T.H.47 SB @ 57th Ave,MN 47,,
MN 47: T.H.47 SB N of I-694,camera/508625/3094886387,https://public.carsprogram.org/cameras/MN/C4707,https://video.dot.state.mn.us/public/C4707.stream/playlist.m3u8,MN 47: T.H.47 SB N of I-694,MN 47,45.9896587,-94.6113288
MN 47: T.H.47 NB S of I-694 EB,camera/511371/940199540,https://public.carsprogram.org/cameras/MN/C4706,https://video.dot.state.mn.us/public/C4706.stream/playlist.m3u8,MN 47: T.H.47 NB S of I-694 EB,MN 47,45.9896587,-94.6113288
MN 47: T.H.47 SB @ 53rd Ave,camera/510582/2074122409,https://public.carsprogram.org/cameras/MN/C4705,https://video.dot.state.mn.us/public/C4705.stream/playlist.m3u8,MN 47: T.H.47 SB @ 53rd Ave,MN 47,,
MN 47: T.H.47 SB @ 49th Ave,camera/510964/255908264,https://public.carsprogram.org/cameras/MN/C4704,https://video.dot.state.mn.us/public/C4704.stream/playlist.m3u8,MN 47: T.H.47 SB @ 49th Ave,MN 47,,
MN 47: T.H.47 SB @ 44th Ave,camera/511369/1454641541,https://public.carsprogram.org/cameras/MN/C4703,https://video.dot.state.mn.us/public/C4703.stream/playlist.m3u8,MN 47: T.H.47 SB @ 44th Ave,MN 47,,
MN 47: T.H.47 SB @ 40th Ave,camera/511292/3532559361,https://public.carsprogram.org/cameras/MN/C4702,https://video.dot.state.mn.us/public/C4702.stream/playlist.m3u8,MN 47: T.H.47 SB @ 40th Ave,MN 47,,
MN 47: T.H.47 SB @ 37th Ave,camera/508627/684256417,https://public.carsprogram.org/cameras/MN/C4701,https://video.dot.state.mn.us/public/C4701.stream/playlist.m3u8,MN 47: T.H.47 SB @ 37th Ave,MN 47,,
MN 46: T.H.46 (Squaw Lake - MP 25): T.H.46 (Squaw Lake - MP 25) View 1,camera/510296/1150068915,https://public.carsprogram.org/cameras/MN/C30361-v1?1791430860000,,MN 46: T.H.46 (Squaw Lake - MP 25),MN 46,,
MN 46: T.H.46 (Squaw Lake - MP 25): T.H.46 (Squaw Lake - MP 25) View 2,camera/510296/2013032336,https://public.carsprogram.org/cameras/MN/C30361-v2?1791430860000,,MN 46: T.H.46 (Squaw Lake - MP 25),MN 46,,
MN 46: T.H.46 (Squaw Lake - MP 25): T.H.46 (Squaw Lake - MP 25) View 3,camera/510296/1936296177,https://public.carsprogram.org/cameras/MN/C30361-v3?1791430860000,,MN 46: T.H.46 (Squaw Lake - MP 25),MN 46,,
MN 44: T.H.44 (Hokah - MP 60): T.H.44 (Hokah - MP 60) View 1,camera/508749/874346519,https://public.carsprogram.org/cameras/MN/C30360-v1?1791430860000,,MN 44: T.H.44 (Hokah - MP 60),MN 44,,
MN 44: T.H.44 (Hokah - MP 60): T.H.44 (Hokah - MP 60) View 2,camera/508749/4074511764,https://public.carsprogram.org/cameras/MN/C30360-v2?1791430860000,,MN 44: T.H.44 (Hokah - MP 60),MN 44,,
MN 44: T.H.44 (Hokah - MP 60): T.H.44 (Hokah - MP 60) View 3,camera/508749/4017866005,https://public.carsprogram.org/cameras/MN/C30360-v3?1791430860000,,MN 44: T.H.44 (Hokah - MP 60),MN 44,,
MN 41: T.H.41 NB @ 82nd St,camera/509481/3486728599,https://public.carsprogram.org/cameras/MN/C4116,https://video.dot.state.mn.us/public/C4116.stream/playlist.m3u8,MN 41: T.H.41 NB @ 82nd St,MN 41,,
MN 41: T.H.41 NB @ Hazeltine Blvd EB,camera/510316/1823793831,https://public.carsprogram.org/cameras/MN/C30052,https://video.dot.state.mn.us/public/C30052.stream/playlist.m3u8,MN 41: T.H.41 NB @ Hazeltine Blvd EB,MN 41,,
MN 41: T.H.41 SB @ Pioneer Tr WB,camera/510769/119449172,https://public.carsprogram.org/cameras/MN/C30051,https://video.dot.state.mn.us/public/C30051.stream/playlist.m3u8,MN 41: T.H.41 SB @ Pioneer Tr WB,MN 41,,
MN 41: T.H.41 NB @ Hundertmark Rd WB,camera/511470/2165653490,https://public.carsprogram.org/cameras/MN/C30050,https://video.dot.state.mn.us/public/C30050.stream/playlist.m3u8,MN 41: T.H.41 NB @ Hundertmark Rd WB,MN 41,,
MN 41: T.H.212 EB @ T.H.41,camera/510693/168841174,https://public.carsprogram.org/cameras/MN/C383,https://video.dot.state.mn.us/public/C383.stream/playlist.m3u8,MN 41: T.H.212 EB @ T.H.41,MN 41,45.9896587,-94.6113288
MN 41: T.H.41 NB @ Engler Blvd WB,camera/511523/3460701198,https://public.carsprogram.org/cameras/MN/C30049,https://video.dot.state.mn.us/public/C30049.stream/playlist.m3u8,MN 41: T.H.41 NB @ Engler Blvd WB,MN 41,,
MN 41: T.H.41 NB @ Victoria Dr WB (Crosstown Blvd),camera/510888/547181583,https://public.carsprogram.org/cameras/MN/C30048,https://video.dot.state.mn.us/public/C30048.stream/playlist.m3u8,MN 41: T.H.41 NB @ Victoria Dr WB (Crosstown Blvd),MN 41,,
MN 41: T.H.41 NB @ Chaska Blvd (Co Rd 61),camera/510520/3864364355,https://public.carsprogram.org/cameras/MN/C30293,https://video.dot.state.mn.us/public/C30293.stream/playlist.m3u8,MN 41: T.H.41 NB @ Chaska Blvd (Co Rd 61),MN 41,,
MN 41: T.H.41 NB @ 4th St,camera/511191/1191112959,https://public.carsprogram.org/cameras/MN/C30292,https://video.dot.state.mn.us/public/C30292.stream/playlist.m3u8,MN 41: T.H.41 NB @ 4th St,MN 41,45.9896587,-94.6113288
MN 41: T.H.41 NB @ 2nd St,camera/511080/2114445359,https://public.carsprogram.org/cameras/MN/C30291,https://video.dot.state.mn.us/public/C30291.stream/playlist.m3u8,MN 41: T.H.41 NB @ 2nd St,MN 41,45.9896587,-94.6113288
MN 41: T.H.41 NB @ Dem Con Rd,camera/509691/1286901480,https://public.carsprogram.org/cameras/MN/C30488,https://video.dot.state.mn.us/public/C30488.stream/playlist.m3u8,MN 41: T.H.41 NB @ Dem Con Rd,MN 41,45.9896587,-94.6113288
MN 41: U.S.169 SB @ T.H.41 (Co Rd 78 - MP 106.5),camera/510333/2336293117,https://public.carsprogram.org/cameras/MN/C30060,https://video.dot.state.mn.us/public/C30060.stream/playlist.m3u8,MN 41: U.S.169 SB @ T.H.41 (Co Rd 78 - MP 106.5),MN 41,45.9896587,-94.6113288
MN 38: T.H.38 (Marcell - MP 27.5): T.H.38 (Marcell - MP 27.5) View 1,camera/508917/1769877913,https://public.carsprogram.org/cameras/MN/C30429-v1?1791430860000,,MN 38: T.H.38 (Marcell - MP 27.5),MN 38,,
MN 38: T.H.38 (Marcell - MP 27.5): T.H.38 (Marcell - MP 27.5) View 2,camera/508917/1020374554,https://public.carsprogram.org/cameras/MN/C30429-v2?1791430860000,,MN 38: T.H.38 (Marcell - MP 27.5),MN 38,,
MN 38: T.H.38 (Marcell - MP 27.5): T.H.38 (Marcell - MP 27.5) View 3,camera/508917/2510102171,https://public.carsprogram.org/cameras/MN/C30429-v3?1791430860000,,MN 38: T.H.38 (Marcell - MP 27.5),MN 38,,
MN 38: T.H.38 (Marcell - MP 27.5): T.H.38 (Marcell - MP 27.5) View 4,camera/508917/4275371548,https://public.carsprogram.org/cameras/MN/C30429-v4?1791430860000,,MN 38: T.H.38 (Marcell - MP 27.5),MN 38,,
MN 38: T.H.38 (Marcell - MP 27.5): T.H.38 (Marcell - MP 27.5) View 5,camera/508917/2936917917,https://public.carsprogram.org/cameras/MN/C30429-v5?1791430860000,,MN 38: T.H.38 (Marcell - MP 27.5),MN 38,,
MN 37: T.H.169 @ East Beltline,camera/511044/4234865493,https://public.carsprogram.org/cameras/MN/C30265?1791430860000,,MN 37: T.H.169 @ East Beltline,MN 37,,
MN 36: T.H.36 EB @ WI T.H. 35,camera/510868/2606056415,https://public.carsprogram.org/cameras/MN/C3637,https://video.dot.state.mn.us/public/C3637.stream/playlist.m3u8,MN 36: T.H.36 EB @ WI T.H. 35,MN 36,45.9896587,-94.6113288
MN 36: T.H.36 WB @ WI T.H. 35,camera/511035/1201222797,https://public.carsprogram.org/cameras/MN/C3636,https://video.dot.state.mn.us/public/C3636.stream/playlist.m3u8,MN 36: T.H.36 WB @ WI T.H. 35,MN 36,45.9896587,-94.6113288
MN 36: T.H.36 WB @ T.H.95,camera/510895/3097341753,https://public.carsprogram.org/cameras/MN/C3630,https://video.dot.state.mn.us/public/C3630.stream/playlist.m3u8,MN 36: T.H.36 WB @ T.H.95,MN 36,45.9896587,-94.6113288
MN 36: T.H.95 NB N of T.H.36,camera/510886/4142978791,https://public.carsprogram.org/cameras/MN/C9505,https://video.dot.state.mn.us/public/C9505.stream/playlist.m3u8,MN 36: T.H.95 NB N of T.H.36,MN 36,45.9896587,-94.6113288
MN 36: T.H.36 EB @ Osgood Ave,camera/511213/2155594326,https://public.carsprogram.org/cameras/MN/C3627,https://video.dot.state.mn.us/public/C3627.stream/playlist.m3u8,MN 36: T.H.36 EB @ Osgood Ave,MN 36,,
MN 36: T.H.36 WB @ Oakgreen Ave (Greeley St),camera/508736/1110660070,https://public.carsprogram.org/cameras/MN/C3626,https://video.dot.state.mn.us/public/C3626.stream/playlist.m3u8,MN 36: T.H.36 WB @ Oakgreen Ave (Greeley St),MN 36,,
MN 36: T.H.36 EB @ Norell Ave (Washington Ave),camera/510402/4267740980,https://public.carsprogram.org/cameras/MN/C3625,https://video.dot.state.mn.us/public/C3625.stream/playlist.m3u8,MN 36: T.H.36 EB @ Norell Ave (Washington Ave),MN 36,,
MN 36: T.H.36 EB @ Stillwater Blvd,camera/511294/3339943420,https://public.carsprogram.org/cameras/MN/C3624,https://video.dot.state.mn.us/public/C3624.stream/playlist.m3u8,MN 36: T.H.36 EB @ Stillwater Blvd,MN 36,,
MN 36: T.H.36 WB @ Stillwater Blvd,camera/508828/306306862,https://public.carsprogram.org/cameras/MN/C3623,https://video.dot.state.mn.us/public/C3623.stream/playlist.m3u8,MN 36: T.H.36 WB @ Stillwater Blvd,MN 36,,
MN 36: T.H.36 WB @ Manning Ave NB,camera/510834/3438567227,https://public.carsprogram.org/cameras/MN/C30221,https://video.dot.state.mn.us/public/C30221.stream/playlist.m3u8,MN 36: T.H.36 WB @ Manning Ave NB,MN 36,,
MN 36: T.H.36 WB @ Manning Ave,camera/510839/356364855,https://public.carsprogram.org/cameras/MN/C3622,https://video.dot.state.mn.us/public/C3622.stream/playlist.m3u8,MN 36: T.H.36 WB @ Manning Ave,MN 36,,
MN 36: T.H.36 EB @ Manning Ave SB,camera/510915/2270372276,https://public.carsprogram.org/cameras/MN/C30220,https://video.dot.state.mn.us/public/C30220.stream/playlist.m3u8,MN 36: T.H.36 EB @ Manning Ave SB,MN 36,,
MN 36: T.H.36 WB W of Manning Ave,camera/510621/377465449,https://public.carsprogram.org/cameras/MN/C3621,https://video.dot.state.mn.us/public/C3621.stream/playlist.m3u8,MN 36: T.H.36 WB W of Manning Ave,MN 36,,
MN 36: T.H.36 WB E of Keats Ave,camera/511129/939417087,https://public.carsprogram.org/cameras/MN/C3619,https://video.dot.state.mn.us/public/C3619.stream/playlist.m3u8,MN 36: T.H.36 WB E of Keats Ave,MN 36,,
MN 36: T.H.36 WB W of Keats Ave,camera/511381/543205613,https://public.carsprogram.org/cameras/MN/C3617,https://video.dot.state.mn.us/public/C3617.stream/playlist.m3u8,MN 36: T.H.36 WB W of Keats Ave,MN 36,,
MN 36: T.H.36 WB E of Demontreville Tr,camera/511510/3472310231,https://public.carsprogram.org/cameras/MN/C3616,https://video.dot.state.mn.us/public/C3616.stream/playlist.m3u8,MN 36: T.H.36 WB E of Demontreville Tr,MN 36,,
MN 36: T.H.36 WB @ Hilton Tr,camera/510652/3097067831,https://public.carsprogram.org/cameras/MN/C3615,https://video.dot.state.mn.us/public/C3615.stream/playlist.m3u8,MN 36: T.H.36 WB @ Hilton Tr,MN 36,,
MN 36: T.H.36 WB @ Hadley Ave N WB,camera/510985/3330859741,https://public.carsprogram.org/cameras/MN/C3614,https://video.dot.state.mn.us/public/C3614.stream/playlist.m3u8,MN 36: T.H.36 WB @ Hadley Ave N WB,MN 36,,
MN 36: T.H.36 WB @ Margaret St,camera/510806/212970101,https://public.carsprogram.org/cameras/MN/C3612,https://video.dot.state.mn.us/public/C3612.stream/playlist.m3u8,MN 36: T.H.36 WB @ Margaret St,MN 36,,
MN 36: T.H.36 EB E of McKnight Rd,camera/510936/3166659096,https://public.carsprogram.org/cameras/MN/C3611,https://video.dot.state.mn.us/public/C3611.stream/playlist.m3u8,MN 36: T.H.36 EB E of McKnight Rd,MN 36,,
MN 36: T.H.36 WB @ McKnight Rd,camera/510532/4227271718,https://public.carsprogram.org/cameras/MN/C3610,https://video.dot.state.mn.us/public/C3610.stream/playlist.m3u8,MN 36: T.H.36 WB @ McKnight Rd,MN 36,,
MN 36: T.H.36 WB @ White Bear Ave NB,camera/510483/2022567108,https://public.carsprogram.org/cameras/MN/C30104,https://video.dot.state.mn.us/public/C30104.stream/playlist.m3u8,MN 36: T.H.36 WB @ White Bear Ave NB,MN 36,,
MN 36: T.H.36 WB @ White Bear Ave,camera/510710/2041347144,https://public.carsprogram.org/cameras/MN/C3609,https://video.dot.state.mn.us/public/C3609.stream/playlist.m3u8,MN 36: T.H.36 WB @ White Bear Ave,MN 36,,
MN 36: T.H.36 EB @ English St,camera/511201/1131458478,https://public.carsprogram.org/cameras/MN/C3608,https://video.dot.state.mn.us/public/C3608.stream/playlist.m3u8,MN 36: T.H.36 EB @ English St,MN 36,,
MN 36: T.H.36 WB @ T.H.61,camera/511629/3971741618,https://public.carsprogram.org/cameras/MN/C009,https://video.dot.state.mn.us/public/C009.stream/playlist.m3u8,MN 36: T.H.36 WB @ T.H.61,MN 36,45.9896587,-94.6113288
MN 36: T.H.36 EB @ Arcade St,camera/511081/3052005740,https://public.carsprogram.org/cameras/MN/C008,https://video.dot.state.mn.us/public/C008.stream/playlist.m3u8,MN 36: T.H.36 EB @ Arcade St,MN 36,,
MN 36: T.H.36 EB @ Edgerton St,camera/510705/932769688,https://public.carsprogram.org/cameras/MN/C007,https://video.dot.state.mn.us/public/C007.stream/playlist.m3u8,MN 36: T.H.36 EB @ Edgerton St,MN 36,,
MN 36: T.H.36 WB E of Rice St,camera/511506/578107263,https://public.carsprogram.org/cameras/MN/C30730?1791430860000,,MN 36: T.H.36 WB E of Rice St,MN 36,,
MN 36: T.H.36 WB @ Rice St NB,camera/510514/2529653951,https://public.carsprogram.org/cameras/MN/C30562?1791430860000,,MN 36: T.H.36 WB @ Rice St NB,MN 36,,
MN 36: T.H.36 EB @ Rice St,camera/509784/4237696609,https://public.carsprogram.org/cameras/MN/C005,https://video.dot.state.mn.us/public/C005.stream/playlist.m3u8,MN 36: T.H.36 EB @ Rice St,MN 36,,
MN 36: T.H.36 EB @ Dale St NB,camera/511441/3158519612,https://public.carsprogram.org/cameras/MN/C30561?1791430860000,,MN 36: T.H.36 EB @ Dale St NB,MN 36,,
MN 36: T.H.36 WB @ Dale St SB,camera/510661/54451315,https://public.carsprogram.org/cameras/MN/C30560?1791430860000,,MN 36: T.H.36 WB @ Dale St SB,MN 36,,
MN 36: T.H.36 WB @ Dale St,camera/511068/2720819554,https://public.carsprogram.org/cameras/MN/C004,https://video.dot.state.mn.us/public/C004.stream/playlist.m3u8,MN 36: T.H.36 WB @ Dale St,MN 36,,
MN 36: T.H.36 EB @ Victoria St,camera/511561/4096669729,https://public.carsprogram.org/cameras/MN/C30592,https://video.dot.state.mn.us/public/C30592.stream/playlist.m3u8,MN 36: T.H.36 EB @ Victoria St,MN 36,,
MN 36: T.H.36 EB @ Lexington Ave,camera/510493/1815553997,https://public.carsprogram.org/cameras/MN/C003,https://video.dot.state.mn.us/public/C003.stream/playlist.m3u8,MN 36: T.H.36 EB @ Lexington Ave,MN 36,,
MN 36: T.H.36 @ Hamline Ave,camera/510428/988315012,https://public.carsprogram.org/cameras/MN/C30252,https://video.dot.state.mn.us/public/C30252.stream/playlist.m3u8,MN 36: T.H.36 @ Hamline Ave,MN 36,,
MN 36: T.H.36 WB @ Fairview Ave,camera/508659/1292930346,https://public.carsprogram.org/cameras/MN/C30295,https://video.dot.state.mn.us/public/C30295.stream/playlist.m3u8,MN 36: T.H.36 WB @ Fairview Ave,MN 36,,
MN 36: T.H.36 EB @ Fairview Ave,camera/510494/31599608,https://public.carsprogram.org/cameras/MN/C30296,https://video.dot.state.mn.us/public/C30296.stream/playlist.m3u8,MN 36: T.H.36 EB @ Fairview Ave,MN 36,,
MN 36: T.H.36 WB @ Cleveland Ave,camera/511284/3228751109,https://public.carsprogram.org/cameras/MN/C001,https://video.dot.state.mn.us/public/C001.stream/playlist.m3u8,MN 36: T.H.36 WB @ Cleveland Ave,MN 36,,
MN 36: Cleveland Ave SB @ Co Rd B,camera/511343/2070819040,https://public.carsprogram.org/cameras/MN/C30559?1791430860000,,MN 36: Cleveland Ave SB @ Co Rd B,MN 36,,
MN 33: T.H.33 NB @ Doddridge Ave (Big Lake Rd),camera/511479/4081204425,https://public.carsprogram.org/cameras/MN/C30274?1791430860000,,MN 33: T.H.33 NB @ Doddridge Ave (Big Lake Rd),MN 33,,
MN 33: I-35 SB @ T.H.33,camera/511579/367732746,https://public.carsprogram.org/cameras/MN/C30273,https://video.dot.state.mn.us/public/C30273.stream/playlist.m3u8,MN 33: I-35 SB @ T.H.33,MN 33,45.9896587,-94.6113288
MN 30: T.H.63 SB @ C.S.A.H.16 EB (MP 33.0),camera/511469/3360541270,https://public.carsprogram.org/cameras/MN/C30011,https://video.dot.state.mn.us/public/C30011.stream/playlist.m3u8,MN 30: T.H.63 SB @ C.S.A.H.16 EB (MP 33.0),MN 30,45.9896587,-94.6113288
MN 30: I-35 NB @ T.H.30 EB (MP 26.4),camera/508716/680653265,https://public.carsprogram.org/cameras/MN/C30020,https://video.dot.state.mn.us/public/C30020.stream/playlist.m3u8,MN 30: I-35 NB @ T.H.30 EB (MP 26.4),MN 30,45.9896587,-94.6113288
MN 30: T.H.30 (Mapleton - MP 146.8): T.H.30 (Mapleton - MP 146.8) View 1,camera/511478/3791755186,https://public.carsprogram.org/cameras/MN/C30344-v1?1791430860000,,MN 30: T.H.30 (Mapleton - MP 146.8),MN 30,,
MN 30: T.H.30 (Mapleton - MP 146.8): T.H.30 (Mapleton - MP 146.8) View 2,camera/511478/3072799089,https://public.carsprogram.org/cameras/MN/C30344-v2?1791430860000,,MN 30: T.H.30 (Mapleton - MP 146.8),MN 30,,
MN 30: T.H.30 (Mapleton - MP 146.8): T.H.30 (Mapleton - MP 146.8) View 3,camera/511478/356394032,https://public.carsprogram.org/cameras/MN/C30344-v3?1791430860000,,MN 30: T.H.30 (Mapleton - MP 146.8),MN 30,,
MN 30: T.H.30 (Mapleton - MP 146.8): T.H.30 (Mapleton - MP 146.8) View 4,camera/511478/4059664887,https://public.carsprogram.org/cameras/MN/C30344-v4?1791430860000,,MN 30: T.H.30 (Mapleton - MP 146.8),MN 30,,
MN 30: T.H.30 (Dovray - MP 49): T.H.30 (Dovray - MP 49) View 1,camera/510781/4127846349,https://public.carsprogram.org/cameras/MN/C30358-v1?1791430860000,,MN 30: T.H.30 (Dovray - MP 49),MN 30,,
MN 30: T.H.30 (Dovray - MP 49): T.H.30 (Dovray - MP 49) View 2,camera/510781/3564698094,https://public.carsprogram.org/cameras/MN/C30358-v2?1791430860000,,MN 30: T.H.30 (Dovray - MP 49),MN 30,,
MN 30: T.H.30 (Dovray - MP 49): T.H.30 (Dovray - MP 49) View 3,camera/510781/2388361359,https://public.carsprogram.org/cameras/MN/C30358-v3?1791430860000,,MN 30: T.H.30 (Dovray - MP 49),MN 30,,
MN 29: T.H.29 (Starbuck - MP 46): T.H.29 (Starbuck - MP 46) View 1,camera/510813/3527953622,https://public.carsprogram.org/cameras/MN/C30357-v1?1791430860000,,MN 29: T.H.29 (Starbuck - MP 46),MN 29,,
MN 29: T.H.29 (Starbuck - MP 46): T.H.29 (Starbuck - MP 46) View 2,camera/510813/1477202165,https://public.carsprogram.org/cameras/MN/C30357-v2?1791430860000,,MN 29: T.H.29 (Starbuck - MP 46),MN 29,,
MN 29: T.H.29 (Starbuck - MP 46): T.H.29 (Starbuck - MP 46) View 3,camera/510813/106468116,https://public.carsprogram.org/cameras/MN/C30357-v3?1791430860000,,MN 29: T.H.29 (Starbuck - MP 46),MN 29,,
MN 28: T.H.28 (Graceville - MP 19): T.H.28 (Graceville - MP 19) View 1,camera/508772/3958671006,https://public.carsprogram.org/cameras/MN/C30356-v1?1791430860000,,MN 28: T.H.28 (Graceville - MP 19),MN 28,,
MN 28: T.H.28 (Graceville - MP 19): T.H.28 (Graceville - MP 19) View 2,camera/508772/3253941693,https://public.carsprogram.org/cameras/MN/C30356-v2?1791430860000,,MN 28: T.H.28 (Graceville - MP 19),MN 28,,
MN 28: T.H.28 (Graceville - MP 19): T.H.28 (Graceville - MP 19) View 3,camera/508772/2897320924,https://public.carsprogram.org/cameras/MN/C30356-v3?1791430860000,,MN 28: T.H.28 (Graceville - MP 19),MN 28,,
MN 27: T.H.27 (Herman - MP 36.5): T.H.27 (Herman - MP 36.5) View 1,camera/508741/1781396530,https://public.carsprogram.org/cameras/MN/C30370-v1?1791430860000,,MN 27: T.H.27 (Herman - MP 36.5),MN 27,,
MN 27: T.H.27 (Herman - MP 36.5): T.H.27 (Herman - MP 36.5) View 2,camera/508741/3322048017,https://public.carsprogram.org/cameras/MN/C30370-v2?1791430860000,,MN 27: T.H.27 (Herman - MP 36.5),MN 27,,
MN 27: T.H.27 (Herman - MP 36.5): T.H.27 (Herman - MP 36.5) View 3,camera/508741/1689254640,https://public.carsprogram.org/cameras/MN/C30370-v3?1791430860000,,MN 27: T.H.27 (Herman - MP 36.5),MN 27,,
MN 25: T.H.25 (Lastrup - MP 140): T.H.25 (Lastrup - MP 140) View 1,camera/510500/576707323,https://public.carsprogram.org/cameras/MN/C30332-v1?1791430860000,,MN 25: T.H.25 (Lastrup - MP 140),MN 25,,
MN 25: T.H.25 (Lastrup - MP 140): T.H.25 (Lastrup - MP 140) View 2,camera/510500/4058231256,https://public.carsprogram.org/cameras/MN/C30332-v2?1791430860000,,MN 25: T.H.25 (Lastrup - MP 140),MN 25,,
MN 25: T.H.25 (Lastrup - MP 140): T.H.25 (Lastrup - MP 140) View 3,camera/510500/3228874681,https://public.carsprogram.org/cameras/MN/C30332-v3?1791430860000,,MN 25: T.H.25 (Lastrup - MP 140),MN 25,,
MN 25: T.H.25 NB @ Co Rd 75,camera/511195/2113889738,https://public.carsprogram.org/cameras/MN/C1514?1791430860000,,MN 25: T.H.25 NB @ Co Rd 75,MN 25,45.9896587,-94.6113288
MN 25: I-94 EB @ T.H.25 (MP 193),camera/511255/4127489463,https://public.carsprogram.org/cameras/MN/C786,https://video.dot.state.mn.us/public/C786.stream/playlist.m3u8,MN 25: I-94 EB @ T.H.25 (MP 193),MN 25,,
MN 25: T.H.7 (Mayer - MP 167): T.H.7 (Mayer - MP 167) View 1,camera/511126/1534776209,https://public.carsprogram.org/cameras/MN/C30320-v1?1791430860000,,MN 25: T.H.7 (Mayer - MP 167),MN 25,,
MN 25: T.H.7 (Mayer - MP 167): T.H.7 (Mayer - MP 167) View 2,camera/511126/2263481554,https://public.carsprogram.org/cameras/MN/C30320-v2?1791430860000,,MN 25: T.H.7 (Mayer - MP 167),MN 25,,
MN 25: T.H.7 (Mayer - MP 167): T.H.7 (Mayer - MP 167) View 3,camera/511126/983585555,https://public.carsprogram.org/cameras/MN/C30320-v3?1791430860000,,MN 25: T.H.7 (Mayer - MP 167),MN 25,,
MN 25: T.H.7 (Mayer - MP 167): T.H.7 (Mayer - MP 167) View 4,camera/511126/3807116628,https://public.carsprogram.org/cameras/MN/C30320-v4?1791430860000,,MN 25: T.H.7 (Mayer - MP 167),MN 25,,
MN 25: T.H.7 (Mayer - MP 167): T.H.7 (Mayer - MP 167) View 5,camera/511126/617665941,https://public.carsprogram.org/cameras/MN/C30320-v5?1791430860000,,MN 25: T.H.7 (Mayer - MP 167),MN 25,,
MN 24: I-94 WB @ T.H.24 (MP 178),camera/510497/2832371297,https://public.carsprogram.org/cameras/MN/C772,https://video.dot.state.mn.us/public/C772.stream/playlist.m3u8,MN 24: I-94 WB @ T.H.24 (MP 178),MN 24,,
MN 23: T.H.23 (Foley - MP 214): T.H.23 (Foley - MP 214) View 1,camera/510699/2536298843,https://public.carsprogram.org/cameras/MN/C30331-v1?1791430860000,,MN 23: T.H.23 (Foley - MP 214),MN 23,,
MN 23: T.H.23 (Foley - MP 214): T.H.23 (Foley - MP 214) View 2,camera/510699/2801280888,https://public.carsprogram.org/cameras/MN/C30331-v2?1791430860000,,MN 23: T.H.23 (Foley - MP 214),MN 23,,
MN 23: T.H.23 (Foley - MP 214): T.H.23 (Foley - MP 214) View 3,camera/510699/2157328281,https://public.carsprogram.org/cameras/MN/C30331-v3?1791430860000,,MN 23: T.H.23 (Foley - MP 214),MN 23,,
MN 23: T.H.23 (Foley - MP 214): T.H.23 (Foley - MP 214) View 4,camera/510699/1163502782,https://public.carsprogram.org/cameras/MN/C30331-v4?1791430860000,,MN 23: T.H.23 (Foley - MP 214),MN 23,,
MN 23: T.H.23 EB @ 5th Ave,camera/508711/3490882820,https://public.carsprogram.org/cameras/MN/C1506,https://video.dot.state.mn.us/public/C1506.stream/playlist.m3u8,MN 23: T.H.23 EB @ 5th Ave,MN 23,45.9896587,-94.6113288
MN 23: I-94 WB @ T.H.23 EB,camera/508843/1997199427,https://public.carsprogram.org/cameras/MN/C30667,https://video.dot.state.mn.us/public/C30667.stream/playlist.m3u8,MN 23: I-94 WB @ T.H.23 EB,MN 23,45.9896587,-94.6113288
MN 23: T.H.23 (Richmond - MP 187.8): T.H.23 (Richmond - MP 187.8) View 1,camera/511526/2151168933,https://public.carsprogram.org/cameras/MN/C30407-v1?1791430860000,,MN 23: T.H.23 (Richmond - MP 187.8),MN 23,,
MN 23: T.H.23 (Richmond - MP 187.8): T.H.23 (Richmond - MP 187.8) View 2,camera/511526/3802478182,https://public.carsprogram.org/cameras/MN/C30407-v2?1791430860000,,MN 23: T.H.23 (Richmond - MP 187.8),MN 23,,
MN 23: T.H.23 (Richmond - MP 187.8): T.H.23 (Richmond - MP 187.8) View 3,camera/511526/891094695,https://public.carsprogram.org/cameras/MN/C30407-v3?1791430860000,,MN 23: T.H.23 (Richmond - MP 187.8),MN 23,,
MN 23: T.H.23 (Richmond - MP 187.8): T.H.23 (Richmond - MP 187.8) View 4,camera/511526/2517278816,https://public.carsprogram.org/cameras/MN/C30407-v4?1791430860000,,MN 23: T.H.23 (Richmond - MP 187.8),MN 23,,
MN 23: T.H.23 (Richmond - MP 187.8): T.H.23 (Richmond - MP 187.8) View 5,camera/511526/59822497,https://public.carsprogram.org/cameras/MN/C30407-v5?1791430860000,,MN 23: T.H.23 (Richmond - MP 187.8),MN 23,,
MN 23: T.H.23 (Hanley Falls - MP 94): T.H.23 (Hanley Falls - MP 94) View 1,camera/510301/2182432731,https://public.carsprogram.org/cameras/MN/C30330-v1?1791430860000,,MN 23: T.H.23 (Hanley Falls - MP 94),MN 23,,
MN 23: T.H.23 (Hanley Falls - MP 94): T.H.23 (Hanley Falls - MP 94) View 2,camera/510301/1116138168,https://public.carsprogram.org/cameras/MN/C30330-v2?1791430860000,,MN 23: T.H.23 (Hanley Falls - MP 94),MN 23,,
MN 23: T.H.23 (Hanley Falls - MP 94): T.H.23 (Hanley Falls - MP 94) View 3,camera/510301/1203114137,https://public.carsprogram.org/cameras/MN/C30330-v3?1791430860000,,MN 23: T.H.23 (Hanley Falls - MP 94),MN 23,,
MN 23: T.H.23 (Hanley Falls - MP 94): T.H.23 (Hanley Falls - MP 94) View 4,camera/510301/3764891518,https://public.carsprogram.org/cameras/MN/C30330-v4?1791430860000,,MN 23: T.H.23 (Hanley Falls - MP 94),MN 23,,
MN 22: T.H.22 SB N of Madison Ave,camera/510982/2051638862,https://public.carsprogram.org/cameras/MN/C30151,https://video.dot.state.mn.us/public/C30151.stream/playlist.m3u8,MN 22: T.H.22 SB N of Madison Ave,MN 22,,
MN 21: T.H.21 SB @ T.H.3,camera/510642/3504230820,https://public.carsprogram.org/cameras/MN/C30660?1791430860000,,MN 21: T.H.21 SB @ T.H.3,MN 21,45.9896587,-94.6113288
MN 21: T.H.21 NB @ T.H.60,camera/510397/1178249996,https://public.carsprogram.org/cameras/MN/C30659?1791430860000,,MN 21: T.H.21 NB @ T.H.60,MN 21,45.9896587,-94.6113288
MN 19: T.H.52 SB @ T.H.19 EB (MP 98),camera/510452/3061325665,https://public.carsprogram.org/cameras/MN/C30121,https://video.dot.state.mn.us/public/C30121.stream/playlist.m3u8,MN 19: T.H.52 SB @ T.H.19 EB (MP 98),MN 19,45.9896587,-94.6113288
MN 19: T.H.19 (New Prague - MP 149): T.H.19 (New Prague - MP 149) View 1,camera/511610/1014999400,https://public.carsprogram.org/cameras/MN/C30451-v1?1791430860000,,MN 19: T.H.19 (New Prague - MP 149),MN 19,,
MN 19: T.H.19 (New Prague - MP 149): T.H.19 (New Prague - MP 149) View 2,camera/511610/2704003947,https://public.carsprogram.org/cameras/MN/C30451-v2?1791430860000,,MN 19: T.H.19 (New Prague - MP 149),MN 19,,
MN 19: T.H.19 (New Prague - MP 149): T.H.19 (New Prague - MP 149) View 3,camera/511610/1179727338,https://public.carsprogram.org/cameras/MN/C30451-v3?1791430860000,,MN 19: T.H.19 (New Prague - MP 149),MN 19,,
MN 19: T.H.19 (New Prague - MP 149): T.H.19 (New Prague - MP 149) View 4,camera/511610/3010745837,https://public.carsprogram.org/cameras/MN/C30451-v4?1791430860000,,MN 19: T.H.19 (New Prague - MP 149),MN 19,,
MN 19: T.H.19 (Winthrop - MP 108): T.H.19 (Winthrop - MP 108) View 1,camera/510951/2269585796,https://public.carsprogram.org/cameras/MN/C30329-v1?1791430860000,,MN 19: T.H.19 (Winthrop - MP 108),MN 19,,
MN 19: T.H.19 (Winthrop - MP 108): T.H.19 (Winthrop - MP 108) View 2,camera/510951/2098042631,https://public.carsprogram.org/cameras/MN/C30329-v2?1791430860000,,MN 19: T.H.19 (Winthrop - MP 108),MN 19,,
MN 19: T.H.19 (Winthrop - MP 108): T.H.19 (Winthrop - MP 108) View 3,camera/510951/54953222,https://public.carsprogram.org/cameras/MN/C30329-v3?1791430860000,,MN 19: T.H.19 (Winthrop - MP 108),MN 19,,
MN 19: T.H.19 (Morton - MP 78): T.H.19 (Morton - MP 78) View 1,camera/510665/472854646,https://public.carsprogram.org/cameras/MN/C30328-v1?1791430860000,,MN 19: T.H.19 (Morton - MP 78),MN 19,,
MN 19: T.H.19 (Morton - MP 78): T.H.19 (Morton - MP 78) View 2,camera/510665/3632154325,https://public.carsprogram.org/cameras/MN/C30328-v2?1791430860000,,MN 19: T.H.19 (Morton - MP 78),MN 19,,
MN 19: T.H.19 (Morton - MP 78): T.H.19 (Morton - MP 78) View 3,camera/510665/3832499764,https://public.carsprogram.org/cameras/MN/C30328-v3?1791430860000,,MN 19: T.H.19 (Morton - MP 78),MN 19,,
MN 19: T.H.19 (Hendricks - MP 2): T.H.19 (Hendricks - MP 2) View 1,camera/511321/436259433,https://public.carsprogram.org/cameras/MN/C30327-v1?1791430860000,,MN 19: T.H.19 (Hendricks - MP 2),MN 19,,
MN 19: T.H.19 (Hendricks - MP 2): T.H.19 (Hendricks - MP 2) View 2,camera/511321/4254975562,https://public.carsprogram.org/cameras/MN/C30327-v2?1791430860000,,MN 19: T.H.19 (Hendricks - MP 2),MN 19,,
MN 19: T.H.19 (Hendricks - MP 2): T.H.19 (Hendricks - MP 2) View 3,camera/511321/557060523,https://public.carsprogram.org/cameras/MN/C30327-v3?1791430860000,,MN 19: T.H.19 (Hendricks - MP 2),MN 19,,
MN 15: T.H.15 SB @ Co Rd 120,camera/510379/1158659909,https://public.carsprogram.org/cameras/MN/C1511,https://video.dot.state.mn.us/public/C1511.stream/playlist.m3u8,MN 15: T.H.15 SB @ Co Rd 120,MN 15,45.9896587,-94.6113288
MN 15: T.H.15 N of 3rd St,camera/511564/3783132120,https://public.carsprogram.org/cameras/MN/C1505,https://video.dot.state.mn.us/public/C1505.stream/playlist.m3u8,MN 15: T.H.15 N of 3rd St,MN 15,45.9896587,-94.6113288
MN 15: T.H.15 NB @ 2nd St,camera/511487/1959163694,https://public.carsprogram.org/cameras/MN/C1504,https://video.dot.state.mn.us/public/C1504.stream/playlist.m3u8,MN 15: T.H.15 NB @ 2nd St,MN 15,45.9896587,-94.6113288
MN 15: I-94 WB @ T.H.15,camera/511225/352484705,https://public.carsprogram.org/cameras/MN/C30668,https://video.dot.state.mn.us/public/C30668.stream/playlist.m3u8,MN 15: I-94 WB @ T.H.15,MN 15,45.9896587,-94.6113288
MN 13: I-35E SB @ T.H.13,camera/508637/2565111437,https://public.carsprogram.org/cameras/MN/C026,https://video.dot.state.mn.us/public/C026.stream/playlist.m3u8,MN 13: I-35E SB @ T.H.13,MN 13,45.9896587,-94.6113288
MN 13: T.H.55 WB @ T.H.13,camera/511083/3182821266,https://public.carsprogram.org/cameras/MN/C1299,https://video.dot.state.mn.us/public/C1299.stream/playlist.m3u8,MN 13: T.H.55 WB @ T.H.13,MN 13,45.9896587,-94.6113288
MN 13: T.H.13 NB @ Pilot Knob Rd,camera/510684/343631399,https://public.carsprogram.org/cameras/MN/C1300,https://video.dot.state.mn.us/public/C1300.stream/playlist.m3u8,MN 13: T.H.13 NB @ Pilot Knob Rd,MN 13,,
MN 13: T.H.13 SB @ Lone Oak Rd,camera/510716/1275611281,https://public.carsprogram.org/cameras/MN/C30243,https://video.dot.state.mn.us/public/C30243.stream/playlist.m3u8,MN 13: T.H.13 SB @ Lone Oak Rd,MN 13,,
MN 13: T.H.13 NB @ Yankee Doodle Rd,camera/510816/1366627253,https://public.carsprogram.org/cameras/MN/C1303,https://video.dot.state.mn.us/public/C1303.stream/playlist.m3u8,MN 13: T.H.13 NB @ Yankee Doodle Rd,MN 13,,
MN 13: T.H.13 NB @ Blackhawk Rd,camera/510393/984749843,https://public.carsprogram.org/cameras/MN/C1304,https://video.dot.state.mn.us/public/C1304.stream/playlist.m3u8,MN 13: T.H.13 NB @ Blackhawk Rd,MN 13,,
MN 13: T.H.13 NB @ Silver Bell Rd,camera/510476/673424785,https://public.carsprogram.org/cameras/MN/C1305,https://video.dot.state.mn.us/public/C1305.stream/playlist.m3u8,MN 13: T.H.13 NB @ Silver Bell Rd,MN 13,,
MN 13: T.H.13 EB @ Diffley Rd,camera/510609/736517559,https://public.carsprogram.org/cameras/MN/C1306,https://video.dot.state.mn.us/public/C1306.stream/playlist.m3u8,MN 13: T.H.13 EB @ Diffley Rd,MN 13,,
MN 13: T.H.13 WB @ River Hills Dr,camera/511063/2818916080,https://public.carsprogram.org/cameras/MN/C1307,https://video.dot.state.mn.us/public/C1307.stream/playlist.m3u8,MN 13: T.H.13 WB @ River Hills Dr,MN 13,,
MN 13: T.H.13 EB @ Cliff Rd,camera/510636/3347619692,https://public.carsprogram.org/cameras/MN/C1308,https://video.dot.state.mn.us/public/C1308.stream/playlist.m3u8,MN 13: T.H.13 EB @ Cliff Rd,MN 13,,
MN 13: T.H.13 WB @ Co Rd 11 (W River Hills Dr),camera/510859/4040330012,https://public.carsprogram.org/cameras/MN/C1309,https://video.dot.state.mn.us/public/C1309.stream/playlist.m3u8,MN 13: T.H.13 WB @ Co Rd 11 (W River Hills Dr),MN 13,,
MN 13: T.H.13 EB @ Parkwood Dr,camera/511540/649450321,https://public.carsprogram.org/cameras/MN/C1310,https://video.dot.state.mn.us/public/C1310.stream/playlist.m3u8,MN 13: T.H.13 EB @ Parkwood Dr,MN 13,,
MN 13: T.H.13 WB @ Portland Ave,camera/508751/870624226,https://public.carsprogram.org/cameras/MN/C1311,https://video.dot.state.mn.us/public/C1311.stream/playlist.m3u8,MN 13: T.H.13 WB @ Portland Ave,MN 13,,
MN 13: Cliff Rd E-W @ Nicollet Ave (Temp Signal),camera/510637/3845318193,https://public.carsprogram.org/cameras/MN/C30701?1791430860000,,MN 13: Cliff Rd E-W @ Nicollet Ave (Temp Signal),MN 13,,
MN 13: T.H.13 EB @ Nicollet Ave,camera/510757/3205394804,https://public.carsprogram.org/cameras/MN/C1312,https://video.dot.state.mn.us/public/C1312.stream/playlist.m3u8,MN 13: T.H.13 EB @ Nicollet Ave,MN 13,,
MN 13: I-35W SB @ T.H.13,camera/510953/2580603551,https://public.carsprogram.org/cameras/MN/C608,https://video.dot.state.mn.us/public/C608.stream/playlist.m3u8,MN 13: I-35W SB @ T.H.13,MN 13,45.9896587,-94.6113288
MN 13: T.H.13 EB @ Co Rd 5,camera/508728/3407150995,https://public.carsprogram.org/cameras/MN/C1313,https://video.dot.state.mn.us/public/C1313.stream/playlist.m3u8,MN 13: T.H.13 EB @ Co Rd 5,MN 13,45.9896587,-94.6113288
MN 13: T.H.13 WB @ Washburn Ave S,camera/511367/1665554217,https://public.carsprogram.org/cameras/MN/C1314,https://video.dot.state.mn.us/public/C1314.stream/playlist.m3u8,MN 13: T.H.13 WB @ Washburn Ave S,MN 13,,
MN 13: T.H.13 WB @ Lynn Ave,camera/508846/1428152905,https://public.carsprogram.org/cameras/MN/C1315,https://video.dot.state.mn.us/public/C1315.stream/playlist.m3u8,MN 13: T.H.13 WB @ Lynn Ave,MN 13,,
MN 13: T.H.13 WB @ Quentin Ave,camera/511030/3311458016,https://public.carsprogram.org/cameras/MN/C1316,https://video.dot.state.mn.us/public/C1316.stream/playlist.m3u8,MN 13: T.H.13 WB @ Quentin Ave,MN 13,,
MN 13: T.H.13 EB @ Dakota Ave,camera/511099/1095032474,https://public.carsprogram.org/cameras/MN/C30260,https://video.dot.state.mn.us/public/C30260.stream/playlist.m3u8,MN 13: T.H.13 EB @ Dakota Ave,MN 13,,
MN 13: T.H.13 SB @ 126th St,camera/511268/1526900804,https://public.carsprogram.org/cameras/MN/C1318,https://video.dot.state.mn.us/public/C1318.stream/playlist.m3u8,MN 13: T.H.13 SB @ 126th St,MN 13,,
MN 13: T.H.13 SB @ McColl Dr,camera/511280/3897836638,https://public.carsprogram.org/cameras/MN/C1321,https://video.dot.state.mn.us/public/C1321.stream/playlist.m3u8,MN 13: T.H.13 SB @ McColl Dr,MN 13,,
MN 13: T.H.13 NB @ Connelly Pkwy,camera/508926/2878299634,https://public.carsprogram.org/cameras/MN/C1322,https://video.dot.state.mn.us/public/C1322.stream/playlist.m3u8,MN 13: T.H.13 NB @ Connelly Pkwy,MN 13,,
MN 13: T.H.13 SB @ Egan Dr (Co Rd 42),camera/510437/3253964300,https://public.carsprogram.org/cameras/MN/C1323,https://video.dot.state.mn.us/public/C1323.stream/playlist.m3u8,MN 13: T.H.13 SB @ Egan Dr (Co Rd 42),MN 13,,
MN 13: T.H.13 NB @ South Park Dr,camera/510317/2958017052,https://public.carsprogram.org/cameras/MN/C1324,https://video.dot.state.mn.us/public/C1324.stream/playlist.m3u8,MN 13: T.H.13 NB @ South Park Dr,MN 13,,
MN 13: T.H.13 SB @ 150th St,camera/511151/2583970021,https://public.carsprogram.org/cameras/MN/C30547,https://video.dot.state.mn.us/public/C30547.stream/playlist.m3u8,MN 13: T.H.13 SB @ 150th St,MN 13,,
MN 13: T.H.13 SB @ Fish Point Rd,camera/511212/3420502596,https://public.carsprogram.org/cameras/MN/C30563?1791430860000,,MN 13: T.H.13 SB @ Fish Point Rd,MN 13,,
MN 13: T.H.13 NB @ Main St (160th St/Co Rd 44),camera/511521/3961600611,https://public.carsprogram.org/cameras/MN/C30546,https://video.dot.state.mn.us/public/C30546.stream/playlist.m3u8,MN 13: T.H.13 NB @ Main St (160th St/Co Rd 44),MN 13,,
MN 13: T.H.13 NB @ 170th St,camera/511313/53169818,https://public.carsprogram.org/cameras/MN/C30170?1791430860000,,MN 13: T.H.13 NB @ 170th St,MN 13,,
MN 11: T.H.11 (International Falls): T.H.11 (International Falls) View 1,camera/510701/3010941834,https://public.carsprogram.org/cameras/MN/C30324-v1?1791430860000,,MN 11: T.H.11 (International Falls),MN 11,,
MN 11: T.H.11 (International Falls): T.H.11 (International Falls) View 2,camera/510701/1992622345,https://public.carsprogram.org/cameras/MN/C30324-v2?1791430860000,,MN 11: T.H.11 (International Falls),MN 11,,
MN 11: T.H.11 (International Falls): T.H.11 (International Falls) View 3,camera/510701/2130042376,https://public.carsprogram.org/cameras/MN/C30324-v3?1791430860000,,MN 11: T.H.11 (International Falls),MN 11,,
MN 11: T.H.11 (International Falls): T.H.11 (International Falls) View 4,camera/510701/4118153103,https://public.carsprogram.org/cameras/MN/C30324-v4?1791430860000,,MN 11: T.H.11 (International Falls),MN 11,,
MN 11: T.H.11 (Birchdale - MP 157): T.H.11 (Birchdale - MP 157) View 1,camera/511566/275434905,https://public.carsprogram.org/cameras/MN/C30323-v1?1791430860000,,MN 11: T.H.11 (Birchdale - MP 157),MN 11,,
MN 11: T.H.11 (Birchdale - MP 157): T.H.11 (Birchdale - MP 157) View 2,camera/511566/2649580346,https://public.carsprogram.org/cameras/MN/C30323-v2?1791430860000,,MN 11: T.H.11 (Birchdale - MP 157),MN 11,,
MN 11: T.H.11 (Birchdale - MP 157): T.H.11 (Birchdale - MP 157) View 3,camera/511566/2853979,https://public.carsprogram.org/cameras/MN/C30323-v3?1791430860000,,MN 11: T.H.11 (Birchdale - MP 157),MN 11,,
MN 11: T.H.11 (Roosevelt - MP 108): T.H.11 (Roosevelt - MP 108) View 1,camera/510945/1426335906,https://public.carsprogram.org/cameras/MN/C30450-v1?1791430860000,,MN 11: T.H.11 (Roosevelt - MP 108),MN 11,,
MN 11: T.H.11 (Roosevelt - MP 108): T.H.11 (Roosevelt - MP 108) View 2,camera/510945/178600705,https://public.carsprogram.org/cameras/MN/C30450-v2?1791430860000,,MN 11: T.H.11 (Roosevelt - MP 108),MN 11,,
MN 11: T.H.11 (Roosevelt - MP 108): T.H.11 (Roosevelt - MP 108) View 3,camera/510945/3371822048,https://public.carsprogram.org/cameras/MN/C30450-v3?1791430860000,,MN 11: T.H.11 (Roosevelt - MP 108),MN 11,,
MN 11: T.H.11 (Warroad - MP 87.1): T.H.11 (Warroad - MP 87.1) View 1,camera/511457/1070601720,https://public.carsprogram.org/cameras/MN/C30397-v1?1791430860000,,MN 11: T.H.11 (Warroad - MP 87.1),MN 11,,
MN 11: T.H.11 (Warroad - MP 87.1): T.H.11 (Warroad - MP 87.1) View 2,camera/511457/2184683835,https://public.carsprogram.org/cameras/MN/C30397-v2?1791430860000,,MN 11: T.H.11 (Warroad - MP 87.1),MN 11,,
MN 11: T.H.11 (Warroad - MP 87.1): T.H.11 (Warroad - MP 87.1) View 3,camera/511457/3402459514,https://public.carsprogram.org/cameras/MN/C30397-v3?1791430860000,,MN 11: T.H.11 (Warroad - MP 87.1),MN 11,,
MN 11: T.H.11 (Badger - MP 62): T.H.11 (Badger - MP 62) View 1,camera/510526/1903569031,https://public.carsprogram.org/cameras/MN/C30322-v1?1791430860000,,MN 11: T.H.11 (Badger - MP 62),MN 11,,
MN 11: T.H.11 (Badger - MP 62): T.H.11 (Badger - MP 62) View 2,camera/510526/1721359140,https://public.carsprogram.org/cameras/MN/C30322-v2?1791430860000,,MN 11: T.H.11 (Badger - MP 62),MN 11,,
MN 11: T.H.11 (Badger - MP 62): T.H.11 (Badger - MP 62) View 3,camera/510526/1220455109,https://public.carsprogram.org/cameras/MN/C30322-v3?1791430860000,,MN 11: T.H.11 (Badger - MP 62),MN 11,,
MN 11: T.H.11 (MP 37.7 (Karlstad)): T.H.11 (MP 37.7 (Karlstad)) View 1,camera/510732/689881779,https://public.carsprogram.org/cameras/MN/C30394-v1?1791430860000,,MN 11: T.H.11 (MP 37.7 (Karlstad)),MN 11,,
MN 11: T.H.11 (MP 37.7 (Karlstad)): T.H.11 (MP 37.7 (Karlstad)) View 2,camera/510732/2002307792,https://public.carsprogram.org/cameras/MN/C30394-v2?1791430860000,,MN 11: T.H.11 (MP 37.7 (Karlstad)),MN 11,,
MN 11: T.H.11 (MP 37.7 (Karlstad)): T.H.11 (MP 37.7 (Karlstad)) View 3,camera/510732/3853325169,https://public.carsprogram.org/cameras/MN/C30394-v3?1791430860000,,MN 11: T.H.11 (MP 37.7 (Karlstad)),MN 11,,
MN 11: T.H.11 (MP 37.7 (Karlstad)): T.H.11 (MP 37.7 (Karlstad)) View 4,camera/510732/3213744022,https://public.carsprogram.org/cameras/MN/C30394-v4?1791430860000,,MN 11: T.H.11 (MP 37.7 (Karlstad)),MN 11,,
MN 11: T.H.11 (Donaldson - MP 11): T.H.11 (Donaldson - MP 11) View 1,camera/511458/632204458,https://public.carsprogram.org/cameras/MN/C30321-v1?1791430860000,,MN 11: T.H.11 (Donaldson - MP 11),MN 11,,
MN 11: T.H.11 (Donaldson - MP 11): T.H.11 (Donaldson - MP 11) View 2,camera/511458/188395497,https://public.carsprogram.org/cameras/MN/C30321-v2?1791430860000,,MN 11: T.H.11 (Donaldson - MP 11),MN 11,,
MN 11: T.H.11 (Donaldson - MP 11): T.H.11 (Donaldson - MP 11) View 3,camera/511458/2208439976,https://public.carsprogram.org/cameras/MN/C30321-v3?1791430860000,,MN 11: T.H.11 (Donaldson - MP 11),MN 11,,
MN 9: T.H.9 (Beltrami - MP 212.5): T.H.9 (Beltrami - MP 212.5) View 1,camera/508781/710250799,https://public.carsprogram.org/cameras/MN/C30396-v1?1791430860000,,MN 9: T.H.9 (Beltrami - MP 212.5),MN 9,,
MN 9: T.H.9 (Beltrami - MP 212.5): T.H.9 (Beltrami - MP 212.5) View 2,camera/508781/3913973324,https://public.carsprogram.org/cameras/MN/C30396-v2?1791430860000,,MN 9: T.H.9 (Beltrami - MP 212.5),MN 9,,
MN 9: T.H.9 (Beltrami - MP 212.5): T.H.9 (Beltrami - MP 212.5) View 3,camera/508781/1344831853,https://public.carsprogram.org/cameras/MN/C30396-v3?1791430860000,,MN 9: T.H.9 (Beltrami - MP 212.5),MN 9,,
MN 9: T.H.9 (Murdock - MP 24.5): T.H.9 (Murdock - MP 24.5) View 1,camera/511466/722341049,https://public.carsprogram.org/cameras/MN/C30375-v1?1791430860000,,MN 9: T.H.9 (Murdock - MP 24.5),MN 9,,
MN 9: T.H.9 (Murdock - MP 24.5): T.H.9 (Murdock - MP 24.5) View 2,camera/511466/2061713882,https://public.carsprogram.org/cameras/MN/C30375-v2?1791430860000,,MN 9: T.H.9 (Murdock - MP 24.5),MN 9,,
MN 9: T.H.9 (Murdock - MP 24.5): T.H.9 (Murdock - MP 24.5) View 3,camera/511466/4171995515,https://public.carsprogram.org/cameras/MN/C30375-v3?1791430860000,,MN 9: T.H.9 (Murdock - MP 24.5),MN 9,,
MN 7: T.H.7 EB @ Wooddale Ave,camera/511397/1161250788,https://public.carsprogram.org/cameras/MN/C1282,https://video.dot.state.mn.us/public/C1282.stream/playlist.m3u8,MN 7: T.H.7 EB @ Wooddale Ave,MN 7,,
MN 7: T.H.7 EB @ Louisiana Ave,camera/511562/1789639280,https://public.carsprogram.org/cameras/MN/C1281?1791430860000,,MN 7: T.H.7 EB @ Louisiana Ave,MN 7,,
MN 7: T.H.7 EB @ Texas Ave,camera/511382/3271494720,https://public.carsprogram.org/cameras/MN/C7054,https://video.dot.state.mn.us/public/C7054.stream/playlist.m3u8,MN 7: T.H.7 EB @ Texas Ave,MN 7,,
MN 7: T.H.7 EB @ Blake Rd (Aquila Av),camera/510767/3923011817,https://public.carsprogram.org/cameras/MN/C1280,https://video.dot.state.mn.us/public/C1280.stream/playlist.m3u8,MN 7: T.H.7 EB @ Blake Rd (Aquila Av),MN 7,,
MN 7: T.H.7 EB @ U.S.169,camera/511166/2646668273,https://public.carsprogram.org/cameras/MN/C1279,https://video.dot.state.mn.us/public/C1279.stream/playlist.m3u8,MN 7: T.H.7 EB @ U.S.169,MN 7,45.9896587,-94.6113288
MN 7: U.S.169 NB @ T.H.7,camera/511058/890373658,https://public.carsprogram.org/cameras/MN/C326,https://video.dot.state.mn.us/public/C326.stream/playlist.m3u8,MN 7: U.S.169 NB @ T.H.7,MN 7,45.9896587,-94.6113288
MN 7: T.H.7 WB @ 5th Ave,camera/511309/1194495328,https://public.carsprogram.org/cameras/MN/C7000,https://video.dot.state.mn.us/public/C7000.stream/playlist.m3u8,MN 7: T.H.7 WB @ 5th Ave,MN 7,45.9896587,-94.6113288
MN 7: T.H.7 EB @ 12th Ave,camera/511632/894074980,https://public.carsprogram.org/cameras/MN/C7049,https://video.dot.state.mn.us/public/C7049.stream/playlist.m3u8,MN 7: T.H.7 EB @ 12th Ave,MN 7,,
MN 7: T.H.7 WB @ 17th Ave (Hopkins Xrd),camera/508822/3941498292,https://public.carsprogram.org/cameras/MN/C1278,https://video.dot.state.mn.us/public/C1278.stream/playlist.m3u8,MN 7: T.H.7 WB @ 17th Ave (Hopkins Xrd),MN 7,,
MN 7: T.H.7 EB @ Shady Oak Rd,camera/511443/2259189309,https://public.carsprogram.org/cameras/MN/C1277,https://video.dot.state.mn.us/public/C1277.stream/playlist.m3u8,MN 7: T.H.7 EB @ Shady Oak Rd,MN 7,,
MN 7: I-494 NB @ T.H.7,camera/508661/435285183,https://public.carsprogram.org/cameras/MN/C433,https://video.dot.state.mn.us/public/C433.stream/playlist.m3u8,MN 7: I-494 NB @ T.H.7,MN 7,45.9896587,-94.6113288
MN 7: T.H.7 WB @ Williston Rd,camera/508835/3877149372,https://public.carsprogram.org/cameras/MN/C1276,https://video.dot.state.mn.us/public/C1276.stream/playlist.m3u8,MN 7: T.H.7 WB @ Williston Rd,MN 7,,
MN 7: T.H.7 EB @ Woodland Rd (Tonkawood Rd),camera/511527/3959838128,https://public.carsprogram.org/cameras/MN/C1275,https://video.dot.state.mn.us/public/C1275.stream/playlist.m3u8,MN 7: T.H.7 EB @ Woodland Rd (Tonkawood Rd),MN 7,,
MN 7: T.H.7 EB @ T.H.101,camera/510913/3415853221,https://public.carsprogram.org/cameras/MN/C1274,https://video.dot.state.mn.us/public/C1274.stream/playlist.m3u8,MN 7: T.H.7 EB @ T.H.101,MN 7,45.9896587,-94.6113288
MN 7: T.H.7 WB @ Vine Hill Rd,camera/510792/275330680,https://public.carsprogram.org/cameras/MN/C7035,https://video.dot.state.mn.us/public/C7035.stream/playlist.m3u8,MN 7: T.H.7 WB @ Vine Hill Rd,MN 7,,
MN 7: T.H.7 EB @ Old Market Rd,camera/511135/2897243580,https://public.carsprogram.org/cameras/MN/C1273,https://video.dot.state.mn.us/public/C1273.stream/playlist.m3u8,MN 7: T.H.7 EB @ Old Market Rd,MN 7,,
MN 7: T.H.7 EB @ Christmas Lake Rd,camera/510695/3158746676,https://public.carsprogram.org/cameras/MN/C1272,https://video.dot.state.mn.us/public/C1272.stream/playlist.m3u8,MN 7: T.H.7 EB @ Christmas Lake Rd,MN 7,,
MN 7: T.H.7 EB @ Oak St,camera/508804/618460683,https://public.carsprogram.org/cameras/MN/C1271,https://video.dot.state.mn.us/public/C1271.stream/playlist.m3u8,MN 7: T.H.7 EB @ Oak St,MN 7,45.9896587,-94.6113288
MN 7: T.H.7 EB @ T.H.41,camera/511492/434338480,https://public.carsprogram.org/cameras/MN/C1270,https://video.dot.state.mn.us/public/C1270.stream/playlist.m3u8,MN 7: T.H.7 EB @ T.H.41,MN 7,45.9896587,-94.6113288
MN 7: T.H.7 WB @ Rolling Acres Rd (Smithtown Rd),camera/510766/1285723784,https://public.carsprogram.org/cameras/MN/C30548?1791430860000,,MN 7: T.H.7 WB @ Rolling Acres Rd (Smithtown Rd),MN 7,,
MN 7: T.H.7 WB @ Main St,camera/510482/3471593143,https://public.carsprogram.org/cameras/MN/C30534?1791430860000,,MN 7: T.H.7 WB @ Main St,MN 7,,
MN 7: T.H.7 (New Germany - MP 161): T.H.7 (New Germany - MP 161) View 1,camera/511376/1536235810,https://public.carsprogram.org/cameras/MN/C30319-v1?1791430860000,,MN 7: T.H.7 (New Germany - MP 161),MN 7,,
MN 7: T.H.7 (New Germany - MP 161): T.H.7 (New Germany - MP 161) View 2,camera/511376/3415669665,https://public.carsprogram.org/cameras/MN/C30319-v2?1791430860000,,MN 7: T.H.7 (New Germany - MP 161),MN 7,,
MN 7: T.H.7 (New Germany - MP 161): T.H.7 (New Germany - MP 161) View 3,camera/511376/907616288,https://public.carsprogram.org/cameras/MN/C30319-v3?1791430860000,,MN 7: T.H.7 (New Germany - MP 161),MN 7,,
MN 7: T.H.7 (Silver Lake - MP 155): T.H.7 (Silver Lake - MP 155) View 1,camera/511114/1153450886,https://public.carsprogram.org/cameras/MN/C30299-v1?1791430860000,,MN 7: T.H.7 (Silver Lake - MP 155),MN 7,,
MN 7: T.H.7 (Silver Lake - MP 155): T.H.7 (Silver Lake - MP 155) View 2,camera/511114/3931390853,https://public.carsprogram.org/cameras/MN/C30299-v2?1791430860000,,MN 7: T.H.7 (Silver Lake - MP 155),MN 7,,
MN 7: T.H.7 (Silver Lake - MP 155): T.H.7 (Silver Lake - MP 155) View 3,camera/511114/1785372164,https://public.carsprogram.org/cameras/MN/C30299-v3?1791430860000,,MN 7: T.H.7 (Silver Lake - MP 155),MN 7,,
MN 7: T.H.7 (Silver Lake - MP 155): T.H.7 (Silver Lake - MP 155) View 4,camera/511114/780998403,https://public.carsprogram.org/cameras/MN/C30299-v4?1791430860000,,MN 7: T.H.7 (Silver Lake - MP 155),MN 7,,
MN 7: T.H.7 (Clara City - MP 89): T.H.7 (Clara City - MP 89) View 1,camera/511246/1748342328,https://public.carsprogram.org/cameras/MN/C30318-v1?1791430860000,,MN 7: T.H.7 (Clara City - MP 89),MN 7,,
MN 7: T.H.7 (Clara City - MP 89): T.H.7 (Clara City - MP 89) View 2,camera/511246/3058024635,https://public.carsprogram.org/cameras/MN/C30318-v2?1791430860000,,MN 7: T.H.7 (Clara City - MP 89),MN 7,,
MN 7: T.H.7 (Clara City - MP 89): T.H.7 (Clara City - MP 89) View 3,camera/511246/3812100538,https://public.carsprogram.org/cameras/MN/C30318-v3?1791430860000,,MN 7: T.H.7 (Clara City - MP 89),MN 7,,
MN 6: T.H.6 (Emily - MP 29): T.H.6 (Emily - MP 29) View 1,camera/508752/3708786109,https://public.carsprogram.org/cameras/MN/C30317-v1?1791430860000,,MN 6: T.H.6 (Emily - MP 29),MN 6,,
MN 6: T.H.6 (Emily - MP 29): T.H.6 (Emily - MP 29) View 2,camera/508752/3278978782,https://public.carsprogram.org/cameras/MN/C30317-v2?1791430860000,,MN 6: T.H.6 (Emily - MP 29),MN 6,,
MN 6: T.H.6 (Emily - MP 29): T.H.6 (Emily - MP 29) View 3,camera/508752/2397486207,https://public.carsprogram.org/cameras/MN/C30317-v3?1791430860000,,MN 6: T.H.6 (Emily - MP 29),MN 6,,
MN 5: I-35E SB @ W. 7th St,camera/510683/228523014,https://public.carsprogram.org/cameras/MN/C028,https://video.dot.state.mn.us/public/C028.stream/playlist.m3u8,MN 5: I-35E SB @ W. 7th St,MN 5,45.9896587,-94.6113288
MN 5: T.H.5 EB @ T.H.62,camera/511106/813031027,https://public.carsprogram.org/cameras/MN/C30689,https://video.dot.state.mn.us/public/C30689.stream/playlist.m3u8,MN 5: T.H.5 EB @ T.H.62,MN 5,45.9896587,-94.6113288
MN 5: T.H.5 N-S @ Airport Rd,camera/511107/270321833,https://public.carsprogram.org/cameras/MN/C100,https://video.dot.state.mn.us/public/C100.stream/playlist.m3u8,MN 5: T.H.5 N-S @ Airport Rd,MN 5,,
MN 5: T.H.5 NB @ Post Rd,camera/510619/2839560782,https://public.carsprogram.org/cameras/MN/C30277,https://video.dot.state.mn.us/public/C30277.stream/playlist.m3u8,MN 5: T.H.5 NB @ Post Rd,MN 5,,
MN 5: I-494 EB @ T.H.5,camera/508829/175286646,https://public.carsprogram.org/cameras/MN/C415,https://video.dot.state.mn.us/public/C415.stream/playlist.m3u8,MN 5: I-494 EB @ T.H.5,MN 5,45.9896587,-94.6113288
MN 5: T.H.212 WB W of Wallace Rd,camera/510746/97191044,https://public.carsprogram.org/cameras/MN/C391,https://video.dot.state.mn.us/public/C391.stream/playlist.m3u8,MN 5: T.H.212 WB W of Wallace Rd,MN 5,,
MN 5: T.H.5 EB @ Fuller Rd (Venture Ln),camera/510928/2633131889,https://public.carsprogram.org/cameras/MN/C5017,https://video.dot.state.mn.us/public/C5017.stream/playlist.m3u8,MN 5: T.H.5 EB @ Fuller Rd (Venture Ln),MN 5,,
MN 5: T.H.5 EB @ Eden Prairie Rd,camera/511037/3642735683,https://public.carsprogram.org/cameras/MN/C5016,https://video.dot.state.mn.us/public/C5016.stream/playlist.m3u8,MN 5: T.H.5 EB @ Eden Prairie Rd,MN 5,,
MN 5: T.H.5 WB @ Dell Rd,camera/508844/3724510254,https://public.carsprogram.org/cameras/MN/C5015,https://video.dot.state.mn.us/public/C5015.stream/playlist.m3u8,MN 5: T.H.5 WB @ Dell Rd,MN 5,,
MN 5: T.H.5 EB @ Great Plains Blvd,camera/508622/3391019259,https://public.carsprogram.org/cameras/MN/C5013,https://video.dot.state.mn.us/public/C5013.stream/playlist.m3u8,MN 5: T.H.5 EB @ Great Plains Blvd,MN 5,,
MN 5: T.H.5 EB @ Market Blvd (Co Rd 101 SB),camera/511007/192412617,https://public.carsprogram.org/cameras/MN/C5012,https://video.dot.state.mn.us/public/C5012.stream/playlist.m3u8,MN 5: T.H.5 EB @ Market Blvd (Co Rd 101 SB),MN 5,,
MN 5: T.H.5 WB @ Powers Blvd,camera/508775/4184059913,https://public.carsprogram.org/cameras/MN/C5011,https://video.dot.state.mn.us/public/C5011.stream/playlist.m3u8,MN 5: T.H.5 WB @ Powers Blvd,MN 5,,
MN 5: T.H.5 WB @ Audubon Rd,camera/510427/905437961,https://public.carsprogram.org/cameras/MN/C5010,https://video.dot.state.mn.us/public/C5010.stream/playlist.m3u8,MN 5: T.H.5 WB @ Audubon Rd,MN 5,,
MN 5: T.H.5 EB @ Galpin Blvd,camera/511434/2890098730,https://public.carsprogram.org/cameras/MN/C5009,https://video.dot.state.mn.us/public/C5009.stream/playlist.m3u8,MN 5: T.H.5 EB @ Galpin Blvd,MN 5,,
MN 5: T.H.5 EB @ Century Blvd,camera/510678/1713012309,https://public.carsprogram.org/cameras/MN/C5008,https://video.dot.state.mn.us/public/C5008.stream/playlist.m3u8,MN 5: T.H.5 EB @ Century Blvd,MN 5,,
MN 5: T.H.5 WB @ Bavaria Rd (Rolling Acres Rd),camera/510892/1476585741,https://public.carsprogram.org/cameras/MN/C5006,https://video.dot.state.mn.us/public/C5006.stream/playlist.m3u8,MN 5: T.H.5 WB @ Bavaria Rd (Rolling Acres Rd),MN 5,,
MN 5: T.H.5 WB @ Victoria Dr,camera/510449/2446673426,https://public.carsprogram.org/cameras/MN/C5005,https://video.dot.state.mn.us/public/C5005.stream/playlist.m3u8,MN 5: T.H.5 WB @ Victoria Dr,MN 5,,
MN 5: T.H.5 WB @ Main St,camera/510827/3469364917,https://public.carsprogram.org/cameras/MN/C30535?1791430860000,,MN 5: T.H.5 WB @ Main St,MN 5,,
MN 5: T.H.5 EB @ C.S.A.H.10,camera/510505/4054566451,https://public.carsprogram.org/cameras/MN/C30536?1791430860000,,MN 5: T.H.5 EB @ C.S.A.H.10,MN 5,45.9896587,-94.6113288
MN 3: Robert St SB @ Annapolis St,camera/510630/1626899489,https://public.carsprogram.org/cameras/MN/C3063,https://video.dot.state.mn.us/public/C3063.stream/playlist.m3u8,MN 3: Robert St SB @ Annapolis St,MN 3,,
MN 3: Robert St SB @ Bernard St,camera/511014/155794180,https://public.carsprogram.org/cameras/MN/C3062,https://video.dot.state.mn.us/public/C3062.stream/playlist.m3u8,MN 3: Robert St SB @ Bernard St,MN 3,,
MN 3: Robert St NB @ Butler Ave,camera/509048/2802622584,https://public.carsprogram.org/cameras/MN/C3061,https://video.dot.state.mn.us/public/C3061.stream/playlist.m3u8,MN 3: Robert St NB @ Butler Ave,MN 3,,
MN 3: Robert St NB @ Moreland Ave,camera/510446/3485140722,https://public.carsprogram.org/cameras/MN/C3060,https://video.dot.state.mn.us/public/C3060.stream/playlist.m3u8,MN 3: Robert St NB @ Moreland Ave,MN 3,,
MN 3: Robert St NB @ Emerson Ave,camera/508913/2145659693,https://public.carsprogram.org/cameras/MN/C3059,https://video.dot.state.mn.us/public/C3059.stream/playlist.m3u8,MN 3: Robert St NB @ Emerson Ave,MN 3,,
MN 3: Robert St SB @ Thompson Ave,camera/511446/4146711041,https://public.carsprogram.org/cameras/MN/C3058,https://video.dot.state.mn.us/public/C3058.stream/playlist.m3u8,MN 3: Robert St SB @ Thompson Ave,MN 3,,
MN 3: Robert St NB @ Wentworth Ave,camera/511331/1685128094,https://public.carsprogram.org/cameras/MN/C3057,https://video.dot.state.mn.us/public/C3057.stream/playlist.m3u8,MN 3: Robert St NB @ Wentworth Ave,MN 3,,
MN 3: Robert St SB @ Lothenbach Ave,camera/511612/1304133569,https://public.carsprogram.org/cameras/MN/C3056,https://video.dot.state.mn.us/public/C3056.stream/playlist.m3u8,MN 3: Robert St SB @ Lothenbach Ave,MN 3,,
MN 3: Robert St NB @ Marie Ave,camera/510851/1429526290,https://public.carsprogram.org/cameras/MN/C3055,https://video.dot.state.mn.us/public/C3055.stream/playlist.m3u8,MN 3: Robert St NB @ Marie Ave,MN 3,,
MN 3: Robert St NB @ Crusader Ave,camera/510944/4168783621,https://public.carsprogram.org/cameras/MN/C3054,https://video.dot.state.mn.us/public/C3054.stream/playlist.m3u8,MN 3: Robert St NB @ Crusader Ave,MN 3,,
MN 3: Robert St SB @ Mendota Rd,camera/511591/4012295841,https://public.carsprogram.org/cameras/MN/C3053,https://video.dot.state.mn.us/public/C3053.stream/playlist.m3u8,MN 3: Robert St SB @ Mendota Rd,MN 3,,
MN 3: T.H.3 SB N of T.H.62,camera/510538/2646619076,https://public.carsprogram.org/cameras/MN/C3051,https://video.dot.state.mn.us/public/C3051.stream/playlist.m3u8,MN 3: T.H.3 SB N of T.H.62,MN 3,45.9896587,-94.6113288
MN 3: T.H.3 SB S of T.H.62,camera/510448/2010263673,https://public.carsprogram.org/cameras/MN/C3050,https://video.dot.state.mn.us/public/C3050.stream/playlist.m3u8,MN 3: T.H.3 SB S of T.H.62,MN 3,45.9896587,-94.6113288
MN 3: I-494 EB @ Robert St,camera/511096/3143522436,https://public.carsprogram.org/cameras/MN/C30601,https://video.dot.state.mn.us/public/C30601.stream/playlist.m3u8,MN 3: I-494 EB @ Robert St,MN 3,,
MN 3: T.H.3 SB @ Cliff Rd,camera/511303/4188645163,https://public.carsprogram.org/cameras/MN/C30542?1791430860000,,MN 3: T.H.3 SB @ Cliff Rd,MN 3,,
MN 3: T.H.3 @ Connemara Tr,camera/508668/403838970,https://public.carsprogram.org/cameras/MN/C30543?1791430860000,,MN 3: T.H.3 @ Connemara Tr,MN 3,,
MN 1: T.H.1 (Stony River - MP 311.0): T.H.1 (Stony River - MP 311.0) View 1,camera/510775/4290407469,https://public.carsprogram.org/cameras/MN/C30433-v1?1791430860000,,MN 1: T.H.1 (Stony River - MP 311.0),MN 1,,
MN 1: T.H.1 (Stony River - MP 311.0): T.H.1 (Stony River - MP 311.0) View 2,camera/510775/2038379694,https://public.carsprogram.org/cameras/MN/C30433-v2?1791430860000,,MN 1: T.H.1 (Stony River - MP 311.0),MN 1,,
MN 1: T.H.1 (Stony River - MP 311.0): T.H.1 (Stony River - MP 311.0) View 3,camera/510775/2525364015,https://public.carsprogram.org/cameras/MN/C30433-v3?1791430860000,,MN 1: T.H.1 (Stony River - MP 311.0),MN 1,,
MN 1: T.H.1 (Stony River - MP 311.0): T.H.1 (Stony River - MP 311.0) View 4,camera/510775/3135062440,https://public.carsprogram.org/cameras/MN/C30433-v4?1791430860000,,MN 1: T.H.1 (Stony River - MP 311.0),MN 1,,
MN 1: T.H.1 (Stony River - MP 311.0): T.H.1 (Stony River - MP 311.0) View 5,camera/510775/2678352169,https://public.carsprogram.org/cameras/MN/C30433-v5?1791430860000,,MN 1: T.H.1 (Stony River - MP 311.0),MN 1,,
MN 1: T.H.1 (Ely - MP 275): T.H.1 (Ely - MP 275) View 1,camera/511237/834119653,https://public.carsprogram.org/cameras/MN/C30316-v1?1791430860000,,MN 1: T.H.1 (Ely - MP 275),MN 1,,
MN 1: T.H.1 (Ely - MP 275): T.H.1 (Ely - MP 275) View 2,camera/511237/572364390,https://public.carsprogram.org/cameras/MN/C30316-v2?1791430860000,,MN 1: T.H.1 (Ely - MP 275),MN 1,,
MN 1: T.H.1 (Ely - MP 275): T.H.1 (Ely - MP 275) View 3,camera/511237/1633301223,https://public.carsprogram.org/cameras/MN/C30316-v3?1791430860000,,MN 1: T.H.1 (Ely - MP 275),MN 1,,
MN 1: T.H.1 (Effie - MP 194): T.H.1 (Effie - MP 194) View 1,camera/511447/2715825072,https://public.carsprogram.org/cameras/MN/C30385-v1?1791430860000,,MN 1: T.H.1 (Effie - MP 194),MN 1,,
MN 1: T.H.1 (Effie - MP 194): T.H.1 (Effie - MP 194) View 2,camera/511447/418918323,https://public.carsprogram.org/cameras/MN/C30385-v2?1791430860000,,MN 1: T.H.1 (Effie - MP 194),MN 1,,
MN 1: T.H.1 (Effie - MP 194): T.H.1 (Effie - MP 194) View 3,camera/511447/1715673010,https://public.carsprogram.org/cameras/MN/C30385-v3?1791430860000,,MN 1: T.H.1 (Effie - MP 194),MN 1,,
MN 1: T.H.1 (Shooks - MP 146): T.H.1 (Shooks - MP 146) View 1,camera/510750/3292555445,https://public.carsprogram.org/cameras/MN/C30315-v1?1791430860000,,MN 1: T.H.1 (Shooks - MP 146),MN 1,,
MN 1: T.H.1 (Shooks - MP 146): T.H.1 (Shooks - MP 146) View 2,camera/510750/1159134678,https://public.carsprogram.org/cameras/MN/C30315-v2?1791430860000,,MN 1: T.H.1 (Shooks - MP 146),MN 1,,
MN 1: T.H.1 (Shooks - MP 146): T.H.1 (Shooks - MP 146) View 3,camera/510750/2823833463,https://public.carsprogram.org/cameras/MN/C30315-v3?1791430860000,,MN 1: T.H.1 (Shooks - MP 146),MN 1,,
MN 1: T.H.1 (Goodridge - MP 71.8): T.H.1 (Goodridge - MP 71.8) View 1,camera/511209/3512296363,https://public.carsprogram.org/cameras/MN/C30400-v1?1791430860000,,MN 1: T.H.1 (Goodridge - MP 71.8),MN 1,,
MN 1: T.H.1 (Goodridge - MP 71.8): T.H.1 (Goodridge - MP 71.8) View 2,camera/511209/989748552,https://public.carsprogram.org/cameras/MN/C30400-v2?1791430860000,,MN 1: T.H.1 (Goodridge - MP 71.8),MN 1,,
MN 1: T.H.1 (Goodridge - MP 71.8): T.H.1 (Goodridge - MP 71.8) View 3,camera/511209/193561961,https://public.carsprogram.org/cameras/MN/C30400-v3?1791430860000,,MN 1: T.H.1 (Goodridge - MP 71.8),MN 1,,
MN 1: T.H.1 (Warren - MP 11.5): T.H.1 (Warren - MP 11.5) View 1,camera/510487/993193827,https://public.carsprogram.org/cameras/MN/C30439-v1?1791430860000,,MN 1: T.H.1 (Warren - MP 11.5),MN 1,,
MN 1: T.H.1 (Warren - MP 11.5): T.H.1 (Warren - MP 11.5) View 2,camera/510487/1713238368,https://public.carsprogram.org/cameras/MN/C30439-v2?1791430860000,,MN 1: T.H.1 (Warren - MP 11.5),MN 1,,
MN 1: T.H.1 (Warren - MP 11.5): T.H.1 (Warren - MP 11.5) View 3,camera/510487/3270399457,https://public.carsprogram.org/cameras/MN/C30439-v3?1791430860000,,MN 1: T.H.1 (Warren - MP 11.5),MN 1,,
MN 1: T.H.1 (Warren - MP 11.5): T.H.1 (Warren - MP 11.5) View 4,camera/510487/1824488934,https://public.carsprogram.org/cameras/MN/C30439-v4?1791430860000,,MN 1: T.H.1 (Warren - MP 11.5),MN 1,,
MN 1: T.H.1 (Warren - MP 11.5): T.H.1 (Warren - MP 11.5) View 5,camera/510487/2666447207,https://public.carsprogram.org/cameras/MN/C30439-v5?1791430860000,,MN 1: T.H.1 (Warren - MP 11.5),MN 1,,
County Road 9 (Quaker Ave): U.S.169 SB @ Quaker Ave,camera/511557/2623891399,https://public.carsprogram.org/cameras/MN/C30611,https://video.dot.state.mn.us/public/C30611.stream/playlist.m3u8,County Road 9 (Quaker Ave): U.S.169 SB @ Quaker Ave,County Road 9 (Quaker Ave),,
Kenrick Avenue: I-35 NB @ 210th St (Co Rd 70 - MP 81.9),camera/509802/33153713,https://public.carsprogram.org/cameras/MN/C599,https://video.dot.state.mn.us/public/C599.stream/playlist.m3u8,Kenrick Avenue: I-35 NB @ 210th St (Co Rd 70 - MP 81.9),Kenrick Avenue,,
MnRoad: I-94 WB (MP 199),camera/510596/2678321492,https://public.carsprogram.org/cameras/MN/C793,https://video.dot.state.mn.us/public/C793.stream/playlist.m3u8,MnRoad: I-94 WB (MP 199),MnRoad,,
Salem Road (County Road 25): C.S.A.H.22 EB @ 16th St SW,camera/510773/2470821475,https://public.carsprogram.org/cameras/MN/D6-C014,https://video.dot.state.mn.us/public/D6-C014.stream/playlist.m3u8,Salem Road (County Road 25): C.S.A.H.22 EB @ 16th St SW,Salem Road (County Road 25),,
Unknown: I-535 SB (Blatnik Approach),camera/508802/180356067,https://public.carsprogram.org/cameras/MN/C535-160,https://video.dot.state.mn.us/public/C535-160.stream/playlist.m3u8,Unknown: I-535 SB (Blatnik Approach),Unknown,,
Unknown: T.H.2 EB W of Garfield Ave,camera/508862/3124893110,https://public.carsprogram.org/cameras/MN/C2-216,https://video.dot.state.mn.us/public/C2-216.stream/playlist.m3u8,Unknown: T.H.2 EB W of Garfield Ave,Unknown,,
Unknown: I-535 EB (Blatnik Approach),camera/509078/2749905909,https://public.carsprogram.org/cameras/MN/C535-168,https://video.dot.state.mn.us/public/C535-168.stream/playlist.m3u8,Unknown: I-535 EB (Blatnik Approach),Unknown,,
Unknown: I-94 WB @ Carmichael Rd,camera/511328/2575664600,https://public.carsprogram.org/cameras/MN/C871,https://video.dot.state.mn.us/public/C871.stream/playlist.m3u8,Unknown: I-94 WB @ Carmichael Rd,Unknown,,
